field,fill,clearing,n_buildings,lensA_lifted_stored,lensA_fine_scalar,lensA_twoscale,windows_recomputed,fine_s,update_s,macro_s
fields_L50_s10.npz,open-outside,simp_D0.05,355,0.25072346982624516,0.18875793403504715,0.17725138749654135,2616,11.862558771041222,6.279423292027786,1.3752347460249439
fields_L50_s10.npz,inside-avg,simp_D0.05,355,0.25072346982624516,0.18875793403504715,0.18200565484155606,2616,11.862558771041222,6.279423292027786,1.3700364219257608
fields_L50_s10.npz,open-outside,simp_D0.10,680,0.3426417825860356,0.2679922788684681,0.2578617043482879,3387,11.90544539608527,7.894310478004627,1.4452173790195957
fields_L50_s10.npz,inside-avg,simp_D0.10,680,0.3426417825860356,0.2679922788684681,0.2644520731866097,3387,11.90544539608527,7.894310478004627,1.4151786270085722
fields_L50_s10.npz,open-outside,greedy_D0.05,203,0.22153207633110883,0.18137816428383713,0.17666226088041337,2226,11.863599766045809,5.321175863035023,1.3822076759533957
fields_L50_s10.npz,inside-avg,greedy_D0.05,203,0.22153207633110883,0.18137816428383713,0.18109967689908413,2226,11.863599766045809,5.321175863035023,1.42767562600784
fields_L50_s10.npz,open-outside,greedy_D0.10,524,0.31950161920301057,0.25669532320524535,0.2528206467385239,3205,11.907724273973145,7.435242719016969,1.423981214989908
fields_L50_s10.npz,inside-avg,greedy_D0.10,524,0.31950161920301057,0.25669532320524535,0.25867752673160804,3205,11.907724273973145,7.435242719016969,1.3727464559487998
fields_L100_s10.npz,open-outside,simp_D0.05,355,0.25072346982624516,0.18875793403504715,0.15502347351650714,3867,11.862558771041222,62.02660752495285,1.4045377060538158
fields_L100_s10.npz,inside-avg,simp_D0.05,355,0.25072346982624516,0.18875793403504715,0.1687573902093903,3867,11.862558771041222,62.02660752495285,1.404312661034055
fields_L100_s10.npz,open-outside,simp_D0.10,680,0.3426417825860356,0.2679922788684681,0.22809140970243558,4561,11.90544539608527,72.39561209501699,1.3905374909518287
fields_L100_s10.npz,inside-avg,simp_D0.10,680,0.3426417825860356,0.2679922788684681,0.24631406968127323,4561,11.90544539608527,72.39561209501699,1.3831854910822585
fields_L100_s10.npz,open-outside,greedy_D0.05,203,0.22153207633110883,0.18137816428383713,0.15245810628005152,3677,11.863599766045809,58.98232662805822,1.3936552179511636
fields_L100_s10.npz,inside-avg,greedy_D0.05,203,0.22153207633110883,0.18137816428383713,0.16597219606370472,3677,11.863599766045809,58.98232662805822,1.3775313079822809
fields_L100_s10.npz,open-outside,greedy_D0.10,524,0.31950161920301057,0.25669532320524535,0.2246613719083861,4310,11.907724273973145,65.94707031897269,1.397317097056657
fields_L100_s10.npz,inside-avg,greedy_D0.10,524,0.31950161920301057,0.25669532320524535,0.24194296601863596,4310,11.907724273973145,65.94707031897269,1.3724255089182407
fields_L25_s5.npz,open-outside,simp_D0.05,355,0.25072346982624516,0.18875793403504715,0.18986845357014892,5904,11.862558771041222,3.7944553919369355,1.6267851039301604
fields_L25_s5.npz,inside-avg,simp_D0.05,355,0.25072346982624516,0.18875793403504715,0.19101478509310155,5904,11.862558771041222,3.7944553919369355,1.6744588459841907
fields_L25_s5.npz,open-outside,simp_D0.10,680,0.3426417825860356,0.2679922788684681,0.27616260349539123,8859,11.90544539608527,5.49364083702676,1.6379399549914524
fields_L25_s5.npz,inside-avg,simp_D0.10,680,0.3426417825860356,0.2679922788684681,0.277753585504263,8859,11.90544539608527,5.49364083702676,1.6302560260519385
fields_L25_s5.npz,open-outside,greedy_D0.05,203,0.22153207633110883,0.18137816428383713,0.18959180206367765,4452,11.863599766045809,2.955180889926851,1.704190062941052
fields_L25_s5.npz,inside-avg,greedy_D0.05,203,0.22153207633110883,0.18137816428383713,0.1903625527951026,4452,11.863599766045809,2.955180889926851,1.6458535729907453
fields_L25_s5.npz,open-outside,greedy_D0.10,524,0.31950161920301057,0.25669532320524535,0.2691294608138105,8309,11.907724273973145,5.25428097799886,1.6313393448945135
fields_L25_s5.npz,inside-avg,greedy_D0.10,524,0.31950161920301057,0.25669532320524535,0.2700395695068516,8309,11.907724273973145,5.25428097799886,1.6306796699063852
