r0,c0,rule,n_bldg,cleared_m2,dJ_fine,dP_fine,fine_iters,fine_new,fine_s,dJ_ts50,dJ_lin50,windows50,windows50_s,macro50_s,macro50_iters,dJ_ts100,dJ_lin100,windows100,windows100_s,macro100_s,macro100_iters,seconds
100,300,R20,8,155.984375,-249430.1256419113,-281.6510950933914,13,524,58.78262038505636,-374799.0730613392,-389316.58602893184,87,1.8678381060017275,8.077977846958674,27,-333197.3078685219,-336792.6360115228,33,3.2203606029506773,6.310364848002791,21,78.89731318003032
200,400,R20,9,125.703125,-337878.1715719078,-277.41937042740074,12,397,53.68079798202962,-360694.2640303102,-373318.8905244098,75,1.5317092629848048,8.399102428928018,28,-400428.43967343983,-404214.0753788202,30,3.0967478629900143,6.394084495957941,21,73.7293281959137
400,300,R20,2,99.03125,-402585.3221977018,-261.5568174606717,13,364,58.449080646038055,-568309.4302002223,-592278.5888704406,36,0.8411608270835131,8.268398297019303,28,-488396.0983205406,-492687.727059408,24,3.1332255270099267,6.298882941016927,21,77.61913138104137
400,600,R20,6,91.5,-1147448.994233747,-650.4236898241616,13,299,58.22784167190548,-1111222.003256465,-1154562.9193230849,60,1.2778379829833284,8.884188827010803,30,-1115074.809911989,-1125942.7949633563,32,3.5391319340560585,6.810752468998544,22,79.36731975292787
400,700,R20,6,151.34375,-2777574.017808313,-1609.6372496517229,13,508,58.26288148202002,-3211108.170421565,-3367756.3393958723,72,1.6767676790477708,9.202722982037812,31,-3255442.169125642,-3293055.3243871178,30,3.3579101470531896,6.713312461972237,22,79.83244151296094
500,500,R20,8,145.703125,-2249410.546501559,-1129.6070513595405,13,512,59.53531313594431,-2375838.607721064,-2541692.884111785,67,1.5862845130031928,9.430001339991575,31,-2498758.3868950475,-2557865.1899787914,29,3.393752185977064,6.92502385599073,22,81.50825164606795
500,1100,R20,1,146.328125,-29721836.10712541,-15269.5825583925,17,573,72.90504398907069,-36151013.546097845,-45147181.58592215,42,0.6658201020909473,8.644752176012844,30,-28385454.35773038,-29498874.60457609,24,1.9496296819997951,6.835584443062544,23,91.62078992498571
600,200,R20,6,124.84375,-2256139.34582702,-1622.1953265861632,14,416,63.18986355501693,-2638400.898191172,-2754905.419810424,72,1.4679306308971718,8.88611161801964,30,-2402761.383261406,-2432059.701566837,35,3.345965186017565,6.738758175051771,22,84.246937038959
600,300,R20,8,151.71875,-1137747.024108398,-665.4876777193193,12,515,53.48154655401595,-1230726.7026123973,-1273012.5252892384,88,2.093035251949914,8.984740547952242,30,-1236513.0494494631,-1248398.896557764,34,3.994119579903781,6.6698828820372,22,75.84770214394666
600,500,R20,4,108.9375,-886168.4900742576,-395.15998178156747,11,352,49.65562206704635,-1121765.9454670772,-1171636.698478188,60,1.3886089839506894,8.968441413948312,30,-939892.3428869708,-947904.0249494164,29,3.417666020919569,6.67621873295866,22,70.73334603395779
600,1100,R20,1,151.140625,-12031081.799906308,-5271.932419508246,16,594,72.24065544700716,-14018483.479504252,-16337471.768365605,42,0.6293641220545396,8.74203491397202,29,-6864994.148481937,-7008001.473490023,16,1.4337898569647225,6.765546954004094,22,90.45412826701067
600,1500,R20,10,175.140625,-61148838.635931954,-26417.260057255746,21,576,88.63081682601478,-51995182.96217241,-58257478.56888178,74,2.010686312103644,9.223179898923265,32,-53062485.63284238,-56248802.94058519,29,4.223348579020239,6.824505189084448,23,111.531203291961
700,300,R20,6,132.0,-1700704.3821920338,-1005.0953927524034,13,452,58.46937518694904,-1775757.487938007,-1847642.9714679795,85,1.9249090340454127,9.022243587998672,30,-2014665.5275641088,-2039371.293604793,33,3.7079886589199305,6.789651192026213,22,80.53061557502951
700,600,R20,9,138.828125,-1847406.0748561656,-696.1022874632674,12,458,53.7909874219913,-2149909.995185554,-2269723.205439872,77,1.7999772999901325,9.298136577010157,31,-2129925.3991921707,-2166675.856593447,34,3.6467758710496128,6.955916370032355,23,76.11176337604411
700,900,R20,5,111.625,-3533397.082606347,-1484.9091609704765,13,392,59.10962230991572,-4598930.412456265,-4733227.117867664,75,1.5887302979826927,9.71183469798416,32,-3864858.804037212,-3900354.5373827415,32,3.011574742035009,7.376048545003869,24,81.43242700293195
800,300,R20,6,111.015625,-1477134.6647890932,-861.7030151487631,13,384,58.98304326005746,-1637420.1574907436,-1671447.6092624213,66,1.445804912946187,9.472621231921948,31,-1421623.674226163,-1432829.3509680475,24,2.6952190910233185,7.126052323030308,23,80.34858676197473
800,500,R20,8,80.9375,-1083499.8976007537,-457.005797152255,11,240,49.716731275082566,-1120670.5027090716,-1146596.546320271,75,1.6509841779479757,9.360292350989766,31,-1123512.644452366,-1131604.2905329985,34,3.797628842992708,6.996043847990222,23,72.15730094898026
800,600,R20,6,141.6875,-2358416.469156483,-871.2910001236028,12,486,53.91351805999875,-3028275.327400458,-3260892.386442927,74,1.7047480440232905,9.276856148033405,31,-2818722.0414327104,-2879177.397548131,33,3.566926453029737,7.040366191999056,23,76.12746257602703
800,800,R20,7,120.046875,-2276090.6438168394,-753.9073061194787,12,381,53.302564956014976,-2816324.008551701,-2965315.041462904,68,1.5203441240591928,9.442239101044834,32,-2680527.6833800087,-2722417.5419239243,32,3.3057908409973606,7.185305363964289,23,75.39805025805254
800,1500,R20,5,126.84375,-14481928.66893828,-4763.652074589825,14,470,63.09991047997028,-13410082.161806526,-13971295.556376738,87,2.5176649750210345,9.621302608051336,32,-18630294.403911468,-19116203.124033816,35,5.416821675957181,7.15280929999426,23,88.45514431397896
800,1900,R20,9,225.59375,-50644237.96102959,-17732.72876966055,16,810,68.90610966307577,-67127511.0914241,-75733490.62441859,83,2.656113467994146,9.096337697003037,31,-51224771.29739111,-53667524.175339766,33,5.187270047958009,6.264220442972146,21,92.72905399405865
900,200,R20,4,83.46875,-2172777.2004268197,-1323.123703521585,14,294,62.58702502504457,-2569934.836935883,-2678566.494340539,51,1.002331743016839,9.142840043990873,31,-2492796.5285088043,-2513507.9082621755,25,2.311059432919137,6.825607003062032,23,82.49590559897479
900,400,R20,3,60.125,-720222.7882813206,-328.29544259106285,11,199,49.561477683950216,-897323.2384819823,-915590.7780613736,55,1.152763143996708,9.423229449079372,31,-773963.136139944,-777860.5166574639,23,2.479389581014402,6.974093220080249,23,70.2345081709791
900,1200,R20,8,246.28125,-11184827.657085951,-3228.2857983738195,13,924,58.65772873710375,-13779950.013158638,-15424009.149795512,64,1.5000389120541513,9.86429789790418,33,-13723905.631043527,-14122897.165977685,32,3.916511479998008,7.348064145073295,24,81.94663223193493
900,1600,R20,9,307.65625,-54226541.1475548,-15474.036909577975,14,1134,60.36092531401664,-61536190.02866859,-73445043.43281169,82,2.523741587996483,9.474935536039991,33,-55640103.53940359,-58535121.2094378,34,5.427275012014434,6.800805510021746,23,85.19592781795654
1000,100,R20,2,102.734375,-2756752.917570217,-1830.56808329593,16,359,71.4286607420072,-3006228.1503983526,-3201696.114162637,40,0.6709556630812585,9.357529098982925,31,-2715221.105419904,-2756970.014023004,20,1.7589479699963704,6.60046764195431,22,90.46987094799988
1000,700,R20,10,142.265625,-3064189.358180494,-1020.201075970422,12,470,54.30004163295962,-3446979.150328806,-3628809.623844604,74,1.5928862380096689,9.86710733792279,33,-3611972.271468007,-3672394.723583079,34,3.675062065944076,7.338501528953202,24,77.42357557802461
1000,1200,R20,10,214.953125,-7415246.100345049,-1971.934854824083,13,767,59.25747291499283,-8098353.34522083,-8756446.09536516,78,1.8659106059931216,9.914034457993694,33,-7779647.977694479,-7967755.396456217,35,4.142593307071365,6.997805490042083,23,82.80894099792931
1000,1500,R20,7,263.8125,-17481539.095182523,-4519.589000798751,14,984,63.34207565104589,-17344439.05379381,-20326270.75920181,79,2.2044373070821166,9.631917283986697,32,-22342230.204620443,-23351497.119277257,35,5.269505055970512,7.091950636007823,23,88.16155626496766
1000,1600,R20,4,174.359375,-4354454.027306465,-1184.4036028141195,11,654,50.93237796705216,-13254622.938630717,-15678215.7700771,89,2.7872266260674223,9.113523794920184,30,-2958254.790134596,-2976813.85354966,32,5.225156734930351,6.956358714960516,23,75.65090438304469
1000,2000,R20,8,218.40625,-47427686.093983546,-13610.254397082916,14,782,60.697922910912894,-56214788.97117762,-62450776.04956849,78,2.097449918044731,9.34883939602878,32,-67377106.02555647,-69754052.66270795,33,5.442685640067793,6.833464524941519,23,85.03226484800689
1000,2200,R20,3,942.984375,-752203698.845645,-212316.9959625892,18,3709,80.52440047904383,-775307042.983757,-1617060902.176959,81,1.935792044969276,8.801183765986934,30,-549064607.4234226,-665656673.3442961,30,4.211800439981744,6.8660503280116245,23,103.03060674504376
1000,2400,R20,3,229.78125,-48009640.09408068,-14566.698986046958,15,864,64.44433885393664,-59725269.14028377,-66887362.03114884,79,2.1523092789575458,8.70200636901427,31,-174220845.4706007,-191292636.36652565,29,3.66052216605749,6.439820843981579,22,85.9990360850934
1000,2500,R20,8,295.625,-295623409.04259443,-95815.83669860054,22,1045,98.31960232101846,-264918413.67438668,-321189178.668968,90,2.5451606760034338,9.819549173000269,33,-328330243.09915066,-362140997.9050583,33,4.5817700939951465,6.997184889973141,23,122.95423474395648
1100,1100,R20,12,176.828125,-4923942.91985023,-1322.0436980459915,12,600,54.28247129404917,-5659667.4647886325,-5990140.390339319,75,1.6195897290017456,9.131146911066024,31,-4870310.532076148,-4963108.599684056,33,3.659641579957679,7.121898271958344,23,76.43654881394468
1100,2300,R20,3,203.625,-177199747.94531375,-49496.074864762064,17,761,76.94023719697725,-183288531.10892493,-248567357.3016596,60,1.6675268718972802,9.138550028088504,31,-110300346.10719831,-116785760.21629214,29,4.8077356710564345,6.867120748967864,23,100.11128021695184
1200,1000,R20,9,150.359375,-3542826.914285679,-1055.5211199114246,12,502,54.46194111602381,-4614335.127957554,-4872400.372685006,93,2.0067780460231006,9.325920382980255,31,-4119901.593811213,-4180576.41098845,34,3.4803301088977605,7.087832108954899,23,76.99574772198685
1200,1400,R20,12,189.453125,-5724175.1968055405,-1331.2714086269907,12,652,54.456495580030605,-6958835.995343482,-7647158.812827799,73,1.822819703957066,9.3015534899896,31,-6876632.247088732,-7110413.841085306,28,3.610704423976131,7.036685963044874,23,76.87618320307229
1200,1900,R20,9,250.40625,-19910839.108534284,-4761.678370309596,13,899,57.35173046903219,-21428390.26212984,-25328055.326946825,93,2.775617233011872,9.794508474995382,33,-30558083.292171422,-32859272.951878645,36,5.925164045998827,6.893897527013905,23,83.37120703910477
1200,2300,R20,5,204.8125,-3408322.899030617,-891.5747213648183,11,754,50.25494162901305,-18942184.501872186,-20985904.91224987,67,1.8566536779981109,9.090132597018965,30,-7460480.094955363,-7542583.215162434,30,4.466184744029306,7.123002764070407,23,73.4185770690674
1200,2800,R20,7,266.984375,-35550490.82662657,-9672.742642581194,14,955,60.44567139109131,-80816159.49306288,-92589728.85087603,77,2.885350964963436,8.773015905055217,31,-45969163.68418158,-47470979.30893111,34,6.536321448977105,6.67594441503752,23,85.93133158492856
1300,600,R20,7,118.109375,-2383326.867542086,-997.92368030178,12,383,53.932186927995645,-2739347.131479209,-2835838.342492497,72,1.5458399179624394,9.516555969021285,32,-2743557.1872517485,-2774014.0106571107,33,3.666131734964438,7.191001415019855,23,76.48196467896923
1300,900,R20,6,110.875,-3018111.4848666666,-979.1349502752822,12,381,53.90723878599238,-3265316.794412897,-3417583.404946143,70,1.41340752504766,9.728910155012272,32,-2964033.280443375,-3006462.1210224144,25,2.4652828780235723,7.1317320429952815,23,75.28243158198893
1300,1100,R20,7,155.0625,-3065575.0533993784,-943.6081919538332,12,535,54.09885629499331,-4487112.724228244,-4706302.929397033,76,1.7112094989279285,8.535265072016045,28,-4125922.433928532,-4195802.70308943,33,3.742201765999198,6.762017105007544,22,75.47150580689777
1300,1200,R20,8,170.296875,-6719449.551812187,-1809.2397150698985,12,575,54.217928158002906,-6809747.057844679,-7251749.060124385,81,1.9775637889979407,9.255413227016106,31,-6398275.834771161,-6543064.78759124,29,3.253004004014656,6.75083525700029,22,76.09549855592195
1300,1400,R20,13,229.515625,-9914604.565269362,-2308.254626830593,13,796,58.32037860399578,-12106859.027236044,-13465149.25524011,79,1.8781680000247436,8.989974666037597,30,-10680236.52909552,-11087854.558609191,34,4.425914568011649,7.055050069000572,23,81.3132666090969
1300,1600,R20,8,193.34375,-3663364.24644354,-707.3407656243292,12,692,54.556531535927206,-5014914.970782694,-5405223.397284471,88,2.317966843023896,9.50464237993583,31,-4086384.769796533,-4171915.728023836,35,5.416942607029341,7.081320533063263,23,79.51579518802464
1300,2700,R20,6,228.25,-23186946.94454322,-5849.692247267819,14,870,61.33645027806051,-60353610.52262624,-70891161.06800127,80,2.669299049070105,8.801449974998832,31,-31786210.318751253,-32294576.113238037,33,6.583380069001578,7.202827270957641,24,87.20895013702102
1300,2900,R20,4,244.828125,-57253075.72057053,-15408.924513437862,15,890,64.63208826398477,-76936483.85223578,-86894542.88465753,85,2.7541872449219227,8.973051159991883,32,-58713233.7327946,-60680357.81811528,35,6.477288219961338,6.995639831991866,24,90.45849265391008
1400,400,R20,3,30.21875,-442671.9147757134,-228.89194421937836,12,90,54.3199108550325,-468171.0154427087,-471949.542943285,43,0.7834387259790674,9.257394302985633,31,-455432.4791613735,-456500.3107989774,28,2.487309228046797,6.992947322083637,23,74.46026119403541
1400,600,R20,6,94.15625,-2116268.2899835706,-960.4434170947046,12,303,54.20891015091911,-2072665.9719509592,-2131801.4450198314,70,1.5112298290478066,9.618223260971718,32,-2008858.133834327,-2026578.7833248333,31,3.3054769510636106,7.056661179987714,23,76.33241081296
1400,1100,R20,6,124.140625,-3957068.2868317687,-1321.0443526811982,12,418,54.09111167199444,-4659468.43564825,-4825585.101767395,81,1.739582113106735,8.674985417048447,29,-3948591.083363832,-3987006.266460195,34,3.6442178520374,6.835900326026604,22,75.60617739195004
1400,1400,R20,11,229.8125,-9239520.413576782,-2653.718080773727,13,806,58.68682307796553,-10565986.324913146,-11541740.469703725,86,2.136537729064002,9.594719412038105,32,-11951941.417932233,-12343665.204674168,34,4.45970380899962,7.0848516640253365,23,82.60346192389261
1400,1800,R20,5,234.578125,-3405702.926931467,-651.743033871652,12,870,54.84735814598389,-5994280.423886357,-6760486.502794113,75,2.0565014210296795,9.23406198702287,31,-3563640.738714265,-3643605.503559108,32,5.091732241911814,7.069880472030491,23,78.92574179894291
1400,1900,R20,4,175.953125,-2239383.1536174007,-409.3722481710571,12,666,54.29046678903978,-5944494.788836816,-10597280.533659186,62,2.087406922015361,7.7893185269786045,26,-4270537.343927338,-4428707.14406589,28,4.91747652401682,7.02825463807676,23,76.75483829004224
1400,2100,R20,11,206.90625,-7875830.151931653,-1844.2779784942784,12,707,53.83867339999415,-13876344.576641535,-15381555.645273712,83,2.588015434914269,9.76730015303474,33,-10264881.254860042,-10570862.293911012,34,5.313778183888644,6.965028270962648,23,79.13191915606149
1400,2200,R20,5,105.21875,-11644358.339529252,-2713.3633085550387,13,370,57.69928026199341,-19979675.122704048,-22516870.290007334,68,2.035221275058575,9.487821638933385,32,-11492094.4611444,-11791932.376440242,28,4.539383869036101,7.146236215019599,23,81.53202468901873
1400,2400,R20,8,212.609375,-9317735.868997458,-2193.496585556259,13,772,58.431423983071,-14033615.861433512,-16061697.685511986,81,2.4057317739352584,9.678173335967584,32,-9186285.141614022,-9355353.200979518,30,5.056480074068531,7.0075179090490565,23,83.20469482103363
1400,2600,R20,8,241.96875,-18591809.557732254,-4364.054346356814,13,871,56.31681569991633,-43227198.08059091,-51915375.20877847,78,2.5593717889860272,9.47924520203378,32,-28453110.717884544,-29428083.805542268,33,6.401657986920327,7.095418564975262,23,82.4831185360672
1400,2700,R20,7,183.203125,-11180010.279038029,-2650.4741352059223,13,671,57.5576813040534,-24477013.065609418,-27063470.116656817,81,2.9671189779182896,9.507344258017838,31,-17889006.85716718,-18305817.322335847,33,7.284715414978564,7.056137126986869,23,85.01001111406367
1500,800,R20,4,59.125,-2229124.690847638,-855.7010649254349,12,190,54.18031188403256,-2190187.390613665,-2258844.0207212875,46,0.9015137979295104,9.480924161034636,32,-2108885.641381935,-2125713.832729641,24,2.2221211770083755,6.958726109936833,23,74.36489716300275
1500,1000,R20,8,103.46875,-2617203.683459993,-995.3072427633446,12,332,53.72198370401748,-2738677.817223789,-2784732.6507990025,78,1.640062059974298,9.0905964539852,30,-2529786.573540973,-2545668.50639844,33,3.418059420073405,6.770424450049177,22,75.27821110596415
1500,1300,R20,9,211.1875,-10739415.54603644,-3155.1989602900458,13,732,58.45202996698208,-12265121.70574684,-13174411.29842256,88,2.011517305974849,9.317416277015582,31,-10709030.009125369,-10965492.61805205,35,3.621257042046636,6.727829637937248,22,80.77364437805954
1500,1400,R20,8,164.203125,-14954415.254823305,-4266.5697666822925,13,582,58.95625832409132,-14497630.559602754,-15471802.82031098,78,1.8131936310091987,9.57935665594414,32,-17606650.703501243,-18176418.59072823,35,4.04590540996287,7.02809900091961,23,82.04571213410236
1500,1500,R20,8,234.5625,-20754622.89814168,-5484.881354162239,14,874,62.18977952993009,-25593108.483655524,-28942428.094806805,81,1.7816346829058602,9.196374100982212,31,-13661946.629286485,-14093218.675533336,33,4.028674066066742,7.137011219980195,23,84.97987946192734
1500,2100,R20,6,177.703125,-1100815.589876185,-241.8661325388594,11,644,49.66403428209014,-6551430.070494437,-8147276.9632982835,76,2.208253904012963,8.971418587956578,30,-4360051.830809332,-4457826.35968526,31,5.123982158955187,7.0517238329630345,23,73.6483030540403
1500,2700,R20,10,353.921875,-18006537.69383653,-4036.822542061726,13,1306,56.19813959801104,-30843394.304941528,-36031118.32427,93,3.169189849984832,9.236053250031546,32,-21870795.17360234,-22885791.479229536,33,6.758704928099178,6.90247130789794,23,82.87673740403261
1500,2900,R20,5,277.671875,-57135269.977272205,-14650.99680673943,15,1044,64.69687539699953,-59860970.96765674,-67000696.538771376,78,2.6136522089364007,9.045050251996145,32,-73118042.72083008,-77191999.91353744,34,6.955522352014668,6.870251058950089,23,90.78055613604374
1500,3000,R20,9,223.015625,-56564948.19090068,-15020.383482513049,15,791,65.24718722596299,-94758957.74840678,-123895132.39551765,89,2.854348168009892,8.828286853968166,30,-51812569.68351205,-53690219.7470938,34,6.071415595011786,6.96089536708314,24,90.57607107108925
1500,3400,R20,1,85.140625,-271546.9049007693,-67.74114302750775,12,321,54.42545795708429,-1880155.4708592729,-1993658.3699787487,35,0.7068853600649163,8.956787160946988,29,-2703763.4368177103,-2758708.448752063,20,2.2021871691104025,6.885057528037578,22,73.80368200992234
1600,2900,R20,9,215.390625,-48912584.54894618,-11779.48251759299,15,773,64.01714239292778,-62288589.99981799,-75808646.71128078,80,2.6120708839735016,8.840408995980397,31,-44892294.03773346,-47119654.35650055,34,6.949286879971623,6.995018412941136,24,90.04031323303934
1700,300,R20,1,80.453125,-929076.4014281044,-399.92021861276106,13,281,58.39474848995451,-911849.5487896308,-943785.3249895443,30,0.6134982819203287,9.7929188440321,33,-1058222.733297618,-1065511.7323128078,20,1.6331039810320362,7.220136709045619,24,78.29684139497112
1700,1700,R20,7,197.15625,-15805001.725112306,-4295.693280204186,13,688,57.72682188695762,-24223318.181318942,-26426779.947795752,85,2.9388252639910206,10.404920258908533,34,-18273823.47443417,-18660734.11173933,35,6.251224937965162,7.255061837960966,24,85.20538189797662
1700,1800,R20,9,209.078125,-23947616.93887903,-5956.509670145815,18,706,78.69865576806478,-30238176.04229723,-34350111.455650926,70,2.43759572901763,10.056431059958411,34,-30407425.43963408,-31520723.811423555,29,5.974447095999494,7.156167655950412,24,104.95408627402504
1700,2100,R20,8,261.265625,-2943620.2855873983,-674.0879406231577,11,971,50.5763093798887,-8767041.948638408,-9772785.021253722,81,2.704597269068472,9.868109922041183,33,-6737643.282265272,-6874172.38166904,33,6.044911621953361,7.047347728977911,23,76.86627418291755
1700,2700,R20,8,220.234375,-3973578.201181004,-840.2478117268773,12,816,54.30411945900414,-8086049.955084143,-9562815.092723548,77,2.288689806009643,9.736201034975238,32,-8822458.223765133,-9255356.30434871,35,7.199789430946112,7.210532705066726,23,81.38524951506406
1700,3900,R20,1,8.890625,-78222.42077858253,-36.01288317717406,12,26,54.30016970692668,-84178.97411100045,-84452.30377658646,25,0.3794675800018012,9.67658788501285,32,-80071.29271269144,-80133.36498682956,16,1.244199103908613,7.276324769016355,24,73.5105716449907
1700,4000,R20,1,24.9375,-163126.6968557925,-79.53920439392067,12,83,53.95358968398068,-242486.43369028743,-244445.3743462271,30,0.390864824061282,9.532150364946574,32,-203857.6687328846,-204228.94504384135,16,1.3711704720044509,7.358114794944413,24,73.25211245601531
1700,4200,R20,1,79.625,-519305.5706993799,-276.66423436666423,14,291,63.12070071301423,-1008665.092499479,-1048007.8953180116,36,0.7196480080019683,8.953940517036244,30,-680657.407762663,-687038.3354268186,20,1.772421973058954,7.010581866954453,23,82.23282224894501
1800,2100,R20,6,222.96875,-19209701.52228704,-4499.729802635169,13,834,56.58125169505365,-45809595.0074281,-54254198.30276762,81,2.563166829990223,9.804279342992231,34,-28367396.222654987,-29443362.68107014,32,5.446650518919341,7.129747549071908,24,82.15004740003496
1800,2200,R20,7,229.390625,-9869162.028409865,-2291.301085520738,13,888,58.17414798610844,-20517335.978003845,-23880305.31484108,71,2.031893325969577,9.772570731001906,33,-16438551.59667534,-17088627.535317056,33,5.5560118679422885,6.9706170610152185,23,83.13555532798637
1800,2300,R20,8,234.609375,-17327832.330625717,-4027.116653680765,14,878,61.00199291401077,-26633955.94033665,-34781281.827476405,74,2.1149615349713717,9.332365269074216,32,-20520741.936210427,-21794351.15911779,33,5.002327807946131,7.014349706005305,23,85.07540019403677
1800,2700,R20,6,2299.671875,-35534404.32609936,-7219.446030084708,13,8861,60.11365685099736,-71203709.56201227,-4598506534.4187975,141,4.165680677979253,5.893107951967977,20,-70406793.3475784,-95738250.14424196,51,9.288542513968425,6.414927114034072,21,86.56939454306848
1800,2800,R20,4,183.28125,-18750330.973026138,-4070.126747890222,14,696,60.2772052170476,-28717339.75129967,-40329614.66973408,76,2.3329645469784737,8.92440263403114,30,-16226292.011153152,-17102535.312645372,29,5.307648646063171,6.628940094029531,22,84.07381920702755
1800,2900,R20,6,207.84375,-17149982.16168259,-4167.051512631693,13,816,55.8440763510298,-47111843.03479407,-55326367.03698372,83,2.6321310700150207,8.581981788040139,30,-27569360.530956216,-28310213.83641813,34,5.403953411965631,6.764943241956644,23,79.83731491304934
1800,3000,R20,8,207.953125,-39570423.52441199,-10540.994378874806,14,728,60.403153154067695,-87517211.2620895,-100243842.38959196,69,1.853310406091623,8.962490511010401,32,-39112859.12858359,-39985771.86963489,33,4.547974326997064,6.929358549998142,24,83.32039570889901
1800,3900,R20,2,102.546875,-1018943.4764504404,-447.688512753442,13,361,59.072573568089865,-1132283.8593043513,-1168701.208556367,64,0.3336249470012262,9.329432480968537,32,-1025212.6178530148,-1034524.3918318748,28,1.0552335120737553,7.213161594001576,24,77.65726865897886
1800,4300,R20,1,2114.796875,-19323859.64286049,-22276.99718684517,15,8228,65.39623145991936,-20105137.666202363,-108519004.37879471,117,2.053067862056196,6.860368010937236,24,-18316649.07424066,-22624507.41077838,47,3.648935583070852,6.48455800593365,22,85.0697916840436
1900,2300,R20,8,169.75,-10038801.891817477,-2397.365691201967,12,596,53.328893449972384,-19055596.596694067,-21032744.548497587,78,2.0966881059575826,9.552202668972312,32,-21338870.307526782,-21757490.480364755,34,5.660257959039882,7.4920616609742865,24,78.76556783390697
1900,2600,R20,2,208.65625,-1280495.821106763,-256.21450454269745,11,786,50.15141421998851,-3213974.4626240344,-3546934.3328149123,66,1.590493035968393,9.28032679890748,31,-3941451.136537244,-4044862.262965808,28,4.738920299918391,7.080269814003259,23,73.47345823096111
1900,3000,R20,8,209.359375,-42864824.63098027,-11417.461703751243,14,760,60.019632112002,-66716947.1330954,-75117598.80456385,67,1.8545951710548247,9.47130288905464,33,-32868703.85119573,-33731790.0794946,28,3.7474181259749457,6.963713192963041,24,82.68381108005997
2000,2700,R20,8,223.21875,-26455390.35934284,-5465.0949956786535,14,821,62.22905868501402,-20128645.13464774,-25156932.96848001,77,2.158350095967762,9.084040004061537,31,-20650619.363906316,-22130293.993128832,32,5.530022558057681,7.057456360082142,23,86.68909181002527
2000,3300,R20,1,168.34375,-419569.2840403224,-108.33272010516647,11,674,49.87114688195288,-2685626.163813071,-3304435.163881971,52,1.0618262769421565,8.064432778046466,27,-1689953.0956017273,-1716848.3435693765,24,2.228486391017213,6.770215814001858,22,68.63119326299056
2000,4300,R20,1,1338.46875,-9957463.964109115,-9227.589204174594,14,5176,60.72705557697918,-12111972.440835422,-37659445.73612692,104,1.8431091560050843,7.570543145062402,26,-5963714.654849556,-7487895.562547104,38,3.2771103160921484,6.415959710953757,21,80.44436366599984
2100,2100,R20,1,17.734375,-5176842.943468176,-1373.1527877627568,13,59,58.53495100699365,-6016194.196276615,-6262700.764695339,30,0.9755908229853958,9.42755009001121,32,-3069555.0674486803,-3115500.931850463,16,3.00818106206134,6.84622108808253,23,79.4282784529496
2100,2200,R20,8,254.9375,-87291591.05011496,-22815.16793582104,15,901,68.45595239999238,-110074383.24398649,-126696326.77577087,71,2.357088583055884,10.033192660077477,35,-64439782.55970855,-67726974.27909783,29,4.784928373992443,7.137806194019504,24,93.45944155997132
2100,3000,R20,8,257.5625,-23811697.451998264,-6893.011969699606,14,921,61.37340066593606,-39893746.31450808,-46570560.89507496,71,1.9505891520529983,9.511703270021826,33,-24181632.567981143,-25096575.19114863,34,5.007060050033033,7.095828328980133,24,85.59646660799626
2100,3100,R20,4,106.875,-11047417.243717885,-3340.026680415537,14,362,62.53738517104648,-12824691.439742023,-13727356.326022135,68,1.7553899210179225,9.577704424969852,32,-10749444.789384298,-10960175.505221903,28,3.89530823903624,7.041065805009566,23,85.4425805209903
2100,3400,R20,1,234.09375,-4373654.294967702,-1581.7927881408264,14,878,62.59371521603316,-4709110.477470184,-5111641.069562692,48,0.6617600159952417,9.605146629968658,32,-8338035.988945558,-8873885.564380463,25,1.914513768046163,7.0869286260567605,23,82.51109253405593
2100,4800,R20,1,81.203125,-63032.24343459413,-36.31044735220609,13,298,59.45912407001015,-79435.0721643761,-81672.3707187635,41,0.6608340069651604,8.711611658101901,29,-84322.79046999416,-84954.85653743734,16,1.3628268130123615,7.05462776706554,23,77.8823859699769
2200,3600,R20,1,115.046875,-1264523.6477637896,-494.01006123745685,13,435,58.47014366800431,-1774819.7102087238,-1875280.3112046556,42,0.841940309968777,9.595228374004364,32,-1317073.8329079235,-1334174.2296021334,20,1.8829514449462292,7.411126515013166,24,78.86497874592897
2200,4100,R20,1,104.5,-234965.3317174256,-46.231112511622186,11,374,50.16172469395679,-236503.10044983932,-325942.90194613225,46,0.8621352870250121,7.458853119984269,25,-356471.00195438665,-365519.8325017597,20,1.6402251719264314,6.824559902888723,22,67.58614513999783
2300,2600,R20,7,233.1875,-98528310.7816368,-27827.73823780209,15,829,68.77527705207467,-111411353.14466384,-136524006.525138,85,2.5962944959755987,10.184030382079072,35,-74389376.25567658,-79355054.13684964,34,5.82794115296565,7.210414750035852,24,95.30400046508294
2300,2700,R20,9,330.0625,-24580914.84851924,-6180.760362241345,14,1197,60.65996818197891,-48472607.08152871,-58190171.11820404,95,3.126651108963415,9.893729710020123,34,-38760165.11928347,-40510007.44121429,35,6.22689842293039,7.094604186015204,24,87.61106733395718
2300,3400,R20,3,320.84375,-2365016.967998157,-686.5314187895469,12,1180,54.19007940997835,-3114003.5784446523,-3448262.267870424,73,1.5652375160716474,9.211519617005251,31,-3168590.7574768304,-3246987.9298503734,29,2.885938199935481,7.1307939409744,23,75.63658915203996
2300,3600,R20,1,209.734375,-3848810.9360996378,-1551.5576259270174,14,781,62.54771491501015,-4227649.5391351655,-5294750.475281002,46,1.0182748889783395,9.152184000937268,31,-3914776.397463998,-4114562.842826207,24,2.4484739899635315,6.899414938990958,23,82.70500340498984
2300,4200,R20,1,1106.484375,-2350249.7493329197,-1493.647838442113,13,4246,59.13836873904802,-2984748.8583764536,-4014648.2862585136,101,1.3634542360669002,8.22092385403812,27,-2632140.454238155,-2795530.0559391747,37,2.62056621699594,7.096322350902483,23,79.06893227202818
2400,3000,R20,7,223.625,-5818321.441843141,-1739.5759124329163,13,780,58.171058887965046,-8872123.010869592,-9563697.456788994,91,2.7201608089962974,10.10283296101261,34,-7311923.3904775325,-7473815.3804853875,33,5.320969088003039,7.283081034896895,24,84.22700043395162
2400,3500,R20,1,199.984375,-897997.0853317094,-317.37080086540607,12,736,53.90583466994576,-1697769.0695764204,-1813136.0344098625,53,1.110492856008932,9.2513138219947,31,-1363233.13003693,-1387482.0175341016,25,2.48656623903662,7.061110975919291,23,74.46055203198921
2400,3600,R20,2,247.109375,-2972447.00089722,-1198.1156414085856,13,906,59.625579730956815,-3943488.5512175774,-4451011.022579905,64,1.1066315229982138,9.601513020927086,32,-2474235.7117907885,-2529740.342534238,24,2.024120940943249,7.384751682984643,24,80.35529151605442
2500,3500,R20,1,255.75,-2464737.3109418447,-845.3302615486224,13,953,58.71976600505877,-3719360.767832599,-4190141.1568715,47,0.8666096229571849,9.779574741027318,33,-2887045.913098131,-2957114.2535477737,24,1.9254404429811984,7.405198392923921,24,79.34167084901128
2500,6300,R20,2,278.953125,-11438.921060678793,-22.04869097115093,13,1047,58.92774092301261,-18559.704472898204,-22272.45545088148,64,1.0574128669686615,6.983767783036456,23,-14891.245836971051,-15255.741561891416,24,1.7968093879753724,6.212944684899412,20,75.6147370559629
2600,1900,R20,1,21.15625,-729698.9448409728,-212.18260570983583,12,70,54.31529560999479,-780264.0202535039,-788729.2265288021,25,0.0254133379785344,11.403355760965496,38,-844120.9939524382,-846069.797257006,20,0.5829645099584013,7.627265963004902,25,74.58146319398656
2600,3000,R20,4,273.046875,-8356195.152144981,-3258.5670402074657,13,1026,58.865630979067646,-12691699.826411393,-14490402.646306202,83,2.231863813940436,9.500352396047674,32,-8061769.153047457,-8383218.809683405,33,4.5861616170732304,7.137654911959544,23,82.94430735509377
2600,6400,R20,1,749.078125,-33277.42409583507,-40.3463456498256,14,2885,63.86531115905382,-46717.92679553813,-65807.17321447824,73,0.8519493009662256,6.892389687942341,23,-45347.99916851344,-48756.8706813192,25,1.531291323946789,6.177162934094667,20,79.99264629301615
2600,6500,R20,1,83.390625,-4786.8316689380745,-14.40356775904559,14,313,63.67267839098349,-8248.887839562676,-8995.785666886777,36,0.5298044789815322,6.97713251307141,23,-5916.854137868294,-5987.261025987442,20,1.5009040789445862,6.537001142045483,21,79.8874830439454
2700,3100,R20,3,212.1875,-3328603.670846377,-1313.3633465588714,13,803,58.47581002104562,-4361950.328306421,-4844145.961202303,48,0.8891249280422926,9.300526533043012,31,-3764365.088983906,-3855709.0395813063,25,2.659103268990293,6.95621121104341,23,78.90119546395727
2700,3300,R20,2,120.390625,-780731.9609670122,-251.0912275243474,12,444,54.05926274508238,-909837.0563319788,-945764.304931704,51,0.975990061997436,9.81457888695877,33,-865849.67522345,-874193.7348683763,24,2.076726170955226,7.403532024938613,24,74.95704016392119
2700,4200,R20,1,59.78125,-214723.91864974357,-90.4400783545764,12,204,54.05541144905146,-219953.68014926784,-229288.16045735663,30,0.02975517406594,9.281538204988465,31,-229153.3923448796,-231695.92599649885,16,0.5829344430239871,7.323248257045634,24,71.91491497401148
2700,5800,R20,1,507.96875,-58179.1679162302,-77.44499754981047,14,1942,62.9890074461,-82713.40597005616,-101255.96062025469,60,0.5680514570558444,7.8510870259488,25,-64767.98207701644,-67770.30791015824,25,1.496414318913594,6.768642581999302,21,80.29560495493934
2800,1100,R20,1,2465.21875,-72538828.41606319,-29093.37747241671,17,9647,76.50028887297958,-84025129.21628404,-2254539763.805869,120,1.39118659903761,7.634266701992601,26,-78966281.4472567,-94741516.61205578,41,2.61287394806277,7.284228172968142,24,96.11738263291772
2800,1400,R20,1,199.546875,-4409508.071315584,-1486.5270596111045,13,716,58.41251327598002,-4778405.805155004,-4980446.559708741,52,0.9636228209128604,11.276686439989136,38,-4530922.641365921,-4585159.946042038,28,2.1448181240120903,7.660361810936592,25,81.09093890304212
2800,2000,R20,1,630.328125,-20869456.654547963,-6252.643757618969,15,2430,65.45855448197108,-22302064.961499244,-28262399.65490004,60,0.3975945719284937,12.090611092979088,41,-22393743.938299306,-24126157.894634485,24,1.3862196470145136,7.399827942950651,25,87.3362700130092
2800,3200,R20,1,27.5625,-229612.69474250573,-81.11527920690972,12,96,54.28356590191834,-275436.51261350384,-278084.2936776984,30,0.1252151150256395,9.296499044983648,31,-263209.0442498563,-263890.118814963,16,1.3089608179870993,7.387590661994182,24,73.0275436110096
2900,2900,R20,1,93.234375,-872256.3394043784,-272.0037456306402,12,332,55.32002309896052,-1060840.6639060995,-1097305.9921379192,40,0.504000970046036,10.510747140971944,34,-1095002.6612118096,-1104764.1518778712,25,1.617043923935853,7.569690354983322,24,76.17113745200913
3000,2900,R20,1,39.453125,-388305.2326395648,-126.22595512234555,11,129,49.592040093033575,-445651.4067184399,-451395.02740001655,30,0.4269809438847005,10.136264980072156,34,-436776.7217139008,-438434.5591251055,16,1.1399695629952475,7.328989714034833,24,69.24129547097255
3000,3000,R20,1,711.515625,-7399103.626226587,-2327.2902952088584,15,2781,67.68397925596219,-7535646.293265733,-9278904.007537484,67,0.9407717130379752,10.172821945976466,34,-6952430.170345061,-7417260.121301156,25,1.7835358030861244,7.383565159980208,24,88.60533475200646
3000,5800,R20,1,143.546875,-10568.071963064012,-9.758358387248975,12,521,55.09157884295564,-11870.530837364571,-12469.029167560982,42,0.3763734250096604,7.787512741982937,26,-12181.05939598513,-12359.044491631514,24,1.6893028509803116,6.3921471409266815,21,71.96285391098354
3000,7700,R20,2,259.625,-1656.693158990998,-16.00738479415416,13,974,59.29337511898484,-2228.1607827677,-2567.0906345086914,59,0.9584361780434848,6.39806380297523,21,-2508.62544640262,-2594.1942662474557,25,1.9815929919714108,5.596816168050282,18,74.85917944810353
3100,5600,R20,1,264.296875,-14266.296450849484,-5.387789139421712,12,999,54.42696297704242,-18351.44075950045,-21362.80088547625,42,0.2049306180560961,7.4863796109566465,25,-17812.76878327598,-18441.700489990057,25,1.358556554070674,6.448071432067081,21,70.57003598008305
3200,2100,R20,1,22.953125,-1340460.513289895,-476.3553958370925,15,72,66.66708069900051,-1578160.0652388618,-1599862.881527908,36,0.0726991510018706,11.468123389990067,39,-1474905.222913614,-1479924.1740592506,16,0.8803065250394866,7.791840974008664,26,87.50683509092778
3200,2800,R20,1,286.828125,-7389965.297964521,-2966.9686401033546,15,1089,67.47820999193937,-6770375.700425135,-7789881.539477454,54,0.8183553349226713,9.56201587500982,32,-6142361.258819841,-6324469.165182587,25,1.9923023449955508,7.56718358094804,25,88.04560845100787
3200,2900,R20,1,2386.09375,-41252366.62690066,-17737.07990016319,17,9390,73.30731016793288,-44381323.05394447,-75770944.22045094,112,1.2172454700339586,8.924988321959972,31,-39170934.48768661,-46709181.18340109,41,2.385174656985328,7.180123080965132,24,93.6108177319402
3200,3500,R20,1,37.96875,-202951.2922930547,-82.3862327653538,12,128,53.39098941802513,-227370.8842002376,-231492.5212190607,41,0.6702503379201517,8.941697388072498,30,-177101.18182074276,-177854.15108486085,20,1.850816962076351,7.155113933025859,23,72.62801475205924
3400,3500,R20,1,1717.578125,-12546011.876724968,-6988.239540613957,16,6766,73.16816654696595,-23569092.715790223,-639105708.7388326,93,0.9390103589976206,6.643528682063334,23,-15800182.86033864,-19300375.28285119,35,1.926134345936589,6.940226753009483,23,90.30838816403411
3400,6700,R20,1,99.453125,-1285.7519906903678,-4.6622006414062,12,362,54.712702706921846,-1111.6556181075932,-1154.7617580305018,42,0.5106269409880042,7.099555171094835,23,-777.2688285213665,-782.696588404483,16,1.0941941479686648,6.1569234469207,20,70.2120121109765
3400,7600,R20,1,26.015625,-40.56145368392103,-0.0989571275862745,11,96,49.96420649404172,-38.56317119632489,-39.13788845846026,25,0.4020345760509372,6.009407119941898,20,-29.21809821756992,-29.31495337952515,20,1.39920105796773,5.569930125027895,18,63.99098044994753
3400,7900,R20,1,111.453125,-145.65985879170566,-0.410620125137747,12,401,55.15814716008026,-162.09164731863228,-172.25316288394308,41,0.0389458509162068,6.390094239031896,21,-151.82183583030394,-154.02314651375468,20,0.0672212439822033,5.78576580202207,19,68.07581118296366
3400,9800,R20,1,218.546875,-3980.429690860169,-50.2580100928313,14,824,63.415325435926206,-5720.706339377925,-6271.080246364065,42,0.2917862219037488,7.564707710989751,25,-6287.46084466284,-6497.386733352367,20,1.283826797036454,5.764580918010324,19,78.95943140506279
3500,4500,R20,2,245.296875,-176702.0850694714,-109.24371256033372,14,913,64.09090738603845,-174108.18879415313,-194452.9628796046,47,0.5125169239472598,8.885768087930046,29,-172204.58247102576,-177520.305725937,24,1.4969198829494417,6.851070072967559,22,82.48276512604207
3500,4600,R20,1,242.25,-190045.18674642727,-111.99235931397548,14,913,62.744210123084486,-169807.81081460096,-189896.7271225284,52,0.586720958002843,8.772473816992715,29,-159639.24445342118,-164953.0178111795,20,1.3180415329989046,6.741875287960284,22,80.79222529707476
3500,9700,R20,1,149.796875,-3979.0160548768345,-32.577502404780525,12,588,54.24785429495387,-68235.7911938441,-115173.39576654084,48,0.9914082789327948,6.973439119989052,23,-4089.186274562135,-4275.416209291308,24,2.0415793659631163,5.006574056926183,16,69.90205024997704
3500,10000,R20,2,449.546875,-2545.2487480997465,-32.53879599672493,13,1675,59.02063054800965,-3806.555875873784,-4841.860306934279,61,0.7320318870479241,6.98537179408595,23,-2975.745225166859,-3148.42042160901,25,1.6310561140999198,5.519179434981197,18,74.53863548790105
3600,3700,R20,1,22.15625,-75262.51000029505,-42.37194069399823,12,72,54.37497284996789,-81104.88930907514,-81788.4190626733,30,0.031236883951351,9.65618163207546,32,-79096.60006430958,-79259.99693370613,16,0.1979557339800521,7.285039828973822,24,72.18322911299765
3600,9800,R20,1,12.875,-30.635111486143924,-0.3210341160732773,10,44,46.000406266073696,-90.15802834650776,-90.94989700037368,36,0.4884883189806714,7.190638505038805,24,-192.73385814520768,-193.65898726959256,16,1.2510676860110834,5.238537961035036,17,60.800956327002496
3800,5000,R20,2,584.1875,74348.01944566357,-64.58017597814057,13,2196,59.56222608406097,21308.506422427643,27006.97003648778,81,1.049860805971548,7.214688141946681,24,-29167.49818595904,-32191.10482254849,33,2.529394990997389,5.506750203086995,18,76.53170920989942
3800,10700,R20,1,48.984375,-178.88086871606615,-2.32049201771146,12,169,54.18300178507343,-286.8600508055665,-293.59579810894445,36,0.5118238379945979,6.048221445060335,20,-226.6422394659585,-228.2864907162553,16,1.2723330169683322,5.477531343931332,18,68.1369367360603
3900,10700,R20,1,8.28125,-31.518121553678,-0.4105975744209561,10,25,45.59967951604631,-66.89927793691686,-67.24600857689487,30,0.476652987068519,6.531793647096492,22,-89.21865808676581,-89.65917187315692,16,1.3305160000454634,5.14033569896128,17,59.69699851900805
4000,5200,R20,1,15.734375,-6596.963799014221,-16.81351777218608,13,48,58.62768023798708,-7215.435755404112,-7301.327385969848,30,0.5572621829342097,7.908953425008804,26,-3859.6470696395168,-3868.108890560589,16,1.4931142359273508,6.490877226926386,21,75.72008999402169
4100,10000,R20,1,20.09375,-18.58828574408528,-0.2059183099546861,9,64,41.50492837897036,-29.94638435996428,-30.229134286488595,36,0.340025111916475,7.178542039939202,24,-18.720320076595296,-18.782184880847225,16,0.7955830440623686,5.493388511007652,18,55.95743277098518
4200,10700,R20,1,45.9375,-70.23683010445815,-0.9724845924387542,11,156,49.70434107398614,-74.81053524648239,-75.92683711587159,35,0.0336440240498632,6.863389828009531,23,-64.51433017668313,-64.71966823166105,20,0.4858138780109584,5.684264879091643,19,63.41693388693966
4500,9300,R20,2,808.484375,-4369.329542452977,-47.78985744805533,12,3064,54.44780302105937,-5702.49739961918,-9668.54999745392,93,1.3291616170899945,6.013003626023419,19,-3707.7202244376967,-4405.754722555535,35,2.5493394029326737,5.467736438033171,17,70.45796610903926
4700,10400,R20,1,135.046875,-156.16386237717953,-1.949447777006074,12,495,55.00217078102287,-331.0882353016909,-349.52189056942694,36,0.4139041379094124,6.642826780909672,22,-372.3807390050863,-376.1216652585431,25,1.679424898000434,5.507496549980715,18,69.90421262697782
4800,10100,R20,1,287.40625,-1790.9727456883163,-20.03171054304054,13,1087,58.79755640099757,-1788.983756082356,-2305.178828887295,55,0.8267137110233307,6.37693492800463,21,-1530.8136529587848,-1638.259547990393,25,1.841478651971556,5.514334061997943,18,73.99253025697544
4900,10400,R20,1,29.171875,-206.50494297617144,-3.00448898472171,13,97,58.37070222501643,-207.36995632554155,-209.7661548083169,30,0.3671413009287789,6.829097328940406,23,-213.1637671270118,-213.7729314095867,20,1.3091172479325903,5.654264401993714,19,73.17541814700235
5000,10200,R20,1,113.671875,-507.5216922324305,-6.643415198334374,12,406,55.694882989977486,-550.7296921157943,-573.087738416993,41,0.5626603650161996,6.774026880040765,22,-456.1997390008445,-461.7633259816504,20,1.5083573239389807,5.496546237030998,18,70.67762695404235
5100,10100,R20,1,325.921875,-1033.0829576489232,-13.047968591070958,12,1292,54.54597456404008,-1974.1790489500188,-2183.9436001708445,68,1.1252327569527552,6.386466889060102,21,-1408.949605747877,-1446.365872859701,32,2.3693372529232875,5.588720093015581,18,70.64367092703469
5100,10200,R20,2,99.0,-1211.7355197673885,-16.283064378293332,13,373,58.99660379299894,-1220.4384808826462,-1274.6322198665052,42,0.6441625270526856,6.550381139968522,22,-1068.5284798858208,-1082.6374470312956,16,1.212636481039226,5.605873443069868,18,73.68737122195307
5200,10100,R20,1,325.1875,-5787.475759289985,-81.68765647719081,14,1184,63.783949795062654,-4062.775401061551,-5599.245163277457,68,0.7302123049739748,6.451689727953635,21,-2600.748990529327,-2795.359625336734,29,1.8263017780845985,5.370088573894464,17,78.78138016094454
5500,10100,R20,1,315.359375,-648.3924636144645,-9.285518307389736,14,1180,63.22738224896602,-694.8849242867838,-838.503354920023,58,0.0553296048892661,6.435805646935478,21,-652.0153220434374,-679.8102777494357,25,0.227838869090192,5.588477099896409,18,76.20607214595657
200,500,STRIP,6,136.515625,-1163212.9775287963,-1086.518429720805,14,436,62.756121760001406,-1326268.4775224356,-1374287.7867124963,63,1.2491124829975888,8.587427026010118,29,-1159665.214111257,-1177565.5152903737,24,2.321640795096755,6.366529838065617,21,81.92127340193838
300,500,STRIP,1,31.78125,-237639.1600222967,-156.2972248137637,13,104,58.08649179607164,-265289.9617632425,-269619.0191607712,36,0.8007279140874743,8.604107799939811,29,-296742.3631202774,-297717.2122625977,20,2.1308207489782944,6.699243208975531,22,76.95362804096658
300,700,STRIP,10,184.0,-4185997.116270275,-3127.1695139406256,14,594,62.9844754129881,-4878592.282712808,-5153532.556039335,68,1.5728788239648566,9.268399473978208,31,-4266660.804830665,-4360748.568044318,26,3.136443995987065,6.937532490934245,22,84.55377805395983
400,400,STRIP,11,186.15625,-1778276.293058177,-1048.4415110673951,13,618,58.62579539802391,-1920888.234384012,-2057250.2474223708,78,1.9000243570189923,9.293547936016694,30,-1969849.1368058647,-2015000.577212117,33,4.064642361016013,6.93515082099475,22,81.47129290807061
400,500,STRIP,9,138.25,-1012290.8947097464,-605.3774387212784,12,434,54.17170338809956,-1123905.1388456903,-1170603.357005728,56,1.2333371640415862,9.224689517053775,31,-1165792.3976882622,-1181634.2610202285,24,2.6934884340735152,6.746836430975236,22,74.70952122507151
400,700,STRIP,7,185.0,-3701561.2666166592,-2054.5570545134897,13,613,59.3573486370733,-3740637.898798621,-4058306.5310250376,59,1.4926910849753767,9.355381075991318,31,-3742599.769143498,-3820473.245241628,24,2.9968577480176464,6.881132786977105,22,80.72177610499784
500,200,STRIP,7,142.84375,-2011800.137395236,-1632.0777994389496,14,486,62.46082476095762,-2029526.973274725,-2126692.078576412,58,1.1089151400374249,8.85232873505447,30,-2277512.66993275,-2313128.589296417,24,2.4015692400280386,6.510358507977799,22,81.97327087610029
500,500,STRIP,8,149.203125,-1795399.0117722778,-899.6998811258147,12,483,53.84070105594583,-1980107.2068996264,-2092994.579487816,69,1.621641988051124,9.332954291952774,31,-2083557.9987960916,-2125294.178695299,32,3.8410191510338336,6.832544518983923,22,76.1043248299975
500,600,STRIP,6,135.53125,-1760200.821067907,-849.9641879308172,12,444,54.13413770799525,-1871948.7444887464,-1964384.236972077,65,1.4455372099764645,9.365006373962387,31,-1928657.109575588,-1959309.6286669243,24,2.610975404968485,6.609922778094187,22,74.79459545109421
500,700,STRIP,5,79.40625,-1776371.9791152189,-832.3121946052156,12,251,53.97841247706674,-1698530.3877917882,-1783744.3661762385,50,1.1477286820299923,9.246239976026118,31,-1858673.9392506592,-1882925.0133444355,20,2.172368039027788,6.707159420009702,22,73.90733327309135
500,1200,STRIP,1,1018.859375,-85207538.61706601,-46457.59091606663,22,3997,97.25069128104953,-123011910.74400131,-461004561.1310341,76,1.2164769240189344,7.797733923071064,26,-119200321.91115607,-146047683.7252661,29,2.647045265999622,6.802953517995775,22,116.34688535297757
600,600,STRIP,9,167.46875,-1788104.1605823718,-759.3055528703762,12,532,54.30539848702029,-1973640.430312006,-2061020.3121361656,62,1.3790061860345304,9.471572230919264,32,-1762675.423764402,-1789258.1372021749,28,3.0989822909468785,7.025235777022317,23,75.94583321607206
600,900,STRIP,4,126.53125,-2590672.845084288,-1173.1239384850735,13,434,59.61180572002195,-2991562.7979747117,-3104847.138083616,57,1.180032114032656,9.3775523789227,31,-2615330.473853386,-2640824.3381764684,20,1.8608911209739745,7.119247338036075,23,79.79780058795586
600,1300,STRIP,4,1594.625,-192018919.17301413,-90044.07120370264,21,6144,93.52848734695,-239772615.9050794,-659636745.2044652,108,2.4209654999431223,7.686882162000984,26,-183418051.260748,-210603958.37834844,33,3.609884868026711,7.018630790058523,23,114.8868446550332
600,1400,STRIP,10,181.515625,-64230670.32906724,-27100.15470655728,16,612,70.8826154199196,-60878585.87155672,-69970187.44302021,62,1.6184657210251316,9.771041471976789,32,-59949131.637485296,-62658113.464367375,23,3.3650419029872864,7.037267904030159,23,93.33237719605675
700,700,STRIP,6,168.90625,-2036611.495078002,-761.4668839193413,12,569,55.217785932007246,-2497317.9043386937,-2607259.5474963533,64,1.5005626319907606,9.887483832077123,32,-2377610.749356125,-2416804.246490002,24,2.599349938915111,7.0505822310224175,23,76.90242686204147
700,1000,STRIP,2,45.90625,-3878706.2504309313,-1514.3580715970131,14,166,63.47836888907477,-4193725.4775433335,-4351421.372512325,30,0.6193882580846548,9.494453680003062,31,-3498327.226546256,-3530644.1442466825,16,1.611271835048683,7.22463777998928,23,83.04893544095103
700,1100,STRIP,7,302.609375,-24984478.78782421,-9749.574218057942,15,1123,67.49182717211079,-26576609.61294941,-32565358.28541885,76,1.511306156986393,9.285150681971572,31,-17237247.125957698,-17977904.098001588,28,2.8068096090573817,7.078687197063118,23,88.85691723995842
700,1300,STRIP,6,389.390625,-32755992.57127577,-13375.741124519456,15,1477,67.17067375895567,-35678783.29938963,-43796634.36709635,81,1.9978937309933824,9.105368654010816,30,-35481041.98708105,-36981700.47774032,28,3.554412533063441,7.005771185038611,23,89.46158727793954
700,1400,STRIP,11,183.03125,-16228208.864633735,-5940.668104149093,14,625,63.69340211502277,-18056589.47715058,-19720275.581979368,52,1.4075207540299743,9.704401099006644,32,-19764158.371772915,-20299742.45776693,24,3.1830136249773204,6.94863628607709,23,85.60746619000565
800,200,STRIP,3,225.9375,-2082699.9820605663,-1354.2858378158137,14,868,64.27946694998536,-2755198.346647833,-2892228.596602491,52,1.027136223972775,8.900925648980774,30,-2461935.5104243457,-2491741.7583542345,20,1.9985571240540596,6.718756241025403,22,83.57409864105284
800,700,STRIP,8,195.109375,-2822950.740761023,-979.3009655762052,12,648,55.29644990200177,-3372621.9290196123,-3565219.9757814724,73,1.6587321810657158,9.701417486998253,32,-3056720.0660016006,-3110929.6901389994,31,3.4779173069400717,7.195618349942379,23,77.98957817791961
800,1000,STRIP,5,140.59375,-8559175.75949659,-3156.835124687862,14,474,62.64244186202996,-9344273.833435131,-9851384.758353062,56,1.123219002969563,9.770612630993128,33,-8771327.112818986,-8940446.293910824,24,2.305486773024313,7.214250306016765,24,83.67660276906099
800,1500,STRIP,6,146.53125,-22878732.399493363,-7110.617297702851,15,533,67.50806136999745,-32725739.42722222,-36806159.24439144,48,1.3578506680205464,9.453794257948177,32,-25428383.358257663,-26207692.846684083,24,3.70637778902892,6.947433610097505,23,89.60173826105893
800,1800,STRIP,5,238.65625,-136228121.17550385,-47094.22346064721,21,881,91.87323598202784,-140995898.35689783,-170615144.4485229,62,1.851519710966386,9.735534049919806,32,-113057854.48966455,-120217704.7905272,29,4.970647969050333,7.116258110967465,23,116.16630873805843
800,2000,STRIP,4,124.265625,-42392874.3004883,-15018.05805245234,16,419,71.42434001609217,-43752731.734424695,-45245137.53456356,70,2.1788448919542134,9.887155138072558,33,-43783098.33587794,-45002074.36796954,29,4.777697640005499,7.153110889950767,23,96.0785270659253
900,300,STRIP,8,140.8125,-4105612.7716800496,-2283.051866364778,14,476,63.56969792593736,-4156159.361948979,-4468583.550008134,58,1.1615168220596388,9.431270092027262,31,-4173129.464738699,-4266334.554691791,24,2.5123284260043874,7.187725070049055,23,84.49499713792466
900,900,STRIP,9,202.78125,-7508554.860330772,-2394.900116090037,13,677,59.34858351200819,-7323998.611848521,-7714042.263236461,87,1.91237050795462,10.200957755092531,34,-7566634.7399352435,-7754810.088779554,33,3.473388337995857,7.461402146029286,24,83.02803824201692
900,1000,STRIP,10,176.84375,-6999106.882201685,-2311.066152962292,13,573,59.60720872995444,-8082327.498539055,-8726681.359715808,67,1.4605704830028117,9.9733108029468,33,-7541265.247313995,-7719049.3284505885,33,3.650057550985366,7.740816656965762,24,83.05363425600808
900,1200,STRIP,12,357.234375,-17317148.50420242,-5074.882464765622,13,1292,58.534147848025896,-19331374.409224603,-22022728.48757431,80,1.8274849300505596,9.82922039902769,33,-19213248.167592324,-20099599.029451966,33,3.980991280986928,7.157222566078417,23,81.97179924394004
900,1300,STRIP,10,275.203125,-15370834.523234028,-4540.518817864883,13,951,58.35037185193505,-15773912.648820516,-17322378.04268821,70,1.6036778759444132,9.77810934104491,33,-13499494.191796716,-13958774.408235203,32,3.816055141040124,7.068949500913732,23,81.25496070808731
900,2000,STRIP,8,295.46875,-187134774.83867484,-56010.54778587884,17,1077,75.1650046959985,-202993918.0137294,-250673280.2959237,70,2.119040169985965,9.851385031011889,33,-192402619.85336876,-206269969.26181796,28,4.915288293035701,7.045688286074437,23,99.730484446045
1000,300,STRIP,6,81.5,-1539235.844743153,-788.3704332169997,13,270,58.230749004054815,-1679462.8549510604,-1725468.810854001,55,1.1018630819162354,9.322095953044482,31,-1439568.4824065235,-1448603.277676899,24,2.2294589100638404,6.939553902018815,23,78.46110430604313
1000,600,STRIP,4,98.4375,-2436459.881332591,-928.4280501120896,12,330,55.174778103944845,-2353728.2381987744,-2434778.743679962,59,1.331352974055335,9.64660202700179,32,-2391826.5368874827,-2422757.409507797,28,2.9205822870135307,7.118033439968713,23,76.84680585400201
1000,1100,STRIP,13,341.71875,-12612238.7501624,-3524.9248902361714,13,1180,58.451039926032536,-14508047.442853965,-16196286.855598573,79,1.8112403620034456,10.27896606689319,34,-11719515.501563612,-12222285.626472594,33,3.908440792001784,7.126944585004821,23,82.20822892803699
1000,1300,STRIP,12,205.15625,-8800260.248744562,-2297.834613482195,12,723,53.603005971061066,-10071706.108475711,-10856845.40994723,81,2.0182469240389764,9.87968724698294,33,-9455449.443704702,-9694721.922152905,32,4.016597033943981,7.072428900049999,23,77.27302357298322
1000,1500,STRIP,8,395.78125,-16002795.892573545,-4177.448316260713,13,1515,58.839334122953005,-22187360.04314211,-27399461.18366628,77,2.168657864094712,9.41137432900723,31,-15589567.656648325,-16272557.586939069,29,4.685128177050501,6.875267615891062,22,82.61894460092299
1000,1800,STRIP,7,265.875,-54250300.90318689,-14908.02641082611,14,954,63.357768706046045,-55860692.07147685,-65288389.397268414,67,1.9218657599994915,9.864890562021174,33,-62057618.19675659,-64954983.91476812,24,4.029089058982208,6.853492765920237,23,86.68594491994008
1000,2500,STRIP,3,157.265625,-173312865.24226838,-55878.99972979773,22,571,97.47755700990092,-144214091.61873242,-162176530.257777,56,1.5415596530074254,9.461400249041615,32,-177350694.39070553,-187473857.88972324,26,3.520119424094446,7.046458490076475,23,119.67916934099048
1100,200,STRIP,6,106.3125,-3559676.8197449185,-1899.506703323242,14,368,63.86554942105431,-3794497.374205266,-3995409.293208437,57,1.1120697450824082,9.659565669950098,32,-3670903.2970222672,-3721856.464914828,24,2.194610052974894,7.094621415948495,23,84.56402695004363
1100,600,STRIP,6,136.09375,-5499643.670097878,-1971.6293782140435,13,465,58.95311691903044,-5921493.734641386,-6606284.109008687,64,1.4194941380992532,9.60702328302432,32,-5647608.9418587815,-5828883.395050695,24,2.390232161968015,7.242570520960726,24,80.24590777396224
1100,1300,STRIP,9,249.171875,-9366128.665528018,-2282.132649162524,12,855,54.51871919899713,-11602164.87161358,-13139601.798460102,76,1.905676826951094,9.265850764000788,31,-10435490.859860376,-10969634.073422194,32,4.113387387013063,6.875926564913243,22,77.32582291797735
1100,1400,STRIP,13,396.703125,-15595184.59036206,-3634.333995168375,12,1380,54.262210992048495,-14470426.377634555,-16303931.896323169,94,2.348586795968004,9.87581500702072,33,-14445757.765003288,-15160580.19100032,34,4.528347905026749,7.042041482054628,23,78.68699547997676
1100,1800,STRIP,7,341.421875,-11382396.109585945,-2919.2821050136563,12,1226,53.77688681497239,-15094332.65211367,-16977046.92814022,67,1.735376670025289,9.592459130100906,32,-11478862.39200113,-11739564.426125169,24,3.9012738870223984,6.826801114017144,23,76.48108391999267
1100,2000,STRIP,7,387.359375,-44790645.65456989,-11819.137343704548,14,1407,62.5531774739502,-47230568.6654105,-53313256.78095663,75,1.758016916923225,9.83763302990701,33,-53189720.842650525,-55126557.108988166,28,4.027279288042337,7.118806898011826,23,85.92927553597838
1100,2400,STRIP,11,399.671875,-103385277.97484738,-29275.93984635037,15,1481,67.03634214901831,-239118029.14764687,-341097274.3673439,72,2.293082708027214,9.416442758054473,32,-110199117.23879048,-114585854.3407931,28,4.5183830910827965,7.027235461049713,23,90.9239039970562
1200,200,STRIP,7,109.9375,-1585247.8524010144,-822.5273632540603,13,360,58.36329313192982,-1798971.91409983,-1849499.1640685576,50,0.9676501469220966,9.47987480496522,32,-1720438.3829066623,-1732383.0220752186,24,2.1338865829166025,7.134369086008519,23,78.73958262999076
1200,400,STRIP,7,102.859375,-2153516.734335684,-1059.7389389123205,13,325,59.15235489106272,-2434605.8650707197,-2517997.3213698566,57,1.2058425709838048,9.603213116060942,32,-2184576.630594907,-2206407.508213893,24,2.371870364062488,7.009433679049835,23,80.02441121602897
1200,1100,STRIP,7,149.953125,-4589497.559445771,-1261.5825074475406,12,504,54.4447836818872,-5038652.827396745,-5343567.119539062,56,1.2819385000038892,9.53342278499622,32,-4357112.779496346,-4439637.331365069,24,2.785801782971248,7.040008830022998,23,75.74266109196469
1200,1300,STRIP,5,129.59375,-4604758.9611435495,-1074.1799548995434,12,439,54.15154635102954,-4724901.384445068,-4998164.701873008,59,1.472576747997664,9.73265553091187,32,-4428155.21596078,-4503166.259492812,24,3.074209706974216,7.118902610032819,23,76.18174534698483
1200,1500,STRIP,7,190.28125,-7933500.342797971,-1595.7278850459063,13,684,57.06959077401552,-10498995.519144602,-12397726.18956405,68,1.763494858983904,8.630333940964192,29,-8499281.470041715,-8963962.774316855,28,4.0235049210023135,7.022928567952476,23,79.1489856899716
1300,700,STRIP,6,117.625,-3355548.614274528,-1265.72602986632,12,385,54.10835482005496,-3511736.7104571825,-3657570.872098276,67,1.4478002119576558,9.6818163220305,32,-3139980.5787668545,-3180014.802146469,32,3.392194241983816,7.544163303915411,24,76.8337434399873
1300,1000,STRIP,6,258.296875,-9092898.495606136,-2771.642778473357,13,935,58.49476087198127,-9394923.831233649,-10544145.103129473,63,1.2991051629651338,9.241438549011946,31,-9942074.23206639,-10327921.627163569,28,2.859802752966061,6.998744923970662,23,79.53683011990506
1300,1400,STRIP,10,157.671875,-8458477.211671913,-1909.3448084290396,13,521,58.5954319719458,-9713673.275092209,-10852436.57168926,66,1.6903469930402937,9.09708498697728,30,-8501868.269276466,-8812573.20719371,24,3.2279613920254637,7.043673921027221,23,80.28110501903575
1300,1500,STRIP,7,189.671875,-9067316.861938495,-2144.401328444429,13,686,57.17593181191478,-9929033.610100994,-11280028.192846578,69,1.7531198560027406,8.74889632803388,29,-7763941.655369734,-8068471.536477342,24,3.4077302460791543,6.674655863083899,22,78.38215314701665
1300,2500,STRIP,9,261.28125,-33261235.40354052,-8298.313010188536,14,905,62.23728931706864,-43332178.8659803,-52292148.6684654,72,2.288885784917511,9.239101678016596,31,-30246216.870929614,-31091875.09737154,28,5.161195291089825,7.333205380942672,24,86.90255705697928
1300,2800,STRIP,11,413.578125,-76089664.79828642,-19308.769030626707,15,1508,66.89190626295749,-123130934.07939784,-145576165.08126068,79,2.770076630986296,9.47488523600623,32,-105686191.41332725,-111386514.19876122,33,6.626302859047428,7.247950374032371,24,93.65417509002144
1400,2100,STRIP,16,349.28125,-18128353.175747957,-4150.308757569851,13,1473,58.745285684010014,-36650869.84985691,-46630852.001206815,73,2.1960605600615963,9.545532325049862,32,-21532449.33097117,-23073128.646734424,24,3.694780798978172,7.043802111991681,23,81.88060781499371
1400,2300,STRIP,9,350.296875,-17149536.760656945,-3903.366403405847,13,1243,58.84266680502333,-26144263.244750164,-33480163.366435524,54,1.6298037850065157,9.680874384008348,32,-21096902.523680277,-22592286.018491667,25,4.137503207079135,6.966758462949656,23,81.9202263780171
1400,2600,STRIP,13,556.125,-39886420.961073145,-9479.14512540638,14,1996,62.09854680497665,-75826478.96336333,-101421004.47526032,81,2.8186979179736227,9.797025565989316,32,-49752060.40980245,-53151293.506365895,34,6.773515641922131,7.208166203927249,23,89.35044324491173
1400,3100,STRIP,9,320.09375,-77949885.48029742,-25165.74221932212,16,1192,70.81817498907913,-109620222.91770892,-131932644.2564176,60,1.5710104380268604,9.141094782040454,31,-86352401.75967172,-92856180.27456746,24,3.4549709759885445,7.194576623034664,24,92.80158164701425
1500,900,STRIP,8,231.5,-10246035.581957214,-4116.7746835544895,13,810,58.46902546996717,-9501093.566156585,-10392558.22702635,63,1.2760331080062317,8.62440761202015,29,-10286512.34931932,-10671670.559308851,25,2.3160489270230755,6.697943111998029,22,78.02590590098407
1500,1000,STRIP,8,150.421875,-5211323.459395733,-1875.487960985956,12,494,54.40815288689919,-5283329.834007527,-5437132.24362435,72,1.5060725150397047,9.069270082982255,31,-4771673.720706816,-4824418.597342161,33,3.2759896410861984,7.025705339969136,23,75.90966700902209
1500,1400,STRIP,16,263.328125,-21893620.22777372,-6467.443437542828,13,883,58.89833849098068,-20072625.27378059,-21790577.27334854,73,1.68387317401357,10.254322919994593,34,-22848807.119452216,-23720143.20653738,34,4.105541264056228,7.421658582054079,24,83.00204653397668
1500,1500,STRIP,12,439.5,-41081440.30443026,-10779.815990338626,14,1560,63.222554491017945,-41748632.43064518,-51991076.86038424,76,1.62464487797115,9.721549908048472,32,-34518573.852274805,-36997376.22103906,34,4.086412132019177,7.086277834954672,23,86.38517703698017
1500,1600,STRIP,9,340.21875,-16955455.811801296,-4718.902250080173,13,1211,58.11265431100037,-18698501.736084443,-20721472.92956443,77,1.8791413669241592,10.269023680011742,34,-22932897.68133962,-23953755.30317024,34,4.742388355894946,7.37099332397338,24,83.00525147398002
1500,1700,STRIP,15,460.21875,-31181152.85124683,-7570.990716700929,18,1640,80.14767424494494,-33375844.738604046,-41402624.37143405,75,1.8758296229643747,9.714773713960312,33,-28856523.762674764,-30682626.82510996,34,5.195359688950703,7.041468173963949,23,104.60427944199182
1500,2100,STRIP,9,323.703125,-2772798.966527144,-577.7184889076547,12,1185,54.07048140093684,-11097826.543028507,-13764304.850802615,75,2.168820668011904,9.26255848503206,31,-7345682.807511005,-7626499.401413086,32,5.292116270051338,7.066077711991966,23,78.49919281201437
1500,2300,STRIP,11,299.125,-14752719.327341676,-3279.9397706503787,13,1069,58.57655098300893,-23293065.37092824,-30444294.07738728,79,2.3975436369655654,10.116716691059992,33,-18588290.069006037,-20504905.818571784,33,5.3414469310082495,7.1907613759394735,23,84.27521607198287
1500,2900,STRIP,7,432.34375,-104445581.35960294,-26486.06580266799,15,1594,68.14820359810255,-141235621.9515606,-180800692.34801936,82,2.676401650067419,9.769316927995533,32,-105307339.52371144,-113164895.86597072,33,6.979438941925764,7.536174044013023,24,95.76831089903136
1600,1200,STRIP,9,180.828125,-9048588.123961614,-3245.460062689196,13,614,58.57417744898703,-10292478.121591764,-11167224.394848,64,1.314712218940258,9.853244066936895,33,-8040258.909048414,-8238066.608786963,25,2.5067983419867232,7.396533499006182,24,80.2687244360568
1600,1300,STRIP,9,104.28125,-6461778.849232767,-2100.401347333732,12,332,54.51097152801231,-6024469.434084218,-6255201.862045432,73,1.5124258059076965,9.833096947986633,33,-6693262.989130302,-6786220.568254697,33,3.0512772239744663,7.053967025945894,23,76.62203906197101
1600,1500,STRIP,12,317.21875,-36800460.81242701,-9876.615274355034,19,1152,84.89837076188996,-37387342.30481626,-43951497.9575102,73,1.5643351550679654,9.222916473983789,31,-28014830.4773959,-29319235.36670869,33,3.751586711965501,7.029674910008907,23,107.10845453001092
1600,1600,STRIP,6,190.59375,-8853053.434658328,-2531.284728206673,13,682,58.58653962099925,-18987475.612752102,-20719093.36614276,69,1.5212667060550302,10.297260947991164,34,-12772747.1245428,-13005533.080602655,34,4.744531405041926,7.537172998068854,24,83.31303387705702
1600,2000,STRIP,7,241.796875,-7330463.371702008,-1565.4422897826194,17,881,75.84937502793036,-11288944.544684436,-14116272.661632644,71,2.2248330239672214,9.612358184996992,32,-7442902.336877188,-7747659.5336744655,28,4.986720561049879,7.127692727954127,23,100.43776480993256
1600,2100,STRIP,12,438.234375,-2432085.596721989,-504.3075472726029,11,1561,48.8407505590003,-5881219.88683331,-7737152.459319061,75,2.1067596160573885,8.966197127010673,30,-7439040.703061586,-7986683.348768425,24,4.028401616960764,6.3450158149935305,21,70.91021569597069
1600,2900,STRIP,11,441.78125,-89632183.88857397,-21777.596776492355,15,1589,66.33769059297629,-122109889.3499837,-191162415.97672635,76,2.426406038925052,9.272246759035625,31,-106420071.1631721,-118202776.1995232,24,4.938607916003093,7.238669530954212,24,90.85862875299064
1600,4100,STRIP,2,328.96875,-3666831.041694653,-1834.050371440629,15,1241,68.72259305103216,-4666462.632955106,-5065621.809069077,69,1.2596974229672924,10.353421429987064,33,-4150043.9549203855,-4252276.648209793,29,2.5389456170378253,7.481116330018267,24,91.01508350204676
1700,2400,STRIP,5,269.640625,-516846.49146841344,-105.56357622076386,11,944,49.44495090399869,-2669033.570293632,-3246552.6579041667,59,1.5402225269936023,9.860837865038777,33,-2396042.80373672,-2523052.4924815064,24,3.912090500933118,7.022588009946048,23,72.4210016989382
1700,2900,STRIP,12,480.6875,-99201450.96760143,-23731.68478509769,16,1723,71.46108681405894,-165826279.05753422,-406143548.9380808,78,2.5556114979553968,8.423765828018077,28,-94247410.79636468,-104269223.98892602,32,5.798496978008188,7.465640129055828,24,96.3416069149971
1700,4100,STRIP,1,16.390625,-66187.19707655236,-35.05193960758668,11,50,49.38054155395366,-95883.47574240885,-96467.7417666701,36,0.6064184179995209,8.910390005912632,30,-79185.58058030774,-79306.55086218618,16,1.4430994549766183,6.900770940934308,23,67.8798715340672
1700,4400,STRIP,2,1322.046875,-14388432.313462531,-18801.548359243247,15,5082,67.19238656305242,-12715830.6982999,-62084601.50287973,114,2.203711155918427,6.9229996260255575,23,-10511359.800894748,-12679832.265171926,40,3.524145263945684,6.879207219928503,22,87.35757963603828
1800,1700,STRIP,6,276.46875,-84176139.05590472,-24095.155565879493,20,969,88.42439988104161,-69683245.89470924,-93251604.7198883,54,1.732988870004192,10.53341019898653,35,-54122950.47039824,-59251911.0726786,20,3.4295682290103287,7.352808405063115,24,112.13887305208482
1800,2100,STRIP,10,360.09375,-78650622.78075479,-19104.363610046243,19,1290,84.58771989902016,-88594839.8789187,-104336097.37921771,79,2.7310958459274843,10.50843825598713,35,-84222769.80464047,-90925705.5076457,33,5.971281673992053,7.395901041920297,24,111.82042215391994
1800,2300,STRIP,12,414.984375,-21170419.724464063,-4941.401449292422,13,1465,58.33565061702393,-33302234.935518097,-39446380.01325513,89,2.570634361007251,9.633357445942238,32,-35520613.21764759,-37933957.958398126,33,4.995825460064225,7.134909562999383,23,83.33370595111046
1800,2400,STRIP,2,82.75,-3954777.5533782383,-946.3512434961306,13,296,58.58738960290793,-3992384.199909028,-4358670.063938541,46,1.3822595520177856,9.883891936973669,33,-5730245.851998197,-5949688.101725763,16,2.6597083950182423,6.988440072978847,23,80.14945046196226
1800,2500,STRIP,2,307.25,-780970.8340327961,-161.14132980057497,12,1155,54.0253678499721,-4021337.135471969,-4894986.81172695,64,1.93603273795452,9.697655575932004,32,-3858653.149747335,-4066490.887193694,28,5.295210651005618,7.10906443092972,23,78.70500338892452
1800,2600,STRIP,5,2999.953125,-47272328.51378332,-9662.996923837702,13,11540,59.120748301036656,-73187015.79414584,-4577145129.170617,168,4.05134809599258,6.148748015984893,20,-77281562.1858548,-107945394.79947913,57,8.862969967070967,6.55158500210382,21,85.37402619398199
1800,2700,STRIP,2,2164.390625,-32669703.5521738,-6596.544072977766,14,8389,62.86340474791359,-67039555.74700746,-4528919451.701407,132,3.848990465980023,5.993954088073224,20,-67410171.71937433,-91564391.00876686,50,9.120820086915046,6.519870849093422,21,88.99767759791575
1800,2800,STRIP,8,378.375,-52016464.05799725,-11578.656119936608,15,1377,67.43741679203231,-78010994.24311915,-107973336.99947956,72,2.3403407449368387,9.217837463947944,31,-51190595.221800834,-56572343.49496719,32,5.586253198096529,7.015088035957888,23,92.250047293026
1800,3000,STRIP,9,267.1875,-63625937.73921004,-16963.99749169572,14,922,62.19754478905816,-131085546.87219793,-156876554.38029653,64,1.7092815130017698,9.961991487070918,33,-65410290.94173161,-68375557.65642774,24,3.171567810000852,7.225204301998019,24,84.87333788094111
1800,4300,STRIP,3,4507.328125,-27290514.13229233,-29061.980781262664,14,17448,63.27696076396387,-36137895.1296709,-519183209.2390183,190,2.926435502944514,6.388594473013654,21,-30909277.5502194,-45786169.436596826,59,4.565126950968988,6.362453514942899,20,84.16244674590416
1900,2000,STRIP,8,300.140625,-92153297.77748904,-23980.05094374238,20,1078,88.76146400999278,-109539455.23504455,-127486384.80354244,73,2.157217992004007,11.001013951958155,36,-77211394.34586948,-81769642.07174405,33,5.16248383896891,7.418284769053571,24,115.13987451104911
1900,2800,STRIP,7,234.265625,-24880100.585123934,-5389.781661573248,14,848,63.19049797300249,-30840193.79803548,-37553614.02633993,66,2.010862677008845,9.755479882936925,32,-26095223.454918865,-27259492.38263772,28,4.308317717979662,7.06047337106429,23,86.97097806900274
1900,2900,STRIP,8,192.5625,-42957450.81410496,-10255.430613800763,14,675,62.336712245014496,-68728462.82588083,-86215526.92481849,48,1.4097108289133755,9.577188463998027,32,-45256890.07132359,-47633518.40700964,20,2.802461785962805,7.22263428196311,24,83.96923159703147
1900,3100,STRIP,6,288.890625,-58133798.60055547,-17467.991821386684,15,1095,66.634837097954,-65086623.04836266,-77549803.23052496,53,1.174744768999517,9.83697613805998,33,-56217011.38560957,-59929506.76982468,20,2.391468547983095,7.316432493971661,24,87.9804177590413
1900,4200,STRIP,2,2601.625,-11043247.35691744,-14955.907399957445,14,10010,63.09090973599814,-11933457.891186116,-269764377.59094137,160,2.6910523830447346,6.096842607017607,20,-9841598.809347128,-9875155.124438643,51,4.492028316948563,6.190072079072706,20,83.21501750790048
1900,4400,STRIP,1,1338.46875,-9957463.964109115,-9227.589204174594,14,5176,63.508687933092006,-12111972.440835422,-37659445.73612692,104,1.8497441809158768,7.678404242964461,26,-5963714.654849556,-7487895.562547104,38,3.183952418039553,6.611940928036347,21,83.46430430701002
2000,2000,STRIP,3,162.09375,-26580121.238830198,-7061.732846786264,15,581,66.80167542898562,-25371280.983671505,-27187554.308233514,53,1.3868915690109134,10.015426166006364,34,-22127707.918507643,-22560100.734251164,24,3.3200803590007126,7.256925786030479,24,89.43827359494753
2000,2300,STRIP,11,466.71875,-32640544.81605587,-7908.134066602519,13,1658,58.188464973005466,-75080960.47195664,-90211571.85185412,82,2.128198742051609,10.265303218038753,34,-55421510.62219809,-57870165.45332355,33,5.179722761036828,7.3274057660019025,24,83.73210713802837
2000,2500,STRIP,7,267.15625,-48256480.7527199,-10796.502219988684,14,954,62.87985856493469,-39194234.04929954,-48255057.2029042,79,2.176270012045279,10.471089486032724,35,-40255262.40236214,-45645881.21006691,32,5.11081392201595,7.320315452991053,24,88.58590784401167
2000,2900,STRIP,10,399.0,-33990042.93899287,-7790.647542322849,14,1454,62.38423164898995,-72048300.3932931,-101449401.57312728,75,2.530577510944568,9.459055814077146,32,-52487131.57150792,-56613975.68133499,24,3.983839401975274,7.055130547960289,23,86.06515900499653
2000,3300,STRIP,3,434.140625,-8986578.435281415,-3177.2792394738453,14,1622,63.98373047693167,-10056354.53882766,-11802332.6638933,61,0.727629034081474,8.983824152033776,29,-17283384.249341298,-18212668.15150068,29,2.694123071967624,7.218213188112713,23,84.24690773105249
2000,4200,STRIP,1,1384.46875,-2909068.6382757723,-4094.566882010332,13,5337,58.140788353048265,-3918927.489000747,-230391460.07994625,103,1.9452308540930967,4.793855595984496,16,-4473800.178573228,-4118936.820621232,38,3.366573241073638,6.111135403974913,20,75.00573259405792
2000,4800,STRIP,2,49.375,-57165.56811227468,-34.971497006288566,12,167,53.85894042300061,-60217.85344353602,-61289.49337072708,36,0.5770758669823408,9.175670329015702,30,-70648.88753594103,-70920.5543342971,20,1.6949664199491965,7.081012528971769,23,73.01943963894155
2100,2600,STRIP,11,269.75,-15284155.325859686,-3623.239424775909,13,960,57.64566636597738,-28840721.740633305,-32535661.883939877,68,2.1840537689859048,10.187315583927557,34,-30062089.48994661,-31496963.57500974,24,4.253444110043347,7.451968198060058,24,82.33882203290705
2100,3500,STRIP,1,47.8125,-924279.4356562432,-381.3124481228812,13,165,57.430433103931136,-926834.5899547896,-953560.51673766,30,0.5857832309557125,9.635900763911197,32,-619493.06805158,-623121.7707059688,16,1.5520845160353929,7.191572048934177,24,77.03455236402806
2200,2700,STRIP,11,511.359375,-25161698.081260283,-5871.540086679674,14,1843,62.522588933003135,-62080504.61565493,-78207787.90035181,75,2.434505895944312,9.882395297987388,33,-38834943.1025098,-41423504.30773601,28,5.283727018977515,7.348703176947311,24,88.09357924899086
2200,3000,STRIP,7,225.046875,-44397534.75358238,-12049.039156289666,15,791,67.49287910794374,-58385958.651706986,-79432410.21985185,54,1.6128345959587025,9.553228402975948,32,-36054347.47590022,-38754764.5075913,24,3.8590161859756336,7.431733601959422,24,90.59084436297417
2200,3400,STRIP,2,95.734375,-1468275.710963552,-520.8099129632271,12,329,53.217544690007344,-1645289.3802751915,-1688673.4394496123,58,1.1082059110049158,10.140427849022672,34,-1457642.1527102934,-1468887.8998128872,28,2.650240537011996,7.324256715015508,24,75.08075469196774
2200,3500,STRIP,2,288.5625,-3899863.8661212632,-1447.0857004255845,13,1066,58.42956254503224,-4791962.961548731,-5159959.801098991,74,1.5393148410366848,10.02865771704819,33,-3893833.788317313,-4013366.76896584,28,2.74600043008104,7.447162672993727,24,80.81094650703017
2200,4100,STRIP,1,1061.265625,-2848378.374174837,-1462.8849197431357,13,4071,57.59841959399637,-3773535.986661608,-5120330.835885998,100,1.719513350049965,8.428858720930293,28,-2939708.4157134253,-3153852.4549535643,38,3.0088130549993366,7.273372255964205,23,78.6514697750099
2200,4300,STRIP,1,990.390625,-2241695.2957573687,-1058.1792847804008,13,3801,58.78792138095014,-3828484.961958741,-5231868.795577355,93,1.6319892450701443,8.353987362002954,28,-2816291.584661296,-3040581.020255807,29,2.369712200947106,6.9588605070021,23,78.72468595998362
2300,2500,STRIP,9,207.359375,-69545421.6528892,-19754.061877039312,15,704,66.22463127900846,-75208408.00852156,-90813537.74560373,63,1.8501900570699945,10.41088161501102,35,-58180225.71355456,-61920571.77622004,28,4.262945630005561,7.384681151015684,24,90.76639716001227
2300,3400,STRIP,1,38.359375,-324293.63372020033,-87.43518393551989,11,145,49.33902104396839,-393222.2411715841,-403600.7014122411,35,0.7018056360539049,9.504512640996836,31,-466520.9139610742,-469565.2328374944,16,1.6195453340187669,7.208316463977098,23,69.03042778896634
2400,2500,STRIP,1,28.375,-2643928.938899372,-836.9850167232315,14,106,63.16227626602631,-5529337.702443898,-5885462.243813369,35,0.9283310039900244,9.561946467962116,32,-4174339.214064222,-4227565.953492532,16,2.3183066489873454,7.019766725017689,23,83.64544414205011
2400,2800,STRIP,13,483.125,-51447150.0324356,-14668.311551769682,15,1778,68.34177592094056,-76464967.14052932,-97790861.55803192,74,2.396223842049949,10.180333311087452,34,-42095851.58415692,-45271163.3603981,28,4.942040307912976,7.389079028973356,24,93.90764017298352
2400,3400,STRIP,1,232.78125,-1554886.440398901,-457.30242405743513,12,867,55.50839166797232,-2157434.666049248,-2384420.2999339635,48,0.9993905760347844,8.93638309801463,29,-2012449.571308345,-2051585.316718372,25,2.581502837012522,7.293880891054869,23,75.9526962779928
2400,3600,STRIP,3,448.40625,-5979971.727390687,-2307.512593331859,13,1649,57.98886835493613,-7816045.015630421,-9543031.101835832,71,1.1996319720055908,9.607445916044526,32,-5778838.220046801,-6121920.622184517,28,2.47695035696961,7.111437501036562,23,79.02710175001994
2400,5500,STRIP,1,691.0,-201012.74460544248,-189.9159716832702,15,2658,66.6751704759663,-237334.98181811185,-309169.4826349694,67,0.3064196170307696,8.085218749009073,27,-209189.56916037717,-226050.78597295223,29,0.8077648929320276,6.380122221889906,21,82.9009073699126
2500,2900,STRIP,10,483.84375,-15787271.484038148,-5554.241518850951,13,1740,58.82337509305216,-25004227.58789146,-33415744.635761462,68,1.7549573819851505,9.26320201100316,31,-20934496.694940705,-22073323.78060128,29,4.570923015009612,7.412449078052305,24,82.4858108490007
2600,1100,STRIP,1,324.640625,-7346639.38722514,-2295.058121630341,14,1230,62.48207728902344,-9342287.286860466,-11217687.055525798,52,0.3034702240256592,10.601437995093876,36,-7359899.83333833,-7640382.503794704,20,0.9563266689656302,7.229411078966223,24,82.22283457696903
2600,2800,STRIP,2,41.046875,-1413599.7460905616,-471.7630689779389,12,163,54.903006460051984,-2833001.3454852924,-2972912.6924677268,35,0.8909774390049279,9.35255768604111,31,-969539.9048485024,-974168.3176076292,16,2.41021601005923,7.037666123942472,23,75.23603298095986
2600,4100,STRIP,1,132.09375,-421433.8529618823,-175.1507603517638,12,481,53.968716529081576,-458970.2405456294,-488988.9876296031,41,0.0407625129446387,9.315899990033358,31,-411243.3928108125,-418041.9825535951,24,0.617143228999339,6.921258913935162,23,71.48053190798964
2600,6400,STRIP,1,749.078125,-33277.44514968206,-40.34634759733101,14,2885,62.07506951200776,-46717.92674221828,-65807.17321448003,73,0.8437841410050169,6.948485700995661,23,-45347.999156623264,-48756.870681320055,25,1.5554834799841046,6.142957938020118,20,78.21559993899427
2700,1100,STRIP,1,254.09375,-13327180.459927447,-5058.26594657558,16,955,71.70675729494542,-13186661.524209227,-15237614.322054654,48,0.5827765970025212,10.547329255961811,36,-13438464.017758014,-14043385.76890885,24,1.547088003018871,7.1281504520447925,24,92.15140957094265
2700,1200,STRIP,1,1833.890625,-17076830.439731047,-5637.923500306452,14,7155,63.514322345959954,-39313923.45059336,-976379712.7083048,103,1.064051538007334,7.902862206916325,26,-30002419.21868827,-33080037.33924994,39,2.8075208299560472,7.243868503021076,23,83.19491735298652
2700,3100,STRIP,4,94.0625,-1278020.3705197852,-518.3207674924367,12,319,55.07619995705318,-1992207.073589844,-2110903.4687174805,42,0.7230632869759575,9.080362814944236,30,-1579052.2370213077,-1597765.4833373446,20,2.0033999839797616,6.9993516620015725,23,74.53338684595656
2800,1400,STRIP,4,586.484375,-18421961.819877703,-6100.03963330489,15,2098,67.46443279494997,-20102346.75391212,-22785061.297600094,81,0.875496193068102,11.443480299902149,39,-17922484.297733583,-18821076.372791927,37,2.4228713150369003,7.765784856979735,25,90.63256616704166
2800,5600,STRIP,1,246.796875,-4676.0380762147015,-3.0867459118112195,11,909,48.76471010094974,-9910.488399704824,-12332.27236769442,48,0.6840221229940653,6.446333679952659,22,-18476.342072253326,-19384.90498567193,20,1.463806351996027,6.129389174981043,20,64.14140293200035
2900,2000,STRIP,1,727.890625,-15466843.3438694,-5113.566688619424,15,2812,66.34274011896923,-19053821.96119263,-22111139.009166226,62,0.648560110013932,11.831039256067015,40,-18411762.82445293,-19253540.777069084,29,2.039387729950249,7.659884053980932,25,89.15079954103567
2900,7400,STRIP,1,37.125,-254.32196896375123,-0.85589808656506,12,127,52.144156556925736,-280.0195761218678,-283.99600476965173,36,0.3086388170486316,6.683895517024212,25,-256.05091417818755,-256.953434400694,16,0.7646960970014334,5.355085515999235,20,65.93372945894953
3200,2700,STRIP,1,1239.046875,-16919165.230463624,-6815.450151866226,16,4849,70.91279770596884,-21988605.32797464,-26406543.29059889,83,0.9526482520159334,10.107825741986744,34,-19580084.062110376,-20670957.35501506,30,2.033901892020367,7.388697299989872,24,92.0305409069406
3200,2800,STRIP,1,286.828125,-7389965.297964521,-2966.9686401033546,15,1089,67.68201507395133,-6770375.700425135,-7789881.539477454,54,0.8327381100971252,9.606432158034297,32,-6142361.258819841,-6324469.165182587,25,2.0749197280965745,7.825468513998203,25,88.69587526202668
3200,3900,STRIP,2,167.4375,-539678.5480328274,-247.3824302576068,13,598,58.59695614001248,-588281.6542201916,-633431.8768753498,46,0.0451686379965394,9.762376011931336,32,-553695.0089020011,-565575.2975718675,24,0.0787194460863247,7.249925439944491,24,76.37713889509905
3300,2700,STRIP,1,1239.046875,-16919165.594036926,-6815.450236721331,16,4849,71.71718747296836,-21988605.327693623,-26406543.29059809,83,0.9556307189632208,10.078314504004084,34,-19580084.06185234,-20670957.355015237,30,2.027910629985854,7.232691238052212,24,92.65575588704088
3300,3500,STRIP,2,3456.0625,-16982225.027681876,-9794.17647857204,16,13617,71.29698055807967,-36228557.81906171,-3477168857.8872952,150,1.9259384429315105,6.334420709987171,21,-22580884.37012914,-31591308.339255407,50,2.9167279329849407,6.825429919990711,22,89.95782464998774
3300,4500,STRIP,1,55.859375,-43198.91228177318,-18.039655993228493,11,193,49.50593524402939,-43505.95310296546,-44839.727988142775,35,0.4022820059908554,8.94734581199009,30,-48067.50814847117,-48491.9014204134,20,1.0729808210162446,7.060448684962466,23,67.61993206792977
3400,5000,STRIP,1,59.421875,-14428.660221020642,-4.940029455489884,12,204,54.21860115299933,-10666.724028951015,-11119.66415291408,36,0.6259084919001907,8.342641663039103,28,-11871.887672234929,-12029.346017550411,16,1.1253629210405052,6.694142499007285,22,71.64011775096878
3400,6700,STRIP,1,99.453125,-1285.7702901216655,-4.6622075258249165,12,362,53.47004795295652,-1111.655618215122,-1154.7617580305796,42,0.5266625919612125,6.3673522339668125,23,-777.2688283939281,-782.696588404465,16,1.0122306270059198,5.676473857020028,20,67.68538529402576
3400,7900,STRIP,1,111.453125,-145.65985879170566,-0.410620125137747,12,401,51.83872737002093,-162.09164731863228,-172.25316288394308,41,0.0364075090037658,5.73680037795566,21,-151.82183583030394,-154.02314651375468,20,0.0575661170296371,5.053118770942092,19,63.35106228804216
3400,9600,STRIP,2,3509.6875,-147132.98695307213,-1762.459647542135,15,13819,67.20820862404071,-607973.1906029831,-26284871.87777476,131,1.1322528109885752,4.224534523091279,14,-204901.87269493437,-442931.7227892415,45,2.521380063029937,5.170107166050002,17,80.8808695130283
3500,9700,STRIP,3,299.296875,-5190.227728603223,-43.48009404734854,12,1140,53.89857719396241,-74397.83706906096,-128608.09961493636,70,1.2385022570379078,6.84938545699697,23,-7098.789285549711,-7559.371888338727,28,2.2798124980181456,5.126588031067513,17,70.0352120710304
3700,3700,STRIP,1,19.046875,-62946.79087923157,-35.66540044415115,14,63,62.1843314410653,-63589.80510367336,-64079.55192008604,30,0.045792577904649,9.212402830948122,31,-69023.8938413653,-69154.5691490636,16,0.4421155569143593,7.124478218960576,24,79.64641313801985
3800,10600,STRIP,1,305.15625,-263.2834199660471,-3.5531983962197207,12,1157,53.22960983007215,-507.2597931768669,-604.0729330998182,48,0.1605611779959872,5.830226659076288,21,-666.601872887342,-691.4494298260868,25,0.969290271983482,4.936126639018767,18,65.75163358496502
3800,10900,STRIP,1,604.59375,-16489.450779492818,-214.3264436937144,13,2307,58.63173712196294,-15439.535777238449,-40397.69386156138,77,1.365364149096422,5.571736924001016,19,-8031.814829937105,-9944.78163444138,29,2.2849958849838004,5.235198118025437,17,73.72230989101809
3900,5100,STRIP,1,328.796875,50276.35271315137,-38.20098841581228,13,1257,59.393222628044896,-28453.44746168097,-45075.3488230924,54,0.8200993459904566,6.935334653011523,23,-97410.6624362472,-118259.55651087029,29,2.184902399079874,5.843588370946236,19,75.82763797801454
3900,10900,STRIP,4,790.0,-35116.59595411343,-419.24833357268,14,3373,63.089050153968856,-11777.752347422238,-18950.487173417147,82,0.9129627470392734,6.0897589470259845,20,-10158.783111095028,-11776.060806617072,30,2.089437981019728,5.607178373960778,18,78.43934992793947
3900,11000,STRIP,1,372.03125,-3016.042908783652,-41.46330553578696,13,1809,58.76062540896237,-5836.856750508424,-8875.351789855624,65,0.9560092570027336,6.033556633978151,20,-4987.166369119944,-5562.558640810346,28,2.2531268920283765,5.255135735031217,17,73.88473257201258
4000,4900,STRIP,1,558.859375,-198682.11062202332,-573.9488287072932,15,2113,67.28959951305296,-298481.70214175986,-390009.9051256356,68,0.879377079079859,7.824607526999898,26,-229946.22912847783,-246681.1776764337,30,2.07854552695062,6.4309948770096526,21,85.16250682901591
4000,5100,STRIP,1,256.234375,-171320.49834190492,-300.72743658370115,15,967,66.88880735996645,-188572.34385887763,-219578.6616419975,48,0.6567646840121597,8.611540697980672,29,-227515.1387810088,-239839.73518626235,20,1.5585935920244085,6.58665813494008,22,84.94291199091822
4100,10900,STRIP,2,261.21875,-9311.27399301258,-213.28488492411117,13,955,58.01166583504528,-3172.0158593340147,-3510.287257343866,48,0.6592875089263543,6.943082048906945,23,-2543.25276011918,-2677.7446162085057,22,1.6077997020911423,5.666076279943809,19,73.5568325399654
4200,5300,STRIP,2,926.078125,-416977.19082282594,-984.380191527513,16,3542,71.03377792902756,-386877.8866481932,-541695.2031747464,87,1.436465587001294,7.852239790954627,26,-352532.06737241783,-396367.3101551947,33,2.517350099980831,6.476785624981858,21,89.9541444160277
4400,9100,STRIP,1,95.03125,-180.74301956719816,-2.399808237860129,11,342,47.63000102690421,-192.86124097429456,-200.91413772500928,41,0.27121736202389,5.7277456120355055,21,-170.93238041127185,-172.6769736312371,20,0.7981845829635859,4.980610137921758,19,60.05764502391685
4600,9500,STRIP,1,233.90625,-278.4915628533043,-2.5729996076279606,11,868,49.57797277404461,-535.936132317704,-616.2705125467278,52,0.3914761849446222,5.965004033991136,21,-453.00639143028206,-469.1321015977008,20,0.8970681891078129,5.205573023995385,18,62.66345501306933
4800,10100,STRIP,1,287.40625,-1790.9727456883163,-20.03171054304054,13,1087,58.36783621599898,-1788.983756082356,-2305.178828887295,55,0.7913691669236869,6.2978576719760895,21,-1530.8136529587848,-1638.259547990393,25,1.8374681050190704,5.235029856907204,18,73.21400210692082
5000,9900,STRIP,3,794.09375,-566.824848384544,-7.707007093652665,12,3062,53.61026493203826,-4106.915420418812,-6942.933616721141,67,0.1931988369906321,5.385528514045291,18,-2322.361159281249,-2680.838580889012,33,1.143793358001858,5.173158928984776,17,66.17196222103667
5000,10100,STRIP,2,367.875,-967.5086662105452,-12.155534935835965,12,1346,54.5906071489444,-1218.591787157629,-1369.656758279218,73,0.2731475490145385,6.244355701957829,21,-1105.1947389045508,-1141.9904771309873,33,1.9590813659597188,4.952677943045273,17,68.63871297589503
5100,9900,STRIP,1,397.765625,-317.48852677557016,-4.26397962311723,12,1568,53.97709713096265,-2284.7191827830607,-2948.498899544867,54,0.8587567550130188,5.96123376803007,20,-1270.7862680688872,-1352.7275384347831,29,2.110552613041364,5.194928080076352,17,68.7370304518845
5100,10200,STRIP,3,236.078125,-3344.175165280676,-45.0679981100498,14,870,62.10599909897428,-3340.168061923026,-3796.979107552024,53,0.3839085790095851,6.5662740640109405,22,-2966.330549470356,-3074.782047110004,20,1.1839816380525008,5.383821786032058,18,76.25015359499957
