L_m,stride_m,fill,H_m,corr,macro_unknowns,macro_iters,macro_s,macro_peak_gb,J2_rel_err,P_rel_err,spearman,med_abs_rel,p90_abs_rel,medrel_d0,J2err_d0,J2share_d0,n_d0,medrel_d10,J2err_d10,J2share_d10,n_d10,medrel_d30,J2err_d30,J2share_d30,n_d30,medrel_d100,J2err_d100,J2share_d100,n_d100,medrel_d300,J2err_d300,J2share_d300,n_d300,medrel_d600,J2err_d600,J2share_d600,n_d600
100,25,open-outside,2,U,1681493,38,19.375292198034003,4.879572868347168,-0.0229616050107717,-0.014624866589158,0.9982957913634338,0.0158511159846885,0.0870091835223544,0.2460585474084096,0.8153490444066827,2.6922698769001e-07,36,0.0257553396872271,-0.1648322423331021,0.0003808276260249,445,-0.0697812367998654,-0.1649957141950042,0.0216421936876661,1785,-0.0133533596371585,-0.0338251477226907,0.3218923221500929,4832,-0.0059751369968521,-0.0128643848310526,0.6560834645073272,5545,-0.0091630225615861,-0.0185659739445486,9.228019009025152e-07,2
100,25,open-outside,2,U+chi+w,1681493,38,19.375292198034003,4.879572868347168,-0.0211405028492704,-0.0134370584528874,0.9988531368580807,0.0137959188343849,0.0750626523229385,0.0903090804360278,0.1981174821300257,2.6922698769001e-07,36,0.0057384144474815,-0.2627424016381043,0.0003808276260249,445,-0.0659305691145522,-0.1661070881586651,0.0216421936876661,1785,-0.0131634288482463,-0.0314100826004636,0.3218923221500929,4832,-0.0062109664006897,-0.0111798722379784,0.6560834645073272,5545,-0.0024307897567232,0.0204701403549194,9.228019009025152e-07,2
100,25,open-outside,5,U,269038,25,4.22859299404081,4.559535980224609,-0.0170886615807527,-0.0108493810087334,0.9983322740515428,0.0139099955409037,0.0801393187923556,0.4354280339233854,1.3145956460076964,2.6922698769001e-07,36,0.0931700685025016,-0.0939269049555771,0.0003808276260249,445,-0.0544630674273137,-0.1468108613288352,0.0216421936876661,1785,-0.0079374709767627,-0.0264394805082118,0.3218923221500929,4832,-0.0030088300339756,-0.0081777079822711,0.6560834645073272,5545,-0.0061405696153367,-0.0126645214460802,9.228019009025152e-07,2
100,25,open-outside,5,U+chi+w,269038,25,4.22859299404081,4.559535980224609,-0.0152765182144388,-0.0096656457724203,0.9988936304266816,0.0116876772132818,0.0670250136983894,0.2571012296092697,0.60103894223049,2.6922698769001e-07,36,0.0665574039120948,-0.1977680758608029,0.0003808276260249,445,-0.0500692038050538,-0.1479562622431164,0.0216421936876661,1785,-0.0079839405054809,-0.0240232601047506,0.3218923221500929,4832,-0.0032314551174636,-0.0065028137485743,0.6560834645073272,5545,0.0009697070045171,0.0272595928460812,9.228019009025152e-07,2
100,25,extrapolated,2,U,1681493,38,20.64321346301585,5.62939453125,0.0279417770097312,0.0163406613275569,0.9984938384688532,0.023089123710976,0.0852435710449048,0.561435401211204,2.319256885834942,2.6922698769001e-07,36,0.3292213219178658,0.5861524074870337,0.0003808276260249,445,0.0433407160892741,0.0569135014948829,0.0216421936876661,1785,0.0255033915369667,0.0392342189052263,0.3218923221500929,4832,0.0137683881381229,0.0211207989975372,0.6560834645073272,5545,-0.0020697667643431,-0.0046164371388266,9.228019009025152e-07,2
100,25,extrapolated,2,U+chi+w,1681493,38,20.64321346301585,5.62939453125,0.0297791110414737,0.0174193786028009,0.9990630852622092,0.0220820212878111,0.0761869854372458,0.4071119445338533,0.9827728676494816,2.6922698769001e-07,36,0.2889402531869356,0.3939245449617401,0.0003808276260249,445,0.0474926506673941,0.0560701882436673,0.0216421936876661,1785,0.0257565553053766,0.041738314054291,0.3218923221500929,4832,0.0138486115153195,0.0228325710939383,0.6560834645073272,5545,0.0046675712376529,0.0347297122232781,9.228019009025152e-07,2
100,25,extrapolated,5,U,269038,25,4.178012222982943,4.746565818786621,0.0366850011121306,0.0217248545873141,0.998448540075583,0.0285125856827714,0.1003891258498309,0.8330897615103728,3.243043556062103,2.6922698769001e-07,36,0.4101373924786811,0.7498613844551274,0.0003808276260249,445,0.0627879305676999,0.0899432955115091,0.0216421936876661,1785,0.0329007747625914,0.05068578647817,0.3218923221500929,4832,0.0176600364619188,0.0276437730486664,0.6560834645073272,5545,0.0013450633561872,0.0021030961746064,9.228019009025152e-07,2
100,25,extrapolated,5,U+chi+w,269038,25,4.178012222982943,4.746565818786621,0.0385134467692054,0.0228014353256162,0.999021479488042,0.0275216259210788,0.0923757608704914,0.6008319456436966,1.679796844589208,2.6922698769001e-07,36,0.3755852003261075,0.545226201305048,0.0003808276260249,445,0.0692168784562906,0.0890700779882389,0.0216421936876661,1785,0.0333234373210635,0.0531965286529991,0.3218923221500929,4832,0.0177355889318512,0.029347016433791,0.6560834645073272,5545,0.0084606222023529,0.042359905829288,9.228019009025152e-07,2
100,25,inside-avg,2,U,1681493,38,17.01785183197353,5.215282440185547,0.0215766815570446,0.0119144180369048,0.99862249978997,0.0188241791363711,0.0741815420673378,0.558281150092217,1.9326797072539512,2.6922698769001e-07,36,0.2621824006153076,0.4931817065573181,0.0003808276260249,445,0.0255395131619499,0.0330893476904159,0.0216421936876661,1785,0.0185812405451091,0.0305428467633608,0.3218923221500929,4832,0.00993726278528,0.0165233863917655,0.6560834645073272,5545,-0.0055142335497626,-0.0114019573910394,9.228019009025152e-07,2
100,25,inside-avg,2,U+chi+w,1681493,38,17.01785183197353,5.215282440185547,0.0234277682373145,0.0130107903048515,0.9992030039523082,0.0173058107269186,0.0643153067965991,0.3311454841595896,0.7421350798294251,2.6922698769001e-07,36,0.2167050817893104,0.2759404404765213,0.0003808276260249,445,0.0300443180142145,0.0333564968454742,0.0216421936876661,1785,0.0187878264635994,0.0330429057212466,0.3218923221500929,4832,0.0097644375490357,0.0182359292291132,0.6560834645073272,5545,0.0012203589249597,0.0277912671326761,9.228019009025152e-07,2
100,25,inside-avg,5,U,269038,25,4.070605012937449,4.641322135925293,0.0291911928583008,0.0166417685676945,0.9985972488432758,0.0233128256828228,0.0840455261658829,0.7904234610278089,2.7256732726451323,2.6922698769001e-07,36,0.3404638331621409,0.6273889354787661,0.0003808276260249,445,0.0449695416904831,0.0607032045381628,0.0216421936876661,1785,0.025381627547568,0.0404070453410481,0.3218923221500929,4832,0.013392499274834,0.0223006210538732,0.6560834645073272,5545,-0.0024025274952253,-0.0053025653443629,9.228019009025152e-07,2
100,25,inside-avg,5,U+chi+w,269038,25,4.070605012937449,4.641322135925293,0.0310331911704286,0.0177359368728919,0.9991809103658468,0.022138857599325,0.0755148952240649,0.5643334559348959,1.3443124494236436,2.6922698769001e-07,36,0.2994425630844732,0.3988509182775854,0.0003808276260249,445,0.0493010390649503,0.060959900684411,0.0216421936876661,1785,0.0258125872497481,0.0429112747402811,0.3218923221500929,4832,0.0132130676325238,0.0240042444271062,0.6560834645073272,5545,0.0047101506359227,0.0347852694492798,9.228019009025152e-07,2
50,10,open-outside,2,U,1681493,62,26.86315527895931,5.904059410095215,0.0963847079738948,0.0410515163009768,0.9984133096900136,0.0268838617696765,0.0905991413554202,0.2186050327916122,0.6790893051516982,2.6922698769001e-07,36,0.0291347859187417,-0.1965379219079986,0.0003808276260249,445,-0.003665450967246,-0.013449377861197,0.0216421936876661,1785,0.0217305502813874,0.1007967381764725,0.3218923221500929,4832,0.0257280344563984,0.0980130701970729,0.6560834645073272,5545,-0.0032604577620014,-0.0049014565151922,9.228019009025152e-07,2
50,10,open-outside,2,U+chi+w,1681493,62,26.86315527895931,5.904059410095215,0.0967208434689841,0.0408867073584686,0.9986463729908024,0.025898050115591,0.0892490514273205,0.2118087829438655,0.4477751057612709,2.6922698769001e-07,36,0.0285373638821033,-0.2074627555531012,0.0003808276260249,445,-0.0030477043978021,-0.0157955539823742,0.0216421936876661,1785,0.0213842299344839,0.1009712479927247,0.3218923221500929,4832,0.0254006976741948,0.0985236095787962,0.6560834645073272,5545,-0.0032160893615471,0.0003340077625382,9.228019009025152e-07,2
50,10,extrapolated,2,U,1681493,62,26.52110013901256,5.656846046447754,0.1211999148832805,0.055411457677537,0.9983251891627304,0.0393225972724573,0.1071829522045938,0.542131000162748,1.9814945085019504,2.6922698769001e-07,36,0.2178342250111614,0.3782847615078419,0.0003808276260249,445,0.0419297199036884,0.1053728545281202,0.0216421936876661,1785,0.0386735365724326,0.1372281898190097,0.3218923221500929,4832,0.0333606026267704,0.11370827714653,0.6560834645073272,5545,-0.0011531765237282,-0.0007608055878334,9.228019009025152e-07,2
50,10,extrapolated,2,U+chi+w,1681493,62,26.52110013901256,5.656846046447754,0.1215398788244017,0.055238703886429,0.998554480308744,0.0387582178935616,0.1054504750232277,0.5204231333127098,1.451851174142258,2.6922698769001e-07,36,0.2231494589998344,0.3583110538432736,0.0003808276260249,445,0.042840757776787,0.1031458574779256,0.0216421936876661,1785,0.0384700989122015,0.1374117481694674,0.3218923221500929,4832,0.0330271569266623,0.1142216558930222,0.6560834645073272,5545,-0.0011072358608588,0.00449091057573,9.228019009025152e-07,2
50,10,inside-avg,2,U,1681493,62,23.009267851011828,5.213217735290527,0.1079797682185268,0.0479649573388694,0.9984232751755744,0.0334288848775798,0.0975389747870596,0.458168705468514,1.3865507547532592,2.6922698769001e-07,36,0.1492864078625335,0.031431256436782,0.0003808276260249,445,0.0269169472707516,0.0395847562487718,0.0216421936876661,1785,0.0313732975585496,0.1178468597043356,0.3218923221500929,4832,0.0297244795541392,0.1054389150351586,0.6560834645073272,5545,-0.0029385046253223,-0.0042581492748394,9.228019009025152e-07,2
50,10,inside-avg,2,U+chi+w,1681493,62,23.009267851011828,5.213217735290527,0.1083164660853654,0.0477913266754972,0.9986569935343182,0.0327779642404752,0.0956694502061479,0.4344713803571883,0.9462791787738708,2.6922698769001e-07,36,0.1565304919848386,0.0139049880786197,0.0003808276260249,445,0.0278553629001369,0.0372781580686312,0.0216421936876661,1785,0.0311759651861532,0.1180257712723691,0.3218923221500929,4832,0.0294606544166896,0.1059507639940073,0.6560834645073272,5545,-0.0028940185329815,0.0009794375747762,9.228019009025152e-07,2
200,50,open-outside,2,U,1681493,22,12.66598965600133,5.493660926818848,-0.1214195067863209,-0.0647676733207976,0.9948778359939864,0.0572661586684896,0.1600521352246241,0.228577836228113,0.809957350022801,2.6922698769001e-07,36,0.0214044098308264,-0.1742721059908983,0.0003808276260249,445,-0.1400523039471914,-0.3202253021459394,0.0216421936876661,1785,-0.070101841284585,-0.179029767911572,0.3218923221500929,4832,-0.0370034424863944,-0.0865661619767017,0.6560834645073272,5545,-0.0232263094297562,-0.0477000888094377,9.228019009025152e-07,2
200,50,open-outside,2,U+chi+w,1681493,22,12.66598965600133,5.493660926818848,-0.115776201703268,-0.0612278163844617,0.995920600508765,0.0544267703322428,0.148151406251634,-0.212041833748267,-0.3051320372596801,2.6922698769001e-07,36,-0.0737065415442015,-0.3612696082446378,0.0003808276260249,445,-0.1268506206587183,-0.2971786298798069,0.0216421936876661,1785,-0.0714815435523763,-0.1715753089547051,0.3218923221500929,4832,-0.0364005743598599,-0.0822733594659097,0.6560834645073272,5545,0.0025292634074452,0.0267658406244195,9.228019009025152e-07,2
200,50,extrapolated,2,U,1681493,22,12.834037218010051,5.403502464294434,-0.0368113700123351,-0.0137800266853164,0.9969705237859856,0.0206068005175962,0.1071457050818197,0.5626389612160694,2.0397188144149685,2.6922698769001e-07,36,0.3057146553247632,0.6434544564719227,0.0003808276260249,445,0.0150607399987366,0.0167180732321809,0.0216421936876661,1785,-0.0054887280599263,-0.0594227894195842,0.3218923221500929,4832,-0.0052403137261721,-0.0278790742962532,0.6560834645073272,5545,-0.0214633647432403,-0.0442622916888429,9.228019009025152e-07,2
200,50,extrapolated,2,U+chi+w,1681493,22,12.834037218010051,5.403502464294434,-0.0308255012519702,-0.0104209118111919,0.9979254515047196,0.0186995847802583,0.0906849405313791,-0.0405025582681293,0.0467395049296135,2.6922698769001e-07,36,0.1706570355852832,0.2402722405550241,0.0003808276260249,445,0.0309876536666891,0.045377388185124,0.0216421936876661,1785,-0.0031075290942821,-0.0512098489397108,0.3218923221500929,4832,-0.0030816556138182,-0.0234955672653999,0.6560834645073272,5545,0.0042920247406844,0.0303397599441306,9.228019009025152e-07,2
200,50,inside-avg,2,U,1681493,22,12.572784380055964,5.444441795349121,-0.0178429218257686,-0.0033148908847413,0.9975441551724415,0.0199905256192823,0.1028018762917866,0.5670936905420649,2.141515557163312,2.6922698769001e-07,36,0.3245469661037995,0.6958850261970626,0.0003808276260249,445,0.0334820362138644,0.0686664675766588,0.0216421936876661,1785,0.0070843784259192,-0.030930989000981,0.3218923221500929,4832,0.0018314253202869,-0.0146904000661869,0.6560834645073272,5545,-0.0138209844748897,-0.0294395346093508,9.228019009025152e-07,2
200,50,inside-avg,2,U+chi+w,1681493,22,12.572784380055964,5.444441795349121,-0.0117916916509465,-6.001939409006063e-05,0.9984726255792676,0.0179380101730182,0.0878483048302388,-0.0336646433978783,0.0793307142249946,2.6922698769001e-07,36,0.1915723195237792,0.2464753908140886,0.0003808276260249,445,0.0494677369270212,0.0982411809884395,0.0216421936876661,1785,0.0098040123230676,-0.0225821397202158,0.3218923221500929,4832,0.0045004670634908,-0.0102772855797947,0.6560834645073272,5545,0.0119340663455939,0.0457396665390354,9.228019009025152e-07,2
