ranking,rule,k,clearing,tiles,tile_footprint_m2,budget_m2,share_cleared_in_tiles,kept_buildings,kept_D,D
all tiles,-,0,cheap,2518,421869.25364316354,21894.201379967784,0.9602657814810668,529,0.0479723098202544,0.0499573250920847
all tiles,-,0,simp,2518,421869.25364316354,21894.201379967784,0.9064359757993052,641,0.0453115162848267,0.0499886561153649
lin50,R20,2,cheap,36,43929.11819142457,21894.201379967784,0.3897166206772425,136,0.0194691999129616,0.0499573250920847
lin50,R20,2,simp,36,43929.11819142457,21894.201379967784,0.4095576825347096,211,0.0204732381516334,0.0499886561153649
lin50,R20,3,cheap,57,66285.7503521481,21894.201379967784,0.4967145355871155,196,0.0248145295322894,0.0499573250920847
lin50,R20,3,simp,57,66285.7503521481,21894.201379967784,0.5377826699181716,301,0.0268830329513423,0.0499886561153649
lin50,R20,5,cheap,97,109703.36243257584,21894.201379967784,0.6964206019236862,320,0.0347913104111269,0.0499573250920847
lin50,R20,5,simp,97,109703.36243257584,21894.201379967784,0.7155599105170558,454,0.0357698782967784,0.0499886561153649
lin50,STRIP,2,cheap,38,43841.20656653321,21894.201379967784,0.3576537090407855,128,0.0178674226129404,0.0499573250920847
lin50,STRIP,2,simp,38,43841.20656653321,21894.201379967784,0.3498754080421818,187,0.0174898014558436,0.0499886561153649
lin50,STRIP,3,cheap,59,66097.78917909198,21894.201379967784,0.5309857897589862,209,0.026526629718267,0.0499573250920847
lin50,STRIP,3,simp,59,66097.78917909198,21894.201379967784,0.5216066532890173,291,0.026074415618751,0.0499886561153649
lin50,STRIP,5,cheap,102,112037.95411219027,21894.201379967784,0.726225948455743,336,0.0362803057973111,0.0499573250920847
lin50,STRIP,5,simp,102,112037.95411219027,21894.201379967784,0.7411995518719666,468,0.0370515695113903,0.0499886561153649
lin100,R20,2,cheap,43,44086.267659012425,21894.201379967784,0.4178396140592625,166,0.0208741494359098,0.0499573250920847
lin100,R20,2,simp,43,44086.267659012425,21894.201379967784,0.4920427256989993,287,0.0245965546090341,0.0499886561153649
lin100,R20,3,cheap,65,65980.20304566255,21894.201379967784,0.557961759423913,254,0.027874277004492,0.0499573250920847
lin100,R20,3,simp,65,65980.20304566255,21894.201379967784,0.6058406491545602,381,0.0302851598712967,0.0499886561153649
lin100,R20,5,cheap,114,109791.34079744018,21894.201379967784,0.754089093314484,368,0.0376722739831071,0.0499573250920847
lin100,R20,5,simp,114,109791.34079744018,21894.201379967784,0.7868670042430289,518,0.0393344240836322,0.0499886561153649
lin100,STRIP,2,cheap,43,44493.05627780304,21894.201379967784,0.4554009963416632,176,0.0227506156214997,0.0499573250920847
lin100,STRIP,2,simp,43,44493.05627780304,21894.201379967784,0.5160597773294249,293,0.0257971347438924,0.0499886561153649
lin100,STRIP,3,cheap,64,65837.22553043033,21894.201379967784,0.6034522908370151,255,0.030146862270908,0.0499573250920847
lin100,STRIP,3,simp,64,65837.22553043033,21894.201379967784,0.6268426262384945,370,0.0313350204814883,0.0499886561153649
lin100,STRIP,5,cheap,112,109583.76085894847,21894.201379967784,0.7910289957903871,389,0.0395176926999657,0.0499573250920847
lin100,STRIP,5,simp,112,109583.76085894847,21894.201379967784,0.7899490694272487,519,0.0394884923802513,0.0499886561153649
ts50,R20,2,cheap,42,43944.326608273055,21894.201379967784,0.4211103811701001,172,0.0210375482117664,0.0499573250920847
ts50,R20,2,simp,42,43944.326608273055,21894.201379967784,0.4629316116743301,276,0.0231413291409197,0.0499886561153649
ts50,R20,3,cheap,64,66082.60762675722,21894.201379967784,0.588671899673757,254,0.0294084734645769,0.0499573250920847
ts50,R20,3,simp,64,66082.60762675722,21894.201379967784,0.6382826563745067,388,0.0319068922139068,0.0499886561153649
ts50,R20,5,cheap,113,110570.51430028424,21894.201379967784,0.7850899608815236,392,0.0392209944022903,0.0499573250920847
ts50,R20,5,simp,113,110570.51430028424,21894.201379967784,0.8097530085240939,536,0.0404784646814931,0.0499886561153649
ts50,STRIP,2,cheap,41,43791.80761640044,21894.201379967784,0.4543509699735801,189,0.0226981591128741,0.0499573250920847
ts50,STRIP,2,simp,41,43791.80761640044,21894.201379967784,0.4693514630331491,277,0.0234622488828075,0.0499886561153649
ts50,STRIP,3,cheap,62,66295.01603547992,21894.201379967784,0.5867809070652363,270,0.0293140045320863,0.0499573250920847
ts50,STRIP,3,simp,62,66295.01603547992,21894.201379967784,0.6142537229127366,393,0.0307057181222674,0.0499886561153649
ts50,STRIP,5,cheap,114,110142.02546070196,21894.201379967784,0.797368845559849,398,0.0398344146359337,0.0499573250920847
ts50,STRIP,5,simp,114,110142.02546070196,21894.201379967784,0.7995851370690065,528,0.0399701864518995,0.0499886561153649
