name,n_buildings,D,J,lensA,seconds,run
stored_cheap,548,0.0499573250920847,6652555946.247546,0.2713612512552461,8.53222107887268,reproduction
stored_simp,714,0.0499886561153649,6115235419.333435,0.3014064271157501,10.727344751358032,reproduction
stored_cheap,548,0.0499573250920847,6652555946.247587,0.2713612512552579,7.900269985198975,item 4
stored_simp,714,0.0499886561153649,6115235419.333782,0.3014064271157437,10.170042276382446,item 4
cheap_alltiles,529,0.0479723098202544,6861036064.387234,0.260032157724734,7.834393739700317,item 4
simp_alltiles,641,0.0453115162848267,6455765247.330456,0.2822191619348333,10.100341320037842,item 4
cheap_lin50_R20_k2,136,0.0194691999129616,8850613112.401274,0.1595639483667874,9.992354154586792,item 4
simp_lin50_R20_k2,211,0.0204732381516334,8513880810.747728,0.1757066837795635,9.991735696792604,item 4
cheap_lin50_R20_k3,196,0.0248145295322894,8315270213.502778,0.1853779173558396,10.050228357315063,item 4
simp_lin50_R20_k3,301,0.0268830329513423,7916502615.537036,0.2051509213313695,10.086413383483888,item 4
cheap_lin50_R20_k5,320,0.0347913104111269,7597700755.582859,0.2213198792546531,7.754908561706543,item 4
simp_lin50_R20_k5,454,0.0357698782967784,7141891672.70625,0.245038813352865,10.164943933486938,item 4
cheap_lin50_STRIP_k2,128,0.0178674226129404,9253708780.312267,0.1406384678952367,9.529826879501345,item 4
simp_lin50_STRIP_k2,187,0.0174898014558436,9010862959.571947,0.151989581816189,10.022752046585085,item 4
cheap_lin50_STRIP_k3,209,0.026526629718267,8239383818.157774,0.1891036184366046,9.574530601501465,item 4
simp_lin50_STRIP_k3,291,0.026074415618751,7986335998.031626,0.2016528408526513,10.094770669937134,item 4
cheap_lin50_STRIP_k5,336,0.0362803057973111,7431907746.491949,0.2298627135730253,9.668925046920776,item 4
simp_lin50_STRIP_k5,468,0.0370515695113903,7011128756.167573,0.2519821410636264,10.07710599899292,item 4
cheap_lin100_R20_k2,166,0.0208741494359098,8578385652.400987,0.1725899747670576,10.350125551223757,item 4
simp_lin100_R20_k2,287,0.0245965546090341,8088659765.10574,0.1965547651041385,10.383968591690063,item 4
cheap_lin100_R20_k3,254,0.027874277004492,8012269932.414466,0.2003576598154869,10.38188362121582,item 4
simp_lin100_R20_k3,381,0.0302851598712967,7568884118.6964445,0.2227979750707479,10.41257929801941,item 4
cheap_lin100_R20_k5,368,0.0376722739831071,7383018705.312405,0.2323999758273665,10.066420078277588,item 4
simp_lin100_R20_k5,518,0.0393344240836322,6861467923.941136,0.2600088699041473,10.135282754898071,item 4
cheap_lin100_STRIP_k2,176,0.0227506156214997,8373511119.935949,0.182530051871497,10.045175075531006,item 4
simp_lin100_STRIP_k2,293,0.0257971347438924,7920913604.828651,0.2049295115311977,10.0603768825531,item 4
cheap_lin100_STRIP_k3,255,0.030146862270908,7873495581.381472,0.2073129022365151,9.637690544128418,item 4
simp_lin100_STRIP_k3,370,0.0313350204814883,7459816994.935401,0.2284180097239401,10.112274885177612,item 4
cheap_lin100_STRIP_k5,389,0.0395176926999657,7246859341.470194,0.2395110443029056,9.681420803070068,item 4
simp_lin100_STRIP_k5,519,0.0394884923802513,6794765976.170593,0.2636144681628957,10.153715133666992,item 4
cheap_ts50_R20_k2,172,0.0210375482117664,8837260562.407335,0.1601981530245008,10.052629470825195,item 4
simp_ts50_R20_k2,276,0.0231413291409197,8385122154.064364,0.1819634804995565,10.051552295684814,item 4
cheap_ts50_R20_k3,254,0.0294084734645769,7931190001.571271,0.2044139263433609,9.612287759780884,item 4
simp_ts50_R20_k3,388,0.0319068922139068,7446918467.38135,0.229085357014718,10.175116777420044,item 4
cheap_ts50_R20_k5,392,0.0392209944022904,7267975625.716117,0.2384038736627435,7.804106950759888,item 4
simp_ts50_R20_k5,536,0.0404784646814931,6766012901.1188135,0.265174183067748,10.134375095367432,item 4
cheap_ts50_STRIP_k2,189,0.0226981591128741,8693064777.36167,0.1670777698246051,9.581268310546877,item 4
simp_ts50_STRIP_k2,277,0.0234622488828075,8308787459.3750305,0.1856955272607127,10.013483047485352,item 4
cheap_ts50_STRIP_k3,270,0.0293140045320863,8175041258.670266,0.1922760285554471,9.610883235931396,item 4
simp_ts50_STRIP_k3,393,0.0307057181222674,7637915224.490234,0.2192618302835886,10.033818244934082,item 4
cheap_ts50_STRIP_k5,398,0.0398344146359337,7221566543.615453,0.2408393235720464,7.802464723587036,item 4
simp_ts50_STRIP_k5,528,0.0399701864518995,6755882323.23337,0.2657245070823382,10.146560668945312,item 4
cheap_lin50_R20_k2_topup,514,0.0499978902627974,7667458316.824103,0.2177533585210556,10.21834635734558,item 4
simp_lin50_R20_k2_topup,533,0.0499919083002236,7673916768.090828,0.2174239769854522,10.2334144115448,item 4
cheap_lin50_R20_k3_topup,464,0.049998871435183,7383516278.033534,0.2323741103641227,10.175403594970703,item 4
simp_lin50_R20_k3_topup,513,0.0499943431275215,7270490712.98945,0.2382721096655343,10.206437826156616,item 4
cheap_lin50_R20_k5_topup,469,0.049998509536187,7113017718.073335,0.2465664752952603,7.816780567169189,item 4
simp_lin50_R20_k5_topup,572,0.0499973830932252,6799584189.368191,0.2633534265218175,10.268576383590698,item 4
cheap_lin50_STRIP_k2_topup,537,0.0499990763974883,7932866890.927938,0.2043298255143051,9.69455862045288,item 4
simp_lin50_STRIP_k2_topup,560,0.0499964603900342,8016153897.619852,0.2001638691194881,9.692652225494385,item 4
cheap_lin50_STRIP_k3_topup,506,0.0499971353863174,7429695284.192789,0.2299773561789473,9.663570642471312,item 4
simp_lin50_STRIP_k3_topup,558,0.0499995287939072,7386517406.05793,0.2322181203565377,9.69806146621704,item 4
cheap_lin50_STRIP_k5_topup,490,0.0499963697924115,6985898289.614553,0.2533292743102676,9.73085641860962,item 4
simp_lin50_STRIP_k5_topup,593,0.0499965767950323,6695917308.39011,0.2689904743435944,10.190463066101074,item 4
cheap_lin100_R20_k2_topup,483,0.0499965121513511,7491116646.616921,0.2268010150738206,10.462584257125854,item 4
simp_lin100_R20_k2_topup,523,0.0499995201448447,7352217853.753392,0.2340028056050994,10.462954759597778,item 4
cheap_lin100_R20_k3_topup,481,0.0499978049400518,7268046428.209733,0.2384001640483801,10.486818075180054,item 4
simp_lin100_R20_k3_topup,562,0.0499976114023813,7072636649.853853,0.2487081650234177,10.51515769958496,item 4
cheap_lin100_R20_k5_topup,472,0.049995947955143,7000945243.231937,0.2525255783519295,10.212313652038574,item 4
simp_lin100_R20_k5_topup,593,0.0499991657282297,6628557921.903437,0.2726766620885105,10.193055629730225,item 4
cheap_lin100_STRIP_k2_topup,531,0.0499992689296576,7398094620.869129,0.2316166667184777,10.168817281723022,item 4
simp_lin100_STRIP_k2_topup,568,0.049998035023493,7263248840.150199,0.2386515689811502,10.206535577774048,item 4
cheap_lin100_STRIP_k3_topup,485,0.0499966263919045,7234714397.261533,0.2401485597023818,9.740358352661133,item 4
simp_lin100_STRIP_k3_topup,565,0.0499982422793856,7025063130.668336,0.2512391802962088,10.193698406219482,item 4
cheap_lin100_STRIP_k5_topup,493,0.0499999662492216,6923641020.484148,0.2566638284940835,9.750904560089111,item 4
simp_lin100_STRIP_k5_topup,611,0.0499970525066749,6560393327.254989,0.2764260309876163,10.186282873153688,item 4
cheap_ts50_R20_k2_topup,526,0.0499979567421624,7667805300.201616,0.2177356588153789,10.11612057685852,item 4
simp_ts50_R20_k2_topup,562,0.0499977125742233,7585664581.663084,0.2219369109386418,10.227495908737184,item 4
cheap_ts50_R20_k3_topup,465,0.0499992500255726,7233191360.859312,0.2402285450517548,9.711639404296877,item 4
simp_ts50_R20_k3_topup,546,0.0499984473501704,6990370755.811734,0.2530902982243068,10.258304595947266,item 4
cheap_ts50_R20_k5_topup,484,0.0499952032709072,6958333097.329285,0.25480384957866,7.823498249053955,item 4
simp_ts50_R20_k5_topup,606,0.0499993716868568,6582524116.204979,0.2752066086168294,10.177155017852783,item 4
cheap_ts50_STRIP_k2_topup,539,0.0499988977124552,7668182807.654186,0.2177164025241416,9.700212478637695,item 4
simp_ts50_STRIP_k2_topup,577,0.0499926040296169,7595004141.335613,0.221458078054933,9.686020851135254,item 4
cheap_ts50_STRIP_k3_topup,540,0.0499947016953255,7426827188.822589,0.2301259969693003,9.704403400421144,item 4
simp_ts50_STRIP_k3_topup,617,0.0499999149198832,7108305861.259415,0.2468160640871545,10.152348279953005,item 4
cheap_ts50_STRIP_k5_topup,494,0.0499965363757818,6907618433.372616,0.2575244354416559,7.851823329925537,item 4
simp_ts50_STRIP_k5_topup,618,0.0499976338083606,6531993670.336545,0.2779938897211165,10.1661114692688,item 4
