piece,wall_s,cpu_s,peak_gb,note
extract: build the region Block,22.6,36.0,0.62,
"extract: uniform h 0.5 grid, demand, labels",36.8,37.4,20.85,
"fields: L 100 m stride 25 m, 11 workers",98.7,1078.7,4.59,
"fine: baseline (matrix, SA setup, CG to 1e-11)",251.9,255.3,14.44,
"fields: L 50 m stride 10 m, 11 workers",83.7,917.6,4.02,
"fine: stored clearing cheap, fresh solve",293.3,295.3,20.07,
"fields: L 200 m stride 50 m, 11 workers",265.1,2866.5,4.93,
"macro: L 100 open-outside H 2 m (assemble, SA, CG)",19.4,18.0,4.88,
"macro: L 100 open-outside H 5 m (assemble, SA, CG)",4.2,4.0,4.56,
"macro: L 100 extrapolated H 2 m (assemble, SA, CG)",20.6,19.1,5.63,
"macro: L 100 extrapolated H 5 m (assemble, SA, CG)",4.2,3.9,4.75,
"macro: L 100 inside-avg H 2 m (assemble, SA, CG)",17.0,17.2,5.22,
"macro: L 100 inside-avg H 5 m (assemble, SA, CG)",4.1,3.8,4.64,
"gpu scoring: Clearing on h0.5a5x8 (grid, baseline solve)",139.3,145.9,12.99,
"macro: L 50 open-outside H 2 m (assemble, SA, CG)",26.9,25.3,5.9,
gpu scoring: 2 exact scorings (device peak),19.3,,34.84,GiB on the device
"macro: L 50 extrapolated H 2 m (assemble, SA, CG)",26.5,25.3,5.66,
"macro: L 50 inside-avg H 2 m (assemble, SA, CG)",23.0,23.3,5.21,
"macro: L 200 open-outside H 2 m (assemble, SA, CG)",12.7,12.9,5.49,
"macro: L 200 extrapolated H 2 m (assemble, SA, CG)",12.8,13.0,5.4,
"macro: L 200 inside-avg H 2 m (assemble, SA, CG)",12.6,12.7,5.44,
"fine: stored clearing simp, fresh solve",319.3,309.0,20.09,
tiles: setup (L 50 macro + adjoint),55.7,56.5,4.88,
two-scale clearing cheap L 50: 5051 windows on 2 workers,112.5,228.3,6.02,
"tiles: first-order map L 50, every tile x rule, 9 workers",282.8,2572.6,10.96,
two-scale clearing simp L 50: 4733 windows on 2 workers,102.8,208.6,5.69,
"gpu scoring: Clearing on h0.5a5x8 (grid, baseline solve)",108.7,125.4,13.26,
two-scale clearing cheap L 100: 1215 windows on 2 workers,134.1,270.1,6.48,
"tiles: setup (fine base, L 50 and L 100 macro + adjoints)",169.8,172.3,17.91,
gpu scoring: 16 exact scorings (device peak),156.2,,34.84,GiB on the device
two-scale clearing simp L 100: 1144 windows on 2 workers,146.4,296.7,6.56,
"Cape Town major-road faces (polygonize, kblock counts)",18.4,24.5,0.54,
"tiles: setup (fine base, L 50 and L 100 macro + adjoints)",183.2,186.1,17.9,
tiles: setup (L 50 and L 100 macro + adjoints),97.0,98.4,6.79,
"tiles: resolve sampled tile-rules (b), 3 workers",2105.8,6495.2,19.16,
"tiles: resolve sampled tile-rules (a), 8 workers",2494.9,20274.1,33.71,
tiles: setup (L 50 and L 100 macro + adjoints),84.5,85.7,6.23,
"tiles: two-scale L 50 + first-order L 100, every non-empty tile x rule (a), 1 workers",3174.5,3295.7,6.01,
"tiles: two-scale L 50 + first-order L 100, every non-empty tile x rule (b), 9 workers",1097.6,9973.4,12.38,
"gpu scoring: Clearing on h0.5a5x8 (grid, baseline solve)",102.0,119.1,13.12,
gpu scoring: 76 exact scorings (device peak),745.2,,34.84,GiB on the device
