r0,c0,rule,n_bldg,footprint_m2,cleared_m2,dJ_lin50,windows50,seconds,decile
1800,2700,R20,6,2302.989122999061,2299.671875,-4598506534.418921,141,4.67956919898279,0
2800,1100,R20,1,2465.158176548096,2465.21875,-2254539763.805878,120,2.030685667064972,0
1000,2200,R20,3,952.9227400250412,942.984375,-1617060902.1769145,81,2.5391079830005765,0
3400,3500,R20,1,1719.4675157067727,1717.578125,-639105708.7388214,93,1.6139725940302014,0
1000,2500,R20,8,302.9364560474697,295.625,-321189178.66896087,90,3.147076877998188,0
1100,2300,R20,3,209.5167266190621,203.625,-248567357.30165783,60,2.404808428022079,0
2300,2600,R20,7,232.95514632898968,233.1875,-136524006.52512646,85,3.212323567015119,0
2100,2200,R20,8,260.4805336852399,254.9375,-126696326.77576856,71,3.024716597981751,0
1500,3000,R20,9,222.91328334586987,223.015625,-123895132.39552005,89,3.502201027935371,0
1800,4300,R20,1,2114.821892278202,2114.796875,-108519004.37879288,117,2.731638137018308,0
1800,3000,R20,8,210.25448624811332,207.953125,-100243842.38959044,69,2.487589622964151,0
1200,2800,R20,7,269.6469350199606,266.984375,-92589728.85087489,77,3.761130995000713,0
1300,2900,R20,4,246.88627961949305,244.828125,-86894542.88465723,85,3.565453680930659,0
1600,2900,R20,9,216.1937244101921,215.390625,-75808646.71127959,80,3.350429135025479,0
3200,2900,R20,1,2386.3182357442743,2386.09375,-75770944.22045113,112,1.819563331082464,0
800,1900,R20,9,227.65136202517365,225.59375,-75733490.62441704,83,3.4257594590308145,0
1900,3000,R20,8,209.6539763910184,209.359375,-75117598.80455814,67,2.50969630794134,1
900,1600,R20,9,313.9784452867133,307.65625,-73445043.43280874,82,3.204784229048528,1
1300,2700,R20,6,228.2249437588949,228.25,-70891161.06799957,80,3.2216015020385385,1
1500,2900,R20,5,280.3927629073541,277.671875,-67000696.53877317,78,3.341395249939524,1
1000,2400,R20,3,235.0614233061685,229.78125,-66887362.03114683,79,2.901646051905118,1
1000,2000,R20,8,222.8774005901217,218.40625,-62450776.049568325,78,2.808442282956093,1
600,1500,R20,10,183.539506487786,175.140625,-58257478.56888171,74,2.5504656619159505,1
2300,2700,R20,9,340.0182885731455,330.0625,-58190171.11820497,95,3.767487748060376,1
1800,2900,R20,6,217.11254635194297,207.84375,-55326367.03698855,83,3.3241941130254418,1
1800,2100,R20,6,223.064543089454,222.96875,-54254198.30276822,81,3.270821861922741,1
1400,2600,R20,8,244.1834746629806,241.96875,-51915375.20879293,78,3.2693167659454048,1
2100,3000,R20,8,262.48400329087144,257.5625,-46570560.89507048,71,2.650432814960368,1
500,1100,R20,1,146.32884534240205,146.328125,-45147181.5859222,42,1.272921906900592,1
1800,2800,R20,4,183.26365148920576,183.28125,-40329614.66974977,76,3.021702114026993,1
2000,4300,R20,1,1338.5176318485967,1338.46875,-37659445.73612651,104,2.445035237935372,1
1500,2700,R20,10,354.62909919078976,353.921875,-36031118.32426991,93,3.779927209019661,1
1800,2300,R20,8,234.61209990509465,234.609375,-34781281.82746332,74,2.706969599006697,2
1700,1800,R20,9,211.59801334366577,209.078125,-34350111.45564845,70,3.0402399820741266,2
1500,1500,R20,8,234.71449477463565,234.5625,-28942428.09480493,81,2.42957227898296,2
2800,2000,R20,1,630.2824923061016,630.328125,-28262399.654898506,60,1.045315859024413,2
1400,2700,R20,7,185.17310804395825,183.203125,-27063470.11665193,81,3.600159895955585,2
1700,1700,R20,7,203.5164771383536,197.15625,-26426779.94779901,85,3.4445269079878926,2
1200,1900,R20,9,253.37838416742227,250.40625,-25328055.32694664,93,3.491120700025931,2
2000,2700,R20,8,225.84975475917167,223.21875,-25156932.96849252,77,2.795019499957561,2
1800,2200,R20,7,231.03104954533785,229.390625,-23880305.31482401,71,2.523839123081416,2
1400,2200,R20,5,110.5568995339051,105.21875,-22516870.29001364,68,2.618243603035808,2
1900,2300,R20,8,172.63059959493808,169.75,-21032744.5484911,78,2.63345974101685,2
1200,2300,R20,5,208.69841639338512,204.8125,-20985904.91225301,67,2.5074350560316816,2
1000,1500,R20,7,263.8798122434195,263.8125,-20326270.759209264,79,2.838788578985259,2
600,1100,R20,1,151.19421941031896,151.140625,-16337471.768366262,42,1.2635046449722722,2
1400,2400,R20,8,215.2569095359725,212.609375,-16061697.685529158,81,3.098154900013469,2
1000,1600,R20,4,174.29421355457364,174.359375,-15678215.77007815,89,3.401935358066112,2
1500,1400,R20,8,169.67950033648776,164.203125,-15471802.82030845,78,2.401225953013636,3
900,1200,R20,8,246.2561417380072,246.28125,-15424009.14979457,64,2.0807887410046533,3
1400,2100,R20,11,210.3026383703629,206.90625,-15381555.64527006,83,3.244081227108836,3
2600,3000,R20,4,273.02269064147976,273.046875,-14490402.646305982,83,2.8884236429585144,3
800,1500,R20,5,131.0127996690848,126.84375,-13971295.55637694,87,3.1405156640103087,3
2100,3100,R20,4,107.409501479195,106.875,-13727356.326021548,68,2.383590977988206,3
1300,1400,R20,13,232.6235423591429,229.515625,-13465149.255244784,79,2.4704110749298707,3
1500,1300,R20,9,211.14727531976496,211.1875,-13174411.298421877,88,2.574085079017096,3
1400,1400,R20,11,236.61452688378648,229.8125,-11541740.469699375,86,2.646719646989368,3
1400,1900,R20,4,177.15855898646657,175.953125,-10597280.533652505,62,2.6529756810050458,3
1700,2100,R20,8,263.69956822611766,261.265625,-9772785.02125896,81,3.239294667961076,3
2400,3000,R20,7,223.65984310456292,223.625,-9563697.45678856,91,3.370298271998763,3
1700,2700,R20,8,220.21109453329035,220.234375,-9562815.092718378,77,2.809009965043515,3
3000,3000,R20,1,711.5089707854156,711.515625,-9278904.00753748,67,1.53922887891531,3
1000,1200,R20,10,219.43571179074343,214.953125,-8756446.09536644,78,2.410311536048539,3
1500,2100,R20,6,182.70276236265943,177.703125,-8147276.963285936,76,2.770469846087508,3
3200,2800,R20,1,286.7831190103195,286.828125,-7789881.53947744,54,1.4296250579645855,4
1200,1400,R20,12,192.5197591026668,189.453125,-7647158.8128284225,73,2.471696880995296,4
1300,1200,R20,8,172.80573240836827,170.296875,-7251749.0601238385,81,2.5613873010734096,4
1400,1800,R20,5,234.5944770433777,234.578125,-6760486.50279646,75,2.682572362944484,4
2100,2100,R20,1,17.72547527242657,17.734375,-6262700.764695502,30,1.5813909060088918,4
1100,1100,R20,12,181.78712988378152,176.828125,-5990140.390338151,75,2.2360312649980187,4
1300,1600,R20,8,193.38468703855665,193.34375,-5405223.397284264,88,2.953932460048236,4
2300,3600,R20,1,209.7303313366828,209.734375,-5294750.475281424,46,1.5969004790531471,4
2100,3400,R20,1,234.10861228033207,234.09375,-5111641.069562492,48,1.257645025034435,4
2800,1400,R20,1,199.54221603255075,199.546875,-4980446.55970848,52,1.561056611011736,4
1200,1000,R20,9,151.91828585191482,150.359375,-4872400.372685353,93,2.702505017980002,4
2700,3100,R20,3,212.63448810934864,212.1875,-4844145.961202426,48,1.4827544100116938,4
1400,1100,R20,6,124.11685342328634,124.140625,-4825585.101767611,81,2.464992265915498,4
700,900,R20,5,115.4753199883144,111.625,-4733227.117867529,75,2.1749365869909525,4
1300,1100,R20,7,155.0088431160671,155.0625,-4706302.929396688,76,2.3358530949335545,4
2400,3600,R20,2,247.0470157849179,247.109375,-4451011.0225794725,64,1.7668621910270303,4
2500,3500,R20,1,255.78969746961104,255.75,-4190141.1568716,47,1.458507735049352,5
2300,4200,R20,1,1106.551162323604,1106.484375,-4014648.28625898,101,2.0002493169158697,5
1000,700,R20,10,143.34693612305605,142.265625,-3628809.623844458,74,2.2426170699764043,5
1900,2600,R20,2,208.60810630529124,208.65625,-3546934.3328186814,66,2.1853179379832,5
2300,3400,R20,3,320.8422858151979,320.84375,-3448262.2678692467,73,2.154743950930424,5
1300,900,R20,6,110.81915028458972,110.875,-3417583.404946248,70,1.9876995419617745,5
400,700,R20,6,153.67704356900265,151.34375,-3367756.339395887,72,2.251641387003474,5
2000,3300,R20,1,168.35610020225272,168.34375,-3304435.163881653,52,1.6809879549546167,5
800,600,R20,6,142.9406468127067,141.6875,-3260892.386442787,74,2.3392294049263,5
1000,100,R20,2,102.74874942932956,102.734375,-3201696.114162717,40,1.2806298719951883,5
800,800,R20,7,120.1061123962094,120.046875,-2965315.0414631367,68,2.2103977240622044,5
1300,600,R20,7,118.22069762673934,118.109375,-2835838.342492377,72,2.1825231190305203,5
1500,1000,R20,8,106.02977365773782,103.46875,-2784732.6507988647,78,2.2107886159792542,5
600,200,R20,6,124.88515278116851,124.84375,-2754905.419810514,72,2.066667670966126,5
900,200,R20,4,87.3445445838496,83.46875,-2678566.494340626,51,1.641257463954389,5
500,500,R20,8,150.4416082082148,145.703125,-2541692.884111722,67,2.173833260079846,5
700,600,R20,9,144.4906617755516,138.828125,-2269723.205439788,77,2.420159513945692,6
1500,800,R20,4,62.7424543461126,59.125,-2258844.0207209727,46,1.5597522800089791,6
1400,600,R20,6,94.155381655017,94.15625,-2131801.4450198784,70,2.146926529938355,6
1500,3400,R20,1,85.14183187114303,85.140625,-1993658.3699787008,35,1.2626612540334463,6
2200,3600,R20,1,115.06750516035008,115.046875,-1875280.3112045813,42,1.4130082270130515,6
700,300,R20,6,134.8804761478541,132.0,-1847642.971468116,85,2.5836177499732003,6
2400,3500,R20,1,199.9488217932844,199.984375,-1813136.034409588,53,1.8019639339763671,6
800,300,R20,6,114.50002678144564,111.015625,-1671447.609262399,66,2.043452594080009,6
3200,2100,R20,1,22.978369152165264,22.953125,-1599862.881527834,36,0.6971122738905251,6
600,300,R20,8,154.28794932718554,151.71875,-1273012.525289348,88,2.669090146082453,6
600,500,R20,4,108.947124790531,108.9375,-1171636.6984781588,60,2.0060008469736204,6
1800,3900,R20,2,102.46940753283263,102.546875,-1168701.208556367,64,0.9443271920317784,6
400,600,R20,6,94.22402675101227,91.5,-1154562.9193231333,60,1.955679569975473,6
800,500,R20,8,82.54875902965841,80.9375,-1146596.546320347,75,2.212514679995365,6
2900,2900,R20,1,93.17322190940212,93.234375,-1097305.9921382328,40,1.101889209006913,6
1700,4200,R20,1,79.80892053785031,79.625,-1048007.8953180033,36,1.3210838009836152,6
2700,3300,R20,2,120.42800659192535,120.390625,-945764.3049317462,51,1.5926289599156007,7
1700,300,R20,1,80.39415656087368,80.453125,-943785.324989582,30,1.2172753870254382,7
900,400,R20,3,60.07025359138536,60.125,-915590.778061362,55,1.7773689489113167,7
2600,1900,R20,1,21.142022385857818,21.15625,-788729.2265288532,25,0.6341103470185772,7
400,300,R20,2,100.61177195889934,99.03125,-592278.5888704255,36,1.4657855960540471,7
1400,400,R20,3,30.24104503262649,30.21875,-471949.5429432973,43,1.3933470199117437,7
3000,2900,R20,1,39.44478815717028,39.453125,-451395.0274003105,30,1.041716004954651,7
100,300,R20,8,155.98689616081202,155.984375,-389316.58602894464,87,2.5767355340067297,7
200,400,R20,9,128.1987548600868,125.703125,-373318.89052442,75,2.257367951096967,7
2200,4100,R20,1,104.5061046483608,104.5,-325942.90194615495,46,1.458097995026037,7
2800,3200,R20,1,27.676218172358425,27.5625,-278084.2936776429,30,0.7404649860691279,7
1700,4000,R20,1,24.970724942894314,24.9375,-244445.3743462205,30,0.987003586953506,7
3200,3500,R20,1,37.97156879154015,37.96875,-231492.52121906256,41,1.283229685970582,7
2700,4200,R20,1,59.87308077127939,59.78125,-229288.16045742488,30,0.6463891479652375,7
3500,4500,R20,2,245.3427218550288,245.296875,-194452.9628795845,47,1.0878963459981603,7
3500,4600,R20,1,242.29559831870503,242.25,-189896.72712252545,52,1.205234898021445,7
3500,9700,R20,1,149.81065510910656,149.796875,-115173.39576654077,48,1.5588440200081095,8
2700,5800,R20,1,507.9663266786078,507.96875,-101255.96062024705,60,1.1897292389767244,8
1700,3900,R20,1,8.953940065945204,8.890625,-84452.30377658088,25,0.9546627850504592,8
3600,3700,R20,1,22.17443897462414,22.15625,-81788.41906266965,30,0.6580967289628461,8
2100,4800,R20,1,81.22249157725636,81.203125,-81672.37071876347,41,1.308414296945557,8
2600,6400,R20,1,749.0570124453582,749.078125,-65807.17321448104,73,1.4852128670318052,8
2500,6300,R20,2,278.8696514534164,278.953125,-22272.455450881786,64,1.7049630800029263,8
3100,5600,R20,1,264.3022604646105,264.296875,-21362.800885483484,42,0.8361023369943723,8
3000,5800,R20,1,143.5392978413891,143.546875,-12469.02916755369,42,0.9838721150299534,8
4500,9300,R20,2,808.5613937918718,808.484375,-9668.549997454214,93,1.903529532020912,8
2600,6500,R20,1,83.40257170917914,83.390625,-8995.78566688718,36,1.169075965997763,8
4000,5200,R20,1,15.73078710989452,15.734375,-7301.327385969329,30,1.1715994700789452,8
3400,9800,R20,1,218.5493697647886,218.546875,-6271.080246363868,42,0.9360942849889398,8
5200,10100,R20,1,325.1626986063981,325.1875,-5599.245163277478,68,1.3412721429485828,8
3500,10000,R20,2,449.4864317793455,449.546875,-4841.860306934123,61,1.317808412015438,8
3000,7700,R20,2,259.59622338897475,259.625,-2567.090634508766,59,1.5435956219444051,8
4800,10100,R20,1,287.4267249942777,287.40625,-2305.178828887234,55,1.3967933870153502,9
5100,10100,R20,1,325.90709951887806,325.921875,-2183.9436001708364,68,1.7213031499413771,9
5100,10200,R20,2,99.98450249335323,99.0,-1274.6322198664925,42,1.2825130640994755,9
3400,6700,R20,1,99.40525458528364,99.453125,-1154.7617580308497,42,1.1320463840384036,9
5500,10100,R20,1,315.300484225895,315.359375,-838.5033549199842,58,0.6556975360726938,9
5000,10200,R20,1,113.66703715752304,113.671875,-573.0877384169912,41,1.1507711079902947,9
4700,10400,R20,1,135.022638091917,135.046875,-349.5218905693991,36,1.0264698979444802,9
3800,10700,R20,1,49.309101639579694,48.984375,-293.59579810895605,36,1.1212736159795895,9
4900,10400,R20,1,29.19080783124309,29.171875,-209.76615480830992,30,0.983401147997938,9
3400,7900,R20,1,111.44033604088656,111.453125,-172.25316288393472,41,0.6722096090670675,9
3600,9800,R20,1,13.765682423340936,12.875,-90.94989700038307,36,1.1012992720352486,9
4200,10700,R20,1,45.93261196403429,45.9375,-75.92683711586754,35,0.657643867074512,9
3900,10700,R20,1,8.270857988966593,8.28125,-67.24600857689784,30,1.096288891043514,9
3400,7600,R20,1,30.74859793090372,26.015625,-39.13788845848547,25,1.0461677830899134,9
4100,10000,R20,1,20.186221386683265,20.09375,-30.2291342864826,36,0.9794007689924912,9
3800,5000,R20,2,584.1486451769933,584.1875,27006.97003650086,81,1.6719954359577969,9
1800,2600,STRIP,5,3005.556147400729,2999.953125,-4577145129.170782,168,4.5143896819790825,0
1800,2700,STRIP,2,2167.7269047443388,2164.390625,-4528919451.701408,132,4.489920933963731,0
3300,3500,STRIP,2,3459.1992408583874,3456.0625,-3477168857.887243,150,2.552049751044251,0
2700,1200,STRIP,1,1833.862629002167,1833.890625,-976379712.7083097,103,1.7028329280437902,0
600,1300,STRIP,4,1595.4095589712258,1594.625,-659636745.204469,108,3.009816798032261,0
1800,4300,STRIP,3,4507.33191101501,4507.328125,-519183209.2390113,190,3.565575144952163,0
500,1200,STRIP,1,1018.8529904066944,1018.859375,-461004561.1310349,76,1.878257252974436,0
1700,2900,STRIP,12,482.5402317848541,480.6875,-406143548.9380729,78,3.125762081006542,0
1100,2400,STRIP,11,411.5018466939522,399.671875,-341097274.3673345,72,2.977517033112236,0
1900,4200,STRIP,2,2601.6548838627323,2601.625,-269764377.5909395,160,3.2809137330623344,0
900,2000,STRIP,8,296.4509437587752,295.46875,-250673280.29591447,70,2.7470434269635007,0
2000,4200,STRIP,1,1384.4980563317731,1384.46875,-230391460.0799448,103,2.629561280016788,0
1600,2900,STRIP,11,446.9111416934587,441.78125,-191162415.97671777,76,3.04775237001013,0
1500,2900,STRIP,7,434.01585521032,432.34375,-180800692.34801167,82,3.252599553903565,0
800,1800,STRIP,5,245.1036409300546,238.65625,-170615144.44851944,62,2.4439083710312843,0
1000,2500,STRIP,3,157.25999977131852,157.265625,-162176530.25777355,56,2.1852713910629973,0
1800,3000,STRIP,9,267.34613110840303,267.1875,-156876554.3802936,64,2.2655893120681867,1
1300,2800,STRIP,11,420.868726884314,413.578125,-145576165.08125824,79,3.377933013020084,1
1400,3100,STRIP,9,320.13002850761126,320.09375,-131932644.25641558,60,2.1842995919287205,1
1900,2000,STRIP,8,305.3665981210739,300.140625,-127486384.8035402,73,2.7649269179673865,1
1800,2800,STRIP,8,378.35303925453934,378.375,-107973336.99950264,72,2.8827623199904338,1
1800,2100,STRIP,10,364.0891897468805,360.09375,-104336097.37922148,79,3.271889623953029,1
2000,2900,STRIP,10,404.1117512933757,399.0,-101449401.57312708,75,3.10924210306257,1
1400,2600,STRIP,13,562.3800175018165,556.125,-101421004.47526002,81,3.537173453019932,1
2400,2800,STRIP,13,487.4099111932506,483.125,-97790861.55802904,74,3.1621935529401526,1
1800,1700,STRIP,6,276.3849453043942,276.46875,-93251604.719884,54,2.3007261040620506,1
2300,2500,STRIP,9,212.7889849716512,207.359375,-90813537.74560095,63,2.4998190889600664,1
2000,2300,STRIP,11,474.5119733420156,466.71875,-90211571.85185272,82,2.7208553119562566,1
1900,2900,STRIP,8,195.60680731024985,192.5625,-86215526.92481294,48,1.993254018947482,1
2200,3000,STRIP,7,229.26332173086007,225.046875,-79432410.21985337,54,2.2404782120138407,1
2200,2700,STRIP,11,511.7101025738469,511.359375,-78207787.90033877,75,3.12534287199378,1
1900,3100,STRIP,6,288.901489958658,288.890625,-77549803.2305256,53,1.7211416439386085,1
600,1400,STRIP,10,184.1594288781254,181.515625,-69970187.44301938,62,2.252526234020479,2
1000,1800,STRIP,7,270.5047241067357,265.875,-65288389.39727335,67,2.564416700042784,2
1700,4400,STRIP,2,1322.021926688759,1322.046875,-62084601.50287886,114,2.806215034099296,2
1100,2000,STRIP,7,388.8572830335367,387.359375,-53313256.78096242,75,2.4756586420116946,2
1300,2500,STRIP,9,263.9408914013403,261.28125,-52292148.66847386,72,3.0239680629456416,2
1500,1500,STRIP,12,439.7168028549264,439.5,-51991076.860381335,76,2.246081041987054,2
2000,2500,STRIP,7,268.52925241724535,267.15625,-48255057.20291603,79,2.8307617399841547,2
1400,2100,STRIP,16,351.8793078507913,349.28125,-46630852.00121752,73,2.664940992021002,2
800,2000,STRIP,4,124.53584064713098,124.265625,-45245137.53456248,70,2.853473740047775,2
1600,1500,STRIP,12,319.3058994126475,317.21875,-43951497.95750597,73,2.106894255033694,2
700,1300,STRIP,6,398.369311365661,389.390625,-43796634.36709678,81,2.654640484019182,2
1500,1700,STRIP,15,468.3046303912439,460.21875,-41402624.37143143,75,2.465229108929634,2
1800,2300,STRIP,12,416.3964293093025,414.984375,-39446380.01324391,89,3.068490204983391,2
1900,4400,STRIP,1,1338.5176318485967,1338.46875,-37659445.73612651,104,2.431182387052104,2
1900,2800,STRIP,7,234.65185882100087,234.265625,-37553614.02633293,66,2.5720546829979867,2
800,1500,STRIP,6,150.1412150722931,146.53125,-36806159.24439044,48,1.967962087946944,2
1400,2300,STRIP,9,351.1084487668413,350.296875,-33480163.36645843,54,2.2769076379481703,3
2500,2900,STRIP,10,485.6660931622291,483.84375,-33415744.635759063,68,2.4293290700297803,3
700,1100,STRIP,7,302.5777108133677,302.609375,-32565358.28541901,76,2.183567470056005,3
2100,2600,STRIP,11,274.7374383559528,269.75,-32535661.883929618,68,2.7734785119537264,3
1500,2300,STRIP,11,303.7216147094269,299.125,-30444294.07740537,79,2.972996116965078,3
1000,1500,STRIP,8,395.874369245043,395.78125,-27399461.18367232,77,2.904828206053935,3
2000,2000,STRIP,3,162.07002129986537,162.09375,-27187554.308233224,53,2.0133307280484587,3
3300,2700,STRIP,1,1242.5812911132668,1239.046875,-26406543.29059808,83,1.5639170039212331,3
3200,2700,STRIP,1,1242.5812911132668,1239.046875,-26406543.29059808,83,1.609677327098325,3
3400,9600,STRIP,2,3509.614776367635,3509.6875,-26284871.877775244,131,1.7960920569021257,3
2800,1400,STRIP,4,586.4870918395222,586.484375,-22785061.297600675,81,1.4816829100018367,3
2900,2000,STRIP,1,727.8899498317189,727.890625,-22111139.009165563,62,1.2371669040294364,3
900,1200,STRIP,12,357.2218322067872,357.234375,-22022728.487576485,80,2.457235425012186,3
1500,1400,STRIP,16,272.6698229548156,263.328125,-21790577.273345675,73,2.283876748988405,3
1500,1600,STRIP,9,340.3029497327534,340.21875,-20721472.929562725,77,2.451259838999249,3
1600,1600,STRIP,6,190.735335545903,190.59375,-20719093.36614552,69,2.145480421022512,3
700,1400,STRIP,11,183.7296046803064,183.03125,-19720275.58197848,52,2.0436867979587987,4
900,1300,STRIP,10,280.2154484470346,275.203125,-17322378.042690888,70,2.2352041760459542,4
1100,1800,STRIP,7,348.0346939305249,341.421875,-16977046.92814886,67,2.371021826984361,4
1100,1400,STRIP,13,397.3029978638703,396.703125,-16303931.896327302,94,2.9288950249319896,4
1000,1100,STRIP,13,341.8333910119346,341.71875,-16196286.855598368,79,2.454442040994764,4
2700,1100,STRIP,1,254.1716426781393,254.09375,-15237614.322054729,48,1.22972198901698,4
1600,2000,STRIP,7,245.31492090383665,241.796875,-14116272.661617026,71,2.834755397052504,4
1500,2100,STRIP,9,327.9856190696822,323.703125,-13764304.85079461,75,2.8256423100829124,4
1100,1300,STRIP,9,249.33855575821224,249.171875,-13139601.798461646,76,2.48659128008876,4
1200,1500,STRIP,7,191.5174197995668,190.28125,-12397726.1895685,68,2.486778695951216,4
2000,3300,STRIP,3,434.18419603656304,434.140625,-11802332.663891,61,1.3378770869458094,4
1300,1500,STRIP,7,192.52575368078607,189.671875,-11280028.192848803,69,2.400422740029171,4
2600,1100,STRIP,1,324.6108976402596,324.640625,-11217687.055525068,52,0.9530266639776528,4
1600,1200,STRIP,9,180.84362728372983,180.828125,-11167224.394850658,64,1.9251847648993128,4
1000,1300,STRIP,12,212.3291861241687,205.15625,-10856845.409949284,81,2.6425850379746407,4
1300,1400,STRIP,10,161.86805710411917,157.671875,-10852436.571689934,66,2.2861845010193065,4
1300,1000,STRIP,6,258.32534665581096,258.296875,-10544145.10313068,63,1.9383064729627224,5
1500,900,STRIP,8,237.92221656454387,231.5,-10392558.22702704,63,1.8540845720563084,5
800,1000,STRIP,5,140.52969828035515,140.59375,-9851384.758354094,56,1.8089556520571928,5
2400,3600,STRIP,3,448.3799755680858,448.40625,-9543031.101835525,71,1.9396171000553293,5
900,1000,STRIP,10,176.94258580825212,176.84375,-8726681.359715842,67,2.084212179062888,5
3200,2800,STRIP,1,286.7831190103195,286.828125,-7789881.53947744,54,1.4371746609685945,5
1600,2100,STRIP,12,446.5789171082021,438.234375,-7737152.459325999,75,2.7430669909808785,5
900,900,STRIP,9,204.6712155956944,202.78125,-7714042.2632369455,87,2.543367046979256,5
1100,600,STRIP,6,138.28654507217928,136.09375,-6606284.109008255,64,2.005489949020557,5
1600,1300,STRIP,9,110.13262033061896,104.28125,-6255201.862044886,73,2.015678338939324,5
2400,2500,STRIP,1,28.37426236091753,28.375,-5885462.243812618,35,1.5831841129111126,5
1500,1000,STRIP,8,150.4093801629346,150.421875,-5437132.243624214,72,2.08572135202121,5
1200,1100,STRIP,7,149.85574285302204,149.953125,-5343567.119536528,56,1.9640303900232536,5
2200,4300,STRIP,1,990.3755811451512,990.390625,-5231868.79557783,93,2.308059962000698,5
2200,3500,STRIP,2,289.27618219362176,288.5625,-5159959.801098151,74,2.157048074994236,5
300,700,STRIP,10,184.0178060614146,184.0,-5153532.556039479,68,2.1900764330057427,5
2200,4100,STRIP,1,1061.3000850630087,1061.265625,-5120330.835886134,100,2.346754687023349,6
1600,4100,STRIP,2,329.45475391059216,328.96875,-5065621.809068913,69,1.823307240032591,6
1200,1300,STRIP,5,129.7173771412377,129.59375,-4998164.701872814,59,2.074463892960921,6
1800,2500,STRIP,2,307.0487420383026,307.25,-4894986.811732978,64,2.4413505810080096,6
900,300,STRIP,8,142.64828511049296,140.8125,-4468583.550008165,58,1.8143637590110304,6
1800,2400,STRIP,2,82.74039342033966,82.75,-4358670.063937773,46,1.9276226670481265,6
700,1000,STRIP,2,46.58145914962931,45.90625,-4351421.372512538,30,1.190378541010432,6
400,700,STRIP,7,187.1443286837845,185.0,-4058306.531024996,59,2.058985998039134,6
1100,200,STRIP,6,107.02756136124884,106.3125,-3995409.293208596,57,1.726999233942479,6
1300,700,STRIP,6,117.44516555894222,117.625,-3657570.872098204,67,2.034838767023757,6
800,700,STRIP,8,195.9317790191753,195.109375,-3565219.9757818407,73,2.3559064699802548,6
1700,2400,STRIP,5,269.6999024751855,269.640625,-3246552.6578802634,59,2.1147860820638016,6
600,900,STRIP,4,126.44253297839464,126.53125,-3104847.1380834687,57,1.7331873330986127,6
2600,2800,STRIP,2,41.11899594410107,41.046875,-2972912.692467658,35,1.4750853979494425,6
800,200,STRIP,3,225.91346084475703,225.9375,-2892228.5966025176,52,1.625599968014285,6
700,700,STRIP,6,168.91065210380998,168.90625,-2607259.5474965847,64,2.1225801430409774,6
1200,400,STRIP,7,102.29511583712728,102.859375,-2517997.3213699423,57,1.8426410040119665,7
1000,600,STRIP,4,98.50838886200565,98.4375,-2434778.743680082,59,1.954474505968392,7
2400,3400,STRIP,1,232.74708108573248,232.78125,-2384420.299933248,48,1.591693393071182,7
500,200,STRIP,7,144.5567356000984,142.84375,-2126692.078576445,58,1.7206440949812531,7
2700,3100,STRIP,4,94.2342516374232,94.0625,-2110903.468717532,42,1.344274871982634,7
500,500,STRIP,8,150.53616214478035,149.203125,-2092994.5794877885,69,2.28170771303121,7
600,600,STRIP,9,167.03738271870597,167.46875,-2061020.3121362696,62,2.0088677280582488,7
400,400,STRIP,11,192.3329305742617,186.15625,-2057250.2474224465,78,2.450712888967246,7
500,600,STRIP,6,135.4171540113409,135.53125,-1964384.236972032,65,2.09434136596974,7
1200,200,STRIP,7,110.25606770318046,109.9375,-1849499.1640686623,50,1.6098063559038565,7
500,700,STRIP,5,79.46971596824936,79.40625,-1783744.3661762765,50,1.7928877749945968,7
1000,300,STRIP,6,85.90627781468504,81.5,-1725468.810854013,55,1.762653330923058,7
2200,3400,STRIP,2,95.7085037122519,95.734375,-1688673.439449716,58,1.722904977039434,7
200,500,STRIP,6,137.91048436863625,136.515625,-1374287.7867125322,63,1.8816594140371308,7
400,500,STRIP,9,139.88156664528705,138.25,-1170603.3570057228,56,1.8883631390053777,7
2100,3500,STRIP,1,47.787806607593865,47.8125,-953560.5167378348,30,1.2166984060313553,7
3200,3900,STRIP,2,167.40985650735502,167.4375,-633431.8768754655,46,0.6685628860723227,8
4200,5300,STRIP,2,926.0634009867258,926.078125,-541695.2031747515,87,2.1275547510012984,8
2600,4100,STRIP,1,132.0937532984823,132.09375,-488988.987629444,41,0.6545792579418048,8
2300,3400,STRIP,1,38.36932745672738,38.359375,-403600.7014120959,35,1.3216112309601158,8
4000,4900,STRIP,1,558.9080736143488,558.859375,-390009.9051256197,68,1.5289193160133436,8
2400,5500,STRIP,1,690.8986881214332,691.0,-309169.4826349672,67,0.949742360971868,8
300,500,STRIP,1,31.8158406688871,31.78125,-269619.0191607782,36,1.423298185924068,8
4000,5100,STRIP,1,256.2535979228131,256.234375,-219578.6616420022,48,1.283560489071533,8
3500,9700,STRIP,3,299.34228802730775,299.296875,-128608.09961493708,70,1.8608430150197817,8
1700,4100,STRIP,1,16.391896990602334,16.390625,-96467.7417666699,36,1.2255418410059065,8
2600,6400,STRIP,1,749.0570124453582,749.078125,-65807.17321448104,73,1.476565518998541,8
3700,3700,STRIP,1,19.05779057623784,19.046875,-64079.55192008376,30,0.6720901919761673,8
2000,4800,STRIP,2,49.39595326878353,49.375,-61289.4933707271,36,1.2057659570127726,8
3900,5100,STRIP,1,328.7812124016994,328.796875,-45075.34882308587,54,1.452524772961624,8
3300,4500,STRIP,1,55.90590776596068,55.859375,-44839.72798812312,35,1.029135926044546,8
3800,10900,STRIP,1,604.5963017186311,604.59375,-40397.69386156096,77,1.9846469170879573,8
3900,10900,STRIP,4,792.5262671184593,790.0,-18950.48717341709,82,1.53102376696188,9
2800,5600,STRIP,1,246.81699959827355,246.796875,-12332.272367689558,48,1.2858849649783224,9
3400,5000,STRIP,1,59.46759249246064,59.421875,-11119.664152912035,36,1.2822158810449764,9
3900,11000,STRIP,1,374.5549148258604,372.03125,-8875.351789855653,65,1.581424376112409,9
5000,9900,STRIP,3,795.8291239685825,794.09375,-6942.933616721062,67,0.83087678195443,9
5100,10200,STRIP,3,237.0672515095692,236.078125,-3796.9791075519406,53,1.035030161961913,9
4100,10900,STRIP,2,261.1932270296885,261.21875,-3510.287257343829,48,1.286262628971599,9
5100,9900,STRIP,1,397.7592779361595,397.765625,-2948.498899544924,54,1.5105189690366387,9
4800,10100,STRIP,1,287.4267249942777,287.40625,-2305.178828887234,55,1.4076303339097649,9
5000,10100,STRIP,2,367.9122636384532,367.875,-1369.6567582792736,73,0.9332192130386828,9
3400,6700,STRIP,1,99.40525458528364,99.453125,-1154.7617580308497,42,1.1392746899509802,9
4600,9500,STRIP,1,233.9140098417363,233.90625,-616.270512546663,52,1.00577531196177,9
3800,10600,STRIP,1,305.1325032276236,305.15625,-604.072933099845,48,0.7834905689815059,9
2900,7400,STRIP,1,37.14396919441232,37.125,-283.9960047696659,36,0.9720907029695808,9
4400,9100,STRIP,1,95.06487384889498,95.03125,-200.91413772495213,41,0.8957984419539571,9
3400,7900,STRIP,1,111.44033604088656,111.453125,-172.25316288393472,41,0.6617814559722319,9
