clearing,ranking,rule,k,topup,tiles,share_cleared_in_tiles,n_buildings,D,lensA,frac_of_unrestricted
cheap,all tiles,-,0,False,2518,0.9602657814810668,529,0.0479723098202544,0.260032157724734,0.9582508796738002
simp,all tiles,-,0,False,2518,0.9064359757993052,641,0.0453115162848267,0.2822191619348333,0.9363408890629188
cheap,lin100,R20,2,False,43,0.4178396140592625,166,0.0208741494359098,0.1725899747670576,0.6360155474250434
simp,lin100,R20,2,False,43,0.4920427256989993,287,0.0245965546090341,0.1965547651041385,0.6521253278672093
cheap,lin100,R20,3,False,65,0.557961759423913,254,0.027874277004492,0.2003576598154869,0.7383429243809723
simp,lin100,R20,3,False,65,0.6058406491545602,381,0.0302851598712967,0.2227979750707479,0.7391945062445227
cheap,lin100,R20,5,False,114,0.754089093314484,368,0.0376722739831071,0.2323999758273665,0.8564228487019976
simp,lin100,R20,5,False,114,0.7868670042430289,518,0.0393344240836322,0.2600088699041473,0.8626520422681655
cheap,lin100,STRIP,2,False,43,0.4554009963416632,176,0.0227506156214997,0.182530051871497,0.672645969264782
simp,lin100,STRIP,2,False,43,0.5160597773294249,293,0.0257971347438924,0.2049295115311977,0.6799108880730744
cheap,lin100,STRIP,3,False,64,0.6034522908370151,255,0.030146862270908,0.2073129022365151,0.7639738587492905
simp,lin100,STRIP,3,False,64,0.6268426262384945,370,0.0313350204814883,0.2284180097239401,0.7578405407931955
cheap,lin100,STRIP,5,False,112,0.7910289957903871,389,0.0395176926999657,0.2395110443029056,0.8826280214842016
simp,lin100,STRIP,5,False,112,0.7899490694272487,519,0.0394884923802513,0.2636144681628957,0.8746146214780767
cheap,lin50,R20,2,False,36,0.3897166206772425,136,0.0194691999129616,0.1595639483667874,0.5880130181766167
simp,lin50,R20,2,False,36,0.4095576825347096,211,0.0204732381516334,0.1757066837795635,0.5829559955338643
cheap,lin50,R20,3,False,57,0.4967145355871155,196,0.0248145295322894,0.1853779173558396,0.6831407081826232
simp,lin50,R20,3,False,57,0.5377826699181716,301,0.0268830329513423,0.2051509213313695,0.6806454769213964
cheap,lin50,R20,5,False,97,0.6964206019236862,320,0.0347913104111269,0.2213198792546531,0.8155913131697162
simp,lin50,R20,5,False,97,0.7155599105170558,454,0.0357698782967784,0.245038813352865,0.8129846987594831
cheap,lin50,STRIP,2,False,38,0.3576537090407855,128,0.0178674226129404,0.1406384678952367,0.518270266092428
simp,lin50,STRIP,2,False,38,0.3498754080421818,187,0.0174898014558436,0.151989581816189,0.5042678859592571
cheap,lin50,STRIP,3,False,59,0.5309857897589862,209,0.026526629718267,0.1891036184366046,0.6968703805788503
simp,lin50,STRIP,3,False,59,0.5216066532890173,291,0.026074415618751,0.2016528408526513,0.6690396179747493
cheap,lin50,STRIP,5,False,102,0.726225948455743,336,0.0362803057973111,0.2298627135730253,0.8470727213621346
simp,lin50,STRIP,5,False,102,0.7411995518719666,468,0.0370515695113903,0.2519821410636264,0.8360211276014435
cheap,ts50,R20,2,False,42,0.4211103811701001,172,0.0210375482117664,0.1601981530245008,0.5903501413096347
simp,ts50,R20,2,False,42,0.4629316116743301,276,0.0231413291409197,0.1819634804995565,0.6037146660767134
cheap,ts50,R20,3,False,64,0.588671899673757,254,0.0294084734645769,0.2044139263433609,0.7532907716108571
simp,ts50,R20,3,False,64,0.6382826563745067,388,0.0319068922139068,0.229085357014718,0.7600546518098847
cheap,ts50,R20,5,False,113,0.7850899608815236,392,0.0392209944022904,0.2384038736627435,0.878547959813493
simp,ts50,R20,5,False,113,0.8097530085240939,536,0.0404784646814931,0.265174183067748,0.8797894112786051
cheap,ts50,STRIP,2,False,41,0.4543509699735801,189,0.0226981591128741,0.1670777698246051,0.615702385848163
simp,ts50,STRIP,2,False,41,0.4693514630331491,277,0.0234622488828075,0.1856955272607127,0.6160967735084274
cheap,ts50,STRIP,3,False,62,0.5867809070652363,270,0.0293140045320863,0.1922760285554471,0.7085611068861901
simp,ts50,STRIP,3,False,62,0.6142537229127366,393,0.0307057181222674,0.2192618302835886,0.7274623583238634
cheap,ts50,STRIP,5,False,114,0.797368845559849,398,0.0398344146359337,0.2408393235720464,0.8875228959845087
simp,ts50,STRIP,5,False,114,0.7995851370690065,528,0.0399701864518995,0.2657245070823382,0.8816152648937933
cheap,lin100,R20,2,True,43,0.4178396140592625,483,0.0499965121513511,0.2268010150738206,0.8357899811586534
simp,lin100,R20,2,True,43,0.4920427256989993,523,0.0499995201448447,0.2340028056050994,0.776369660874018
cheap,lin100,R20,3,True,65,0.557961759423913,481,0.0499978049400518,0.2384001640483801,0.8785342894226533
simp,lin100,R20,3,True,65,0.6058406491545602,562,0.0499976114023813,0.2487081650234177,0.8251587977183736
cheap,lin100,R20,5,True,114,0.754089093314484,472,0.049995947955143,0.2525255783519295,0.9305881999872913
simp,lin100,R20,5,True,114,0.7868670042430289,593,0.0499991657282297,0.2726766620885105,0.9046809807536034
cheap,lin100,STRIP,2,True,43,0.4554009963416632,531,0.0499992689296576,0.2316166667184777,0.8535362571003398
simp,lin100,STRIP,2,True,43,0.5160597773294249,568,0.049998035023493,0.2386515689811502,0.7917932317000829
cheap,lin100,STRIP,3,True,64,0.6034522908370151,485,0.0499966263919045,0.2401485597023818,0.8849773451128597
simp,lin100,STRIP,3,True,64,0.6268426262384945,565,0.0499982422793856,0.2512391802962088,0.8335561477583552
cheap,lin100,STRIP,5,True,112,0.7910289957903871,493,0.0499999662492216,0.2566638284940835,0.945838167044162
simp,lin100,STRIP,5,True,112,0.7899490694272487,611,0.0499970525066749,0.2764260309876163,0.917120559215764
cheap,lin50,R20,2,True,36,0.3897166206772425,514,0.0499978902627974,0.2177533585210556,0.8024482401734813
simp,lin50,R20,2,True,36,0.4095576825347096,533,0.0499919083002236,0.2174239769854522,0.7213647667239649
cheap,lin50,R20,3,True,57,0.4967145355871155,464,0.049998871435183,0.2323741103641227,0.856327531249251
simp,lin50,R20,3,True,57,0.5377826699181716,513,0.0499943431275215,0.2382721096655343,0.7905342694435474
cheap,lin50,R20,5,True,97,0.6964206019236862,469,0.049998509536187,0.2465664752952603,0.9086281632130512
simp,lin50,R20,5,True,97,0.7155599105170558,572,0.0499973830932252,0.2633534265218175,0.8737485429290018
cheap,lin50,STRIP,2,True,38,0.3576537090407855,537,0.0499990763974883,0.2043298255143051,0.7529808495837926
simp,lin50,STRIP,2,True,38,0.3498754080421818,560,0.0499964603900342,0.2001638691194881,0.6640995384037472
cheap,lin50,STRIP,3,True,59,0.5309857897589862,506,0.0499971353863174,0.2299773561789473,0.8474951936399256
simp,lin50,STRIP,3,True,59,0.5216066532890173,558,0.0499995287939072,0.2322181203565377,0.770448469127578
cheap,lin50,STRIP,5,True,102,0.726225948455743,490,0.0499963697924115,0.2533292743102676,0.9335499196676816
simp,lin50,STRIP,5,True,102,0.7411995518719666,593,0.0499965767950323,0.2689904743435944,0.8924510234159632
cheap,ts50,R20,2,True,42,0.4211103811701001,526,0.0499979567421624,0.2177356588153789,0.8023830145541462
simp,ts50,R20,2,True,42,0.4629316116743301,562,0.0499977125742233,0.2219369109386418,0.7363376855046802
cheap,ts50,R20,3,True,64,0.588671899673757,465,0.0499992500255726,0.2402285450517548,0.8852721010848454
simp,ts50,R20,3,True,64,0.6382826563745067,546,0.0499984473501704,0.2530902982243068,0.8396977484727525
cheap,ts50,R20,5,True,113,0.7850899608815236,484,0.0499952032709072,0.25480384957866,0.938983913141589
simp,ts50,R20,5,True,113,0.8097530085240939,606,0.0499993716868568,0.2752066086168294,0.9130747849353148
cheap,ts50,STRIP,2,True,41,0.4543509699735801,539,0.0499988977124552,0.2177164025241416,0.8023120527231985
simp,ts50,STRIP,2,True,41,0.4693514630331491,577,0.0499926040296169,0.221458078054933,0.7347490236825323
cheap,ts50,STRIP,3,True,62,0.5867809070652363,540,0.0499947016953255,0.2301259969693003,0.8480429534607011
simp,ts50,STRIP,3,True,62,0.6142537229127366,617,0.0499999149198832,0.2468160640871545,0.8188812244284829
cheap,ts50,STRIP,5,True,114,0.797368845559849,494,0.0499965363757818,0.2575244354416559,0.9490096108062742
simp,ts50,STRIP,5,True,114,0.7995851370690065,618,0.0499976338083606,0.2779938897211165,0.9223223684422744
