L,fill,J2_err,P_err,spearman,med_abs_rel,medrel 0-10,J2err 0-10,medrel 10-30,J2err 10-30,medrel 30-100,J2err 30-100,medrel 100-200,J2err 100-200,medrel 200-300,J2err 200-300,medrel 300-450,J2err 300-450,medrel 450-,J2err 450-
100,open-outside,-0.0229616050107717,-0.014624866589158,0.9982957913634338,0.0158511159846885,0.2460585474084096,0.8153490444066827,0.0257553396872271,-0.1648322423331021,-0.0697812367998654,-0.1649957141950042,-0.023721721699184,-0.0710703382386817,-0.0078230675641584,-0.0125832618714261,-0.0064180519457468,-0.0130182829340855,-0.0048845692101481,-0.0126640223378097
100,extrapolated,0.0279417770097312,0.0163406613275569,0.9984938384688532,0.023089123710976,0.561435401211204,2.319256885834942,0.3292213219178658,0.5861524074870337,0.0433407160892741,0.0569135014948829,0.0273379903529849,0.0260209935497102,0.0243969533580397,0.0467700596632003,0.0156337606553791,0.0266399727855555,0.0100570755303109,0.0139345496946214
100,inside-avg,0.0215766815570446,0.0119144180369048,0.99862249978997,0.0188241791363711,0.558281150092217,1.9326797072539512,0.2621824006153076,0.4931817065573181,0.0255395131619499,0.0330893476904159,0.0194261391701154,0.0151229082060204,0.0181010131721538,0.0393372325654124,0.0111992064559759,0.021331496972206,0.0070855830060594,0.0102629602859041
200,open-outside,-0.1214195067863209,-0.0647676733207976,0.9948778359939864,0.0572661586684896,0.228577836228113,0.809957350022801,0.0214044098308264,-0.1742721059908983,-0.1400523039471914,-0.3202253021459394,-0.100181178115623,-0.2562958589229276,-0.0543011496300558,-0.1349629377330028,-0.0428258704478947,-0.1020791440548616,-0.0271973456682389,-0.0663675665492462
200,extrapolated,-0.0368113700123351,-0.0137800266853164,0.9969705237859856,0.0206068005175962,0.5626389612160694,2.0397188144149685,0.3057146553247632,0.6434544564719227,0.0150607399987366,0.0167180732321809,-0.0119961069315762,-0.100076561806308,-0.0026043972844669,-0.0362369020473256,-0.0069460840343487,-0.0343688075281243,-0.0024563346395463,-0.0194292575096476
200,inside-avg,-0.0178429218257686,-0.0033148908847413,0.9975441551724415,0.0199905256192823,0.5670936905420649,2.141515557163312,0.3245469661037995,0.6958850261970626,0.0334820362138644,0.0686664675766588,0.003229583203316,-0.0623773333600684,0.0095519026426601,-0.0129963335981982,0.0012182874117085,-0.0191284332918769,0.0031752610066013,-0.0089119663755105
50,open-outside,0.0963847079738948,0.0410515163009768,0.9984133096900136,0.0268838617696765,0.2186050327916122,0.6790893051516982,0.0291347859187417,-0.1965379219079986,-0.003665450967246,-0.013449377861197,0.0175545247775332,0.07938578979809,0.0247939481330083,0.1130079502852052,0.0252511410219141,0.1102244812506565,0.0262967904452638,0.0821130335173567
50,extrapolated,0.1211999148832805,0.055411457677537,0.9983251891627304,0.0393225972724573,0.542131000162748,1.9814945085019504,0.2178342250111614,0.3782847615078419,0.0419297199036884,0.1053728545281202,0.039593623819927,0.1287188859088879,0.0378316920336859,0.1420812637281077,0.034120542551977,0.1289093532904399,0.0321381968457069,0.0939155498503805
50,inside-avg,0.1079797682185268,0.0479649573388694,0.9984232751755744,0.0334288848775798,0.458168705468514,1.3865507547532592,0.1492864078625335,0.031431256436782,0.0269169472707516,0.0395847562487718,0.0307222685392526,0.1023413226144134,0.0318704512699485,0.1266900645413542,0.0300608714968205,0.1190494943205267,0.029318417726543,0.0877170882243609
