field,fill,clearing,n_buildings,lensA_lifted_stored,lensA_fine_scalar,lensA_twoscale,J_twoscale,J0_twoscale,windows_recomputed,windows_total,update_s,update_cpu_s,macro_s
L50_s10,open-outside,cheap,548,0.271361,0.2121921428690919,0.2094756806724671,13423676783.361712,21480333348.76969,5051,68267,112.52711904002354,228.275719,22.761487680953
L50_s10,extrapolated,cheap,548,0.271361,0.2121921428690919,0.2137969132680078,13577837057.923658,21966512071.124638,5051,68267,112.52711904002354,228.275719,22.570175101049244
L50_s10,inside-avg,cheap,548,0.271361,0.2121921428690919,0.2105139978783502,13530029575.767448,21707503389.94429,5051,68267,112.52711904002354,228.275719,22.77531296305824
L50_s10,open-outside,simp,714,0.301406,0.2302008764012642,0.2183621700581474,13123574997.771252,21480333348.76969,4733,68267,102.7861549470108,208.648005,20.30301618494559
L50_s10,extrapolated,simp,714,0.301406,0.2302008764012642,0.2238003910864107,13234512320.587578,21966512071.124638,4733,68267,102.7861549470108,208.648005,19.990647407947108
L50_s10,inside-avg,simp,714,0.301406,0.2302008764012642,0.2203317215578319,13195614130.04604,21707503389.94429,4733,68267,102.7861549470108,208.648005,21.2313201460056
L100_s25,open-outside,cheap,548,0.271361,0.2121921428690919,0.1909968535616494,12528241007.42484,19142104287.188705,1215,11126,134.09500502201263,270.1294230000001,15.909934914903715
L100_s25,extrapolated,cheap,548,0.271361,0.2121921428690919,0.1969256246153217,12988473159.85148,20139401683.283104,1215,11126,134.09500502201263,270.1294230000001,16.142004067078233
L100_s25,inside-avg,cheap,548,0.271361,0.2121921428690919,0.1978108054970855,12879607667.554886,20014696941.30166,1215,11126,134.09500502201263,270.1294230000001,16.110914443037473
L100_s25,open-outside,simp,714,0.301406,0.2302008764012642,0.2046412037139514,12109211230.68631,19142104287.188705,1144,11126,146.37279991502874,296.65509600000007,17.861025881953537
L100_s25,extrapolated,simp,714,0.301406,0.2302008764012642,0.2125554070168425,12487818400.910225,20139401683.283104,1144,11126,146.37279991502874,296.65509600000007,17.54157706000842
L100_s25,inside-avg,simp,714,0.301406,0.2302008764012642,0.2139502227673666,12366565907.367128,20014696941.30166,1144,11126,146.37279991502874,296.65509600000007,17.402778463903815
