band,homes,J2_share,fine_median_u,L,fill,0-10,10-30,30-100,100-200,200-300,300-450,450-
0-10,36.0,2.6922698769001e-07,14.4849237560335,,,,,,,,,
10-30,445.0,0.0003808276260249,59.84397762545655,,,,,,,,,
30-100,1785.0,0.0216421936876661,246.542231976676,,,,,,,,,
100-200,2405.0,0.1169078775724001,833.6547293437327,,,,,,,,,
200-300,2427.0,0.2049844445776927,1317.2311811408222,,,,,,,,,
300-450,2949.0,0.3710826618555072,1575.5072031251827,,,,,,,,,
450-,2598.0,0.2850017254537211,1445.315207122254,,,,,,,,,
,,,,100.0,open-outside,3.2256633787838727,0.952898004749315,-13.882816487563332,-11.358665368106529,-7.163888192725551,-7.935149786477268,-6.866960360820144
,,,,100.0,extrapolated,8.184623425027777,16.765139769433958,7.468009878815366,13.197838962103702,24.48560938159505,20.233469654620198,12.922668108947107
,,,,100.0,inside-avg,7.660730569481061,12.451882586974593,4.032488763591829,9.296814306905958,16.88344730505918,14.18929116336335,9.090907575289066
,,,,200.0,open-outside,3.2310993522357467,0.8730013709863513,-28.55509456838594,-72.56592258793012,-67.72289969364647,-63.01774248138622,-36.00544884946919
,,,,200.0,extrapolated,8.303304400795634,15.403009377910436,2.637397079654022,-6.28626284425809,-2.409802855521889,-9.46695204009302,-2.3755011793815584
,,,,200.0,inside-avg,8.498677477291828,16.340669319148574,5.373522943407039,1.4179983519662755,8.972610680180196,1.121119861602665,2.841001217646408
,,,,50.0,open-outside,2.8826197668344182,0.9912052118694064,-0.6784274998727255,8.454468443443943,31.467394776673927,37.24572870834072,34.068854282228244
,,,,50.0,extrapolated,6.654981130736166,11.04523130706152,7.443047466765904,21.86424984284872,49.422189509479495,50.53115373435776,41.72873464070142
,,,,50.0,inside-avg,5.514839098985211,6.657247488004558,4.432995155175007,15.624801779288418,41.347462795651154,44.341461443953904,37.65731821990346
