r0,c0,rule,n_bldg,cleared_m2,dJ_ts50,dJ_lin50,windows50,dJ_lin100,windows100,seconds
100,400,R20,6,115.3125,-554864.0344752974,-569897.8210664863,79,-524262.3345794645,32,13.90473347599618
200,200,R20,6,128.40625,-439719.1307051092,-459166.6159146965,73,-427952.5664319872,30,13.907828690949827
200,300,R20,7,131.84375,-452591.9565131127,-470719.1857050799,84,-400498.7960297414,34,14.688707225956025
200,500,R20,5,91.234375,-1016971.999047806,-1053329.8002006072,80,-1120483.8904900018,28,13.943464808980934
300,200,R20,6,191.71875,-1146623.3119810077,-1214831.2139480363,84,-1084241.5485114437,34,14.915493799024262
300,300,R20,4,120.453125,-448818.81849414407,-464254.7328878797,71,-495707.11939769407,35,15.329573757015169
300,400,R20,6,116.828125,-469628.755342893,-481648.097737947,80,-475184.84827450727,34,15.353784398990683
300,500,R20,5,65.53125,-397888.1288326811,-403084.0018470385,67,-404438.0897916284,32,14.824951741960833
300,600,R20,7,157.453125,-2427172.5552242026,-2592078.734101709,79,-2553164.9354425,32,15.37074580101762
300,700,R20,10,135.875,-2798448.645123488,-2883927.5833527464,75,-2615807.8842505887,33,15.857631994062103
400,200,R20,7,135.40625,-910017.0070087996,-936194.8827663644,76,-1011269.8118083604,35,15.232239561039025
400,400,R20,9,150.1875,-1357561.24930118,-1451272.2347229514,86,-1360615.1827631148,33,16.06242099904921
400,500,R20,7,117.46875,-861585.9335300155,-891881.1305381516,66,-955831.5289595764,30,14.734746554982848
400,800,R20,7,135.03125,-3761221.5720970607,-3939648.659087559,66,-3661775.245871741,30,15.461185236927122
400,900,R20,11,201.890625,-8378187.294984667,-8845414.626633126,78,-7594678.798000598,31,15.088628111057917
500,200,R20,6,140.375,-2021355.530488524,-2122800.7643299354,67,-2327016.48659641,28,13.88716060097795
500,300,R20,6,134.640625,-1264655.8650168923,-1314469.753699218,90,-935680.7643194082,33,15.22876220010221
500,400,R20,4,113.65625,-1168140.799804818,-1235841.7312251762,69,-1055528.84629807,32,15.555472521926276
500,600,R20,6,127.71875,-1697562.876302204,-1761790.357509792,67,-1793743.4211243796,33,15.604347050073557
500,700,R20,5,99.21875,-1854600.3906793296,-1944236.63254084,70,-1903227.1729216988,28,14.635498262010517
500,800,R20,10,157.28125,-4162050.946680405,-4361200.935646234,80,-3742436.615587757,33,15.937812063959427
500,900,R20,6,173.140625,-5590126.033852873,-5747396.34480313,79,-6047549.627292371,30,15.033682937035335
500,1000,R20,1,17.109375,-1337652.481744825,-1348534.4095949107,36,-1149468.199309638,16,12.848795971018262
500,1200,R20,1,1018.859375,-123011911.25650692,-461004561.1310429,76,-146047683.72526634,29,12.50166491395794
600,400,R20,8,92.71875,-1090832.9076568652,-1136274.6054977512,65,-1207048.08723496,32,15.771129262982868
600,600,R20,7,146.71875,-1651049.220877558,-1705084.6246680631,74,-1452190.5420295834,33,15.79943555605132
600,700,R20,9,127.578125,-2449900.200213177,-2574677.1042241,76,-2366807.863139529,35,15.630058899056166
600,800,R20,8,126.265625,-2349816.356462549,-2434556.256679287,71,-2539244.0132587696,32,15.152013830957005
600,900,R20,6,140.25,-3028824.423448099,-3144174.996897791,64,-2729921.5172497435,28,13.845395197044128
600,1200,R20,1,737.265625,-66117518.91164528,-116297322.6276726,78,-85737992.69372632,29,14.293957028072327
600,1300,R20,10,291.0,-54491130.579698525,-70913456.09898956,74,-44827514.88983004,30,15.00581104599405
600,1400,R20,12,188.8125,-52928819.13289065,-59773440.0695504,86,-56217832.81461631,32,16.79727479000576
700,200,R20,10,139.203125,-2494950.146185565,-2574306.67912343,64,-2801431.865244043,29,14.386957362992687
700,400,R20,4,107.484375,-1397026.841204225,-1449547.15943068,72,-1427075.718253333,31,15.256860727909952
700,500,R20,8,161.953125,-1623986.8421023136,-1700039.941040363,75,-1541324.426467646,34,15.545944326906463
700,700,R20,6,101.46875,-1734311.9554954872,-1804864.3922957813,86,-1611992.4414014537,32,15.069263873039745
700,800,R20,6,146.625,-3391277.7045939416,-3637375.593478129,85,-3118640.4693685696,33,15.01724807091523
700,1000,R20,3,51.28125,-4779879.010325326,-4923148.137830546,44,-4729154.810319936,24,13.169382129097356
700,1100,R20,2,175.484375,-17080033.361607917,-21882558.672107924,57,-10061834.538790328,24,12.872266403981484
700,1200,R20,9,145.75,-11157600.67098999,-12299541.583789602,60,-11077441.251427513,29,14.871386107988656
700,1300,R20,9,201.390625,-22043483.677415527,-23356475.08610284,87,-23897519.31731868,33,17.16359932499472
700,1400,R20,8,197.03125,-35757705.28757257,-39701891.31498517,72,-40947633.15924718,29,16.94538890698459
700,1500,R20,9,261.703125,-39063279.42671449,-42749501.66325247,79,-37977605.33866476,34,17.976273284992203
700,1600,R20,3,210.515625,-70314605.32968774,-82501659.06207693,52,-65587388.51217155,28,16.08472369296942
700,1700,R20,10,253.828125,-94048061.99192923,-104128791.27702533,96,-95121697.82788292,34,18.661428368999623
800,200,R20,4,70.125,-1461375.503804194,-1490285.233561739,84,-1276635.3692788114,31,15.024168386938982
800,400,R20,5,131.8125,-2022553.3293919845,-2115711.8790581143,72,-2151431.2797381086,29,15.042996105039492
800,700,R20,4,90.90625,-1517154.1932863952,-1587835.7298883349,58,-1452528.4090973218,28,14.189295237069018
800,900,R20,10,164.75,-5784108.124315547,-6030624.965864154,82,-5580183.630574229,34,15.581549794063903
800,1000,R20,8,114.0,-8246618.775704269,-8548938.494668096,86,-8704341.800100066,36,15.883952036034316
800,1100,R20,7,150.640625,-9274196.659516698,-9786824.53975815,74,-9342682.421842976,29,15.295562293031251
800,1200,R20,9,150.8125,-7468089.649920431,-7946940.476439631,74,-6389756.038842807,28,15.09622870304156
800,1300,R20,5,146.78125,-8722436.602278206,-9262186.213171871,58,-10783743.03240498,29,15.427281855954789
800,1400,R20,10,203.84375,-35486552.724390775,-65639914.49553864,82,-23412176.661457103,29,14.610237155924551
800,1600,R20,8,193.25,-37031285.97901809,-40839890.38536081,69,-38907304.53225128,29,17.70239723601844
800,1700,R20,8,233.46875,-82320741.16395551,-90073700.46631508,90,-103791528.9533284,34,18.878427003044635
800,1800,R20,6,259.359375,-140792427.17670566,-176191503.71076334,57,-119511252.64748178,29,16.97796735004522
800,2000,R20,8,194.015625,-52299938.16792463,-55920711.32650472,94,-60730181.09123103,32,18.46343625395093
900,300,R20,5,112.1875,-3039250.833339026,-3189290.6179779144,60,-2972008.144467134,29,14.438004121999256
900,500,R20,5,109.421875,-1875029.696133013,-1957427.704730483,65,-1906307.1475208425,28,14.24958011205308
900,600,R20,6,151.328125,-3218738.662823593,-3413440.252039707,69,-3153684.085798708,30,15.007552812923675
900,700,R20,8,143.4375,-2418842.8742417805,-2526982.754866302,76,-2133610.0539749125,30,15.23106297198683
900,800,R20,6,136.875,-4337448.921195995,-4599447.199693183,73,-4614156.359085748,34,15.950697352993302
900,900,R20,6,136.4375,-4590642.882914653,-4859387.560046266,77,-4249119.068483288,28,15.06822448107414
900,1000,R20,8,164.34375,-6054236.270752725,-6433950.530240767,75,-5873290.054599539,35,16.216336697922088
900,1100,R20,8,153.21875,-8239743.857578885,-8764564.403849738,78,-8245238.310991589,33,16.039391238009557
900,1300,R20,10,217.109375,-14848609.197275223,-16291211.093950508,84,-14596957.637053272,33,16.781843598000705
900,1400,R20,12,205.359375,-29527766.47106055,-49787976.824634194,73,-21691577.506092608,33,15.032462651957758
900,1500,R20,12,243.1875,-31472233.60608663,-36250561.96070006,76,-30217837.95171924,35,17.147531328024343
900,1700,R20,5,210.234375,-44709475.34733942,-49840633.69572772,77,-36741543.800465405,28,15.607002567965536
900,1800,R20,6,186.328125,-45253409.87407776,-50587721.76663023,57,-31832517.339472644,25,14.473067900980825
900,1900,R20,8,264.03125,-61373859.44316131,-67854082.78321098,78,-48908604.04413149,29,15.93507322797086
900,2000,R20,8,183.34375,-75248998.95701526,-81832224.07535814,86,-74258365.84694135,33,19.216798031004146
900,2100,R20,5,989.734375,-702401932.990056,-1150394393.8723197,108,-739124086.6315544,39,18.78390084102284
900,2200,R20,1,911.890625,-230042118.8594769,-322678753.26440257,84,-244107577.41943225,36,17.79964788700454
900,2300,R20,1,768.4375,-204475465.34945744,-362003332.4396656,72,-361967872.0240733,25,12.797395178000444
1000,200,R20,4,98.0,-2919883.370098543,-2994559.034187129,76,-2985423.960874326,32,14.94750165194273
1000,300,R20,6,72.25,-1557277.76796794,-1586148.7319701514,72,-1545530.7100956533,30,14.81392191699706
1000,400,R20,8,98.1875,-2320390.262771832,-2393812.4075298067,75,-2241340.311159535,29,14.509838057914749
1000,500,R20,7,112.4375,-5390331.791299106,-5929810.658954661,85,-4983912.970357388,36,15.389006477897055
1000,600,R20,6,148.96875,-2915266.324408775,-3027473.521813068,80,-2900614.451617057,28,14.6348000530852
1000,800,R20,9,110.484375,-2854018.282130812,-2983792.714031345,79,-2931799.6027185568,35,15.819692741031758
1000,900,R20,9,182.546875,-3270901.995308781,-3462835.420776546,69,-3907921.262238472,34,15.54431060294155
1000,1000,R20,10,128.359375,-3882190.56998986,-4066208.102555844,78,-3747927.926725829,34,15.39549593999982
1000,1100,R20,7,220.921875,-10761042.424117774,-11959885.2222078,76,-8738139.735808114,33,15.889680797001349
1000,1300,R20,7,182.421875,-6471395.596764226,-6779638.380502092,85,-6128458.842881814,33,16.5190627790289
1000,1400,R20,8,202.046875,-8502323.494397756,-9007278.48332527,74,-8968036.209374059,30,16.054159944993444
1000,1700,R20,9,202.015625,-39340373.661275536,-45458330.59589685,80,-32274147.339315742,34,18.586878231959417
1000,1800,R20,10,252.140625,-48119615.64855066,-54656740.66223204,77,-45231544.49993968,34,18.2756620029686
1000,1900,R20,8,271.953125,-78197758.34326735,-94460226.18272172,74,-78133608.10617983,34,18.44213642505929
1000,2100,R20,3,156.0,-80192391.96069923,-133780103.2159934,59,-97688007.59308515,28,15.508965634042395
1000,2300,R20,2,997.828125,-624750501.4739012,-1077873938.921692,107,-515550484.19108105,38,18.792988596949726
1100,100,R20,3,88.234375,-3345095.0750765856,-3497573.087397638,58,-2768514.776612151,24,12.69609526800923
1100,200,R20,6,150.375,-4920255.916510885,-5189981.74303518,78,-5041844.069701214,33,14.84911904798355
1100,300,R20,7,101.484375,-2829097.465257651,-3016643.738675141,64,-3306758.861649923,29,13.765775055042468
1100,400,R20,4,86.3125,-1944661.5842296104,-2012983.2817750943,65,-2178031.464121291,34,14.675502119003797
1100,500,R20,6,125.609375,-2684841.205646896,-2814954.200229356,65,-2609766.691646036,32,14.462666237028316
1100,600,R20,10,147.9375,-3925522.5573374,-4137775.764475768,76,-3458466.94362376,35,15.697789437952451
1100,700,R20,5,113.375,-1792178.1126757446,-1858041.295056204,62,-1715069.314454792,29,14.348608382046224
1100,800,R20,7,134.390625,-4908951.506834325,-5196079.212271413,75,-4910615.668508975,30,14.870290979975834
1100,900,R20,8,133.796875,-4101490.9019449423,-4352541.108437433,80,-4514514.115004673,35,15.95391376898624
1100,1000,R20,10,143.21875,-4177161.854455256,-4431832.896201683,75,-3693835.171217303,33,15.551665098988453
1100,1200,R20,6,126.90625,-2604756.825655977,-2672292.929111612,83,-2336746.27717794,32,16.24043076101225
1100,1300,R20,6,222.984375,-9108774.36809886,-10236231.898776827,72,-10336794.179085253,30,15.506487476988696
1100,1400,R20,11,200.75,-6330420.606196426,-6855899.8080938365,91,-6695110.938395622,34,16.956041160970926
1100,1500,R20,8,272.765625,-5513870.6321324045,-5989565.569212614,78,-6679690.229756055,35,17.357230066903867
1100,1600,R20,9,351.8125,-15801297.396623297,-17922885.793795824,94,-12940237.142795932,34,18.02349376003258
1100,1700,R20,6,277.71875,-13054753.725182837,-14862563.38191307,70,-12278200.504868316,29,15.878527480061166
1100,1800,R20,5,171.296875,-4893847.434485339,-5058664.115979299,70,-4840520.101089887,29,16.460121877025813
1100,1900,R20,2,161.890625,-9158536.939091986,-9906496.017164633,59,-10239457.399062917,24,15.501646112068556
1100,2000,R20,3,156.6875,-13166046.612879988,-13779451.523728164,76,-11410066.812798508,32,16.586500882986
1100,2100,R20,4,312.390625,-42314625.22834801,-50549713.0002324,60,-42584346.43926373,28,15.158285439945756
1100,2400,R20,9,287.84375,-119157257.84272808,-149277816.19096372,85,-62677452.62521723,34,17.96708424098324
1100,2500,R20,9,282.328125,-153986158.71500233,-183539781.46583492,84,-97086752.34555396,33,18.027078607003205
1100,2600,R20,9,255.484375,-152792547.1956085,-167534620.95120007,86,-117259256.25325172,33,18.66648303391412
1100,2700,R20,10,244.8125,-121922663.22562404,-142831152.89959684,77,-43718753.37539838,30,18.08585753699299
1100,2800,R20,6,548.546875,-408420388.9083023,-661360385.7658557,90,-542248787.3765874,32,17.512923022033647
1200,100,R20,7,109.09375,-3039263.7541613462,-3111507.641551094,66,-2853802.586514512,25,13.750930911046453
1200,200,R20,5,89.25,-2554034.25476494,-2628309.325272523,63,-2386834.0669030086,29,13.479519399930725
1200,300,R20,4,52.0,-730402.3352991033,-740902.1500297629,55,-708808.7525485915,28,13.109784982982092
1200,400,R20,6,90.625,-2174112.5662915967,-2272677.5488211857,66,-2363348.88115008,29,13.6943852979457
1200,500,R20,7,112.84375,-3486897.398232804,-3697010.209579422,68,-3393394.9812549306,30,14.181797932018526
1200,600,R20,8,159.59375,-3301693.112911737,-3467315.5158298584,64,-2874253.222749981,34,14.515145985991694
1200,700,R20,8,132.1875,-3366641.7091028416,-3509272.6863457537,75,-3750282.4331460022,34,15.121933463960886
1200,800,R20,8,173.59375,-3534624.1364219426,-3695623.127352376,77,-3262277.829472272,33,14.673862881027162
1200,900,R20,8,184.390625,-4217266.336641934,-4428764.158353394,92,-3659531.4024296254,34,15.270527640008368
1200,1100,R20,7,209.421875,-4324058.936221477,-4565448.945666039,78,-3930783.514313897,29,14.805436129914597
1200,1200,R20,7,124.296875,-3205111.881549746,-3316028.6162173897,73,-3374413.823941712,34,15.236126472940668
1200,1300,R20,7,134.15625,-6134757.051746965,-6560423.1122818645,79,-5973425.398704397,34,16.076128404936753
1200,1500,R20,5,204.375,-9978094.981360847,-11605169.44887508,89,-8138532.75341369,33,16.416514634969644
1200,1600,R20,4,212.375,-6097977.4639429,-6976091.990359435,85,-4997135.378286328,33,17.18372721900232
1200,1700,R20,6,228.0,-6746861.022030396,-7355561.932267795,74,-7487844.010932911,36,17.339614497032017
1200,1800,R20,12,260.203125,-13104819.650420744,-14579540.238736078,71,-14073853.82582444,34,18.136435781023465
1200,2000,R20,4,119.078125,-3826154.4364577215,-4282884.541133697,41,-6812393.542267702,24,15.021144666010514
1200,2400,R20,10,243.6875,-100149061.10242142,-129407070.49846904,95,-129543094.968061,34,19.41705676703714
1200,2500,R20,9,230.234375,-74087491.02531439,-83546269.00450587,78,-59624826.22443958,34,18.833941031014547
1200,2600,R20,6,274.65625,-120022483.99891797,-134138008.39189422,81,-70997474.06161095,32,19.17803089902736
1200,2700,R20,8,267.078125,-121768214.87379465,-138820570.6936676,87,-72274846.1928554,35,20.12477212701924
1200,2900,R20,10,242.5,-103439599.72770745,-119778607.8095581,76,-45482175.22854842,30,17.981040555983782
1200,3000,R20,9,226.34375,-97302556.58587804,-111852025.08864552,81,-102926944.3681333,31,17.065921297995374
1200,3100,R20,5,228.90625,-80931759.11649926,-98373588.86454922,77,-94164934.8778921,29,15.40086654794868
1300,100,R20,1,15.296875,-610668.6177211035,-617729.5966151562,25,-572816.9872736363,16,11.417572675039992
1300,200,R20,2,35.125,-576591.8278490612,-583342.9281164919,35,-588156.2879810298,20,12.135943499044515
1300,300,R20,2,25.0625,-384549.6535280845,-387018.4979329007,40,-404490.72901111,20,13.112310861004516
1300,400,R20,6,70.28125,-1845522.6863884423,-1891957.0553638968,63,-1696470.6093704768,31,14.45473893592134
1300,500,R20,6,83.796875,-1992987.528530289,-2046636.7130703311,65,-2006271.556601889,28,14.484431750955991
1300,700,R20,8,144.609375,-4140183.600712591,-4368581.211649753,73,-3874722.921930922,28,14.18195352400653
1300,800,R20,8,113.515625,-3769580.2728590425,-3978850.1166897104,65,-3153420.6894007875,29,14.385191460954957
1300,1000,R20,10,143.875,-3886640.968132726,-4096811.266856657,78,-3941162.255412124,34,14.749720897059888
1300,1300,R20,11,162.203125,-5355218.899815578,-5607023.150670538,82,-4885819.425297121,34,15.021501948009243
1300,1500,R20,10,217.375,-5933275.950120077,-6282407.746904714,85,-4033979.639480543,35,16.262749930960126
1300,1700,R20,7,234.0,-4025227.128536901,-4602123.849781496,72,-3760405.976025489,33,16.098761555971578
1300,1800,R20,4,131.21875,-4683583.03259589,-5117734.742155319,86,-4445760.399440168,33,18.559877917985432
1300,1900,R20,7,318.59375,-11303523.762876509,-14965126.104388284,89,-10032639.401534246,34,18.382097424007952
1300,2000,R20,10,246.5625,-14028132.449646436,-15860459.28609836,84,-8157843.601463528,35,18.90725081996061
1300,2100,R20,5,133.8125,-23421350.929865927,-27083438.283782527,65,-15317668.737566983,25,16.473846388049424
1300,2200,R20,3,119.8125,-13823812.648784855,-14989972.291905606,59,-8067278.055489154,24,15.461743407999164
1300,2300,R20,8,258.828125,-39346639.051762,-53152340.33801758,84,-15651149.14382299,34,17.67241829505656
1300,2400,R20,7,250.984375,-52586500.76289488,-62250306.89513317,102,-27471297.199249573,36,19.27006298303604
1300,2500,R20,11,199.15625,-30967891.562969524,-35542242.367500044,81,-25548895.402527533,33,18.051340343081392
1300,2600,R20,6,271.65625,-89156887.91961053,-108094181.19586092,72,-55672383.23116472,25,17.17440079699736
1300,2800,R20,8,196.5,-80357757.71102983,-91324099.0387733,90,-39003627.72286178,33,19.85077224997804
1300,3000,R20,9,230.859375,-52097359.05641968,-60070878.29869901,87,-33357182.99844975,34,17.496710111037828
1300,3100,R20,7,212.8125,-48363998.66205854,-54099392.664111495,84,-39485740.625341535,35,16.90940933499951
1300,3300,R20,1,33.0,-2121092.4794716057,-2165712.0007932424,30,-1491119.007747091,16,12.141990829026328
1400,500,R20,3,55.46875,-1349630.1791165965,-1379595.4794736751,47,-1442066.787346718,24,13.330982663901525
1400,700,R20,6,106.828125,-2457281.732337869,-2532243.1687588114,64,-2469365.3576521487,28,14.524633429013193
1400,800,R20,10,150.59375,-5464372.786908381,-5727725.688104984,77,-4510703.223110034,35,14.769056327058934
1400,900,R20,11,143.59375,-4307474.260822,-4472523.905983545,87,-4222170.50321274,35,14.37812834198121
1400,1000,R20,8,131.078125,-5809587.130863755,-6146211.780897008,85,-4909277.609296304,34,15.16782036202494
1400,1200,R20,6,162.03125,-8625745.139913198,-9360885.022450674,56,-8315802.248213862,29,13.865845100022852
1400,1300,R20,9,166.78125,-4758736.84994706,-4901280.759873912,87,-4698022.185788242,34,15.449669435038231
1400,1500,R20,6,138.890625,-9359456.582564063,-10194064.961475974,75,-9010918.134359404,34,16.142327407957055
1400,1600,R20,9,228.6875,-10691194.926232222,-11859225.181274217,88,-11813792.687400203,36,17.521852138917893
1400,1700,R20,8,175.171875,-7632686.08149582,-8490818.960021697,72,-7901581.250723777,35,16.586057028966025
1400,2000,R20,6,287.5625,-10236012.616474329,-12380559.686013658,76,-7279275.995291413,34,18.00988420797512
1400,2300,R20,8,190.109375,-7703392.377382763,-8200317.821443406,72,-5116522.579000074,35,17.803723760996945
1400,2500,R20,6,192.703125,-13347772.65294242,-14904821.089674842,78,-14276291.600921812,34,17.86868281196803
1400,2800,R20,10,257.390625,-71908674.01820639,-81711152.65757981,80,-81216583.51213887,33,20.40390337794088
1400,2900,R20,7,208.5625,-52132464.617630415,-57630876.84693812,66,-49740589.48491354,30,18.2648292100057
1400,3000,R20,9,231.46875,-98916587.62150396,-115291597.879574,83,-66638407.96916081,35,18.791954819927923
1400,3100,R20,9,214.25,-47759231.1609969,-53129626.08119992,65,-32040604.31449144,28,15.55862431100104
1400,3400,R20,2,204.796875,-13817652.95444021,-15791810.908025146,62,-17121435.937716793,29,13.781366751994938
1500,700,R20,1,12.9375,-347303.23916171805,-349469.57205462933,30,-303786.8777150772,20,12.34787932492327
1500,900,R20,7,126.890625,-4800794.119068843,-4986698.110062309,62,-4436695.650229052,30,14.183445051079616
1500,1100,R20,9,128.1875,-5266026.956212154,-5493602.690962711,67,-4584547.467143056,29,14.425838109920733
1500,1200,R20,8,154.609375,-8113784.504909065,-8643311.466512833,74,-8315901.065421741,34,14.584674885962158
1500,1600,R20,6,258.34375,-13425040.05373242,-14474310.012998063,66,-17005633.021197688,33,16.25948161899578
1500,1700,R20,8,234.984375,-15356248.58719318,-17004202.06959787,71,-14557608.79628605,30,16.61380177095998
1500,1800,R20,7,261.8125,-13631745.427658692,-15644966.988991704,79,-12316819.982036768,33,17.37518278893549
1500,1900,R20,9,222.84375,-8965876.241155328,-10903704.632562231,88,-4117207.686059898,35,17.993946540053003
1500,2000,R20,6,174.765625,-5026375.941114044,-6025348.254147202,82,-2608825.817032404,34,16.685282176011242
1500,2200,R20,8,238.515625,-10425582.182186592,-12526750.162767898,77,-7405284.279073853,32,16.628747161012143
1500,2300,R20,11,268.5,-12208995.456162658,-13744136.47089612,101,-7610721.705441231,36,18.688299807021394
1500,2400,R20,10,267.484375,-13473564.427589046,-16167221.968745075,81,-10822592.27327334,29,16.923199665965512
1500,2500,R20,7,214.171875,-7579353.522663786,-8277747.524698183,85,-7665769.934113691,31,18.25361582601909
1500,2600,R20,9,255.359375,-12219193.449189285,-13840029.171391834,95,-18369605.655998424,35,19.883850050973702
1500,2800,R20,8,175.3125,-27838270.731996484,-30654060.657605942,81,-22262216.130229533,35,20.570892733056095
1500,3100,R20,7,325.9375,-78379553.27441809,-91781093.07407916,61,-86845932.97738421,29,16.220821394002996
1600,400,R20,1,14.09375,-274066.5472651129,-275454.64004651154,35,-277163.8158136447,16,11.454712253063915
1600,1000,R20,1,16.9375,-818340.2576429845,-825414.4667357353,30,-656341.8581672767,16,11.57474320102483
1600,1100,R20,2,26.625,-1078050.2243325938,-1092215.6877870206,30,-935609.2369241308,16,11.378015547059476
1600,1200,R20,5,82.421875,-4345996.097377192,-4491754.621191881,57,-3729008.936635965,27,14.34928636904806
1600,1300,R20,5,123.390625,-8085121.665051674,-8605882.97610832,54,-7301700.068384798,20,13.084762591985054
1600,1400,R20,7,148.140625,-13321994.815920915,-13978025.408262454,74,-11622810.291566214,34,15.735827766009606
1600,1500,R20,7,205.0625,-20593076.51418889,-22374218.933416195,76,-13606628.54053497,34,16.014893944957294
1600,1600,R20,4,133.703125,-12607994.044516796,-13494307.333507478,54,-7596124.475556951,25,15.27024669898674
1600,1700,R20,4,191.21875,-23595646.97850878,-26109395.81887581,78,-19654785.87880301,32,19.089442801079716
1600,1800,R20,5,270.328125,-27132604.257115275,-32174917.42070834,74,-19113324.107838817,25,19.175007871934213
1600,1900,R20,7,242.53125,-20271899.85886357,-26512627.653759506,80,-10736719.661027037,33,19.21374540694524
1600,2000,R20,7,246.4375,-6548699.951872166,-8015924.453553934,83,-5833078.717254257,34,19.300570206018165
1600,2100,R20,7,236.8125,-4069382.597138499,-4923349.515516159,65,-8078774.151512535,32,18.150138679891825
1600,2200,R20,4,181.25,-2974497.33245474,-3987055.1815356575,47,-2868848.831605289,20,15.446137847029604
1600,2300,R20,4,173.890625,-800027.6558257181,-976076.9854623204,67,-965388.3882420384,24,15.24750583502464
1600,2400,R20,8,282.328125,-839726.0055238309,-1045396.9973315764,92,-1529120.6701233855,34,17.444447039975785
1600,2500,R20,6,246.0625,-2771783.3381701214,-3084469.1813216736,89,-3400855.326389023,35,18.348820204031654
1600,2600,R20,10,238.75,-6124394.781277945,-7019195.6209705565,83,-6068267.55838266,34,18.672801499953493
1600,2700,R20,9,221.640625,-7785184.804195487,-8398241.980587076,91,-7556959.20808596,34,20.895650762016885
1600,2800,R20,8,220.75,-25989099.024036467,-30334227.627421565,76,-15702725.909393474,29,19.228317640023302
1600,3000,R20,10,263.3125,-70925272.1892383,-87650265.13882498,72,-19155500.773833822,29,17.451513657928444
1600,3100,R20,4,220.671875,-87806546.68609564,-102278161.82503784,72,-72856564.77542911,31,16.711280507966876
1600,3900,R20,1,10.140625,-139989.47832839913,-140530.46556179662,25,-127373.76651237442,20,10.651688912068494
1600,4000,R20,1,27.796875,-378781.94594158727,-382015.9749120127,30,-370727.5835212544,16,12.37615794991143
1600,4100,R20,2,175.265625,-2445085.37432332,-2560346.1955917277,63,-2395869.7013452533,29,14.162306924001314
1700,400,R20,1,555.203125,-12704453.064758431,-15855331.929904766,64,-11043717.897424383,25,13.448915036045946
1700,1300,R20,1,10.703125,-609352.8502357218,-612739.8578268085,36,-545988.0010173852,16,12.511015575029887
1700,1400,R20,1,10.6875,-947329.9099379104,-954616.058390486,35,-677177.3781143846,16,11.611865379964
1700,1500,R20,4,108.359375,-17149426.090459675,-18124861.07233677,58,-13707192.770974431,24,14.001077675027773
1700,1600,R20,4,159.109375,-19298703.53577147,-20625612.89098424,68,-13447008.854947053,28,15.916272456990557
1700,1900,R20,6,204.125,-36552355.69761269,-50088498.24695152,70,-18791429.39085753,33,17.656065471936017
1700,2000,R20,6,250.25,-35632650.786601424,-41671792.12656344,67,-17237513.098079525,25,18.13191886502318
1700,2200,R20,11,329.203125,-15169603.39644396,-18739066.09193184,100,-12877676.477282835,36,19.334787911968306
1700,2300,R20,10,218.765625,-4890481.330738629,-5697354.105362312,83,-4367219.508775655,34,18.64039390103426
1700,2400,R20,4,151.40625,-1327095.4697137822,-1448397.3763795267,69,-1368294.558286596,29,16.59266883204691
1700,2500,R20,3,124.03125,-373699.4226758019,-420552.8308092605,48,-1229291.884586527,24,14.9342117899796
1700,2600,R20,9,274.25,-4846904.365163675,-6132854.868737265,58,-5690749.981469177,30,17.97349757095799
1700,2800,R20,9,218.265625,-33557717.69675487,-43002661.95898807,82,-31476951.846886933,33,20.30710670899134
1700,2900,R20,7,324.796875,-71336559.61981711,-130789463.50279836,78,-31510528.822186045,33,18.31492401601281
1700,3000,R20,6,187.265625,-122328430.06081994,-198936682.769344,88,-59386717.67429072,33,17.958391648018733
1700,3100,R20,6,204.125,-42237751.02429937,-45126320.98140295,69,-32969618.64337854,34,17.160964384907857
1700,4100,R20,1,120.15625,-1213111.7000637755,-1254121.1693225517,41,-988652.264273062,20,12.84427586500533
1700,4300,R20,1,364.703125,-4188862.785558483,-6469097.577698595,59,-2934055.205142471,28,12.614361766027288
1700,4400,R20,1,146.671875,-622083.353932964,-663578.0361517989,40,-687648.2914580368,19,11.507132950006053
1800,300,R20,2,189.3125,-1814572.752511612,-1938234.700056816,63,-2103973.107332542,28,13.629551024991088
1800,400,R20,2,126.234375,-2592856.848003014,-2861869.1391819147,62,-2995306.3506777687,27,13.469684761948884
1800,900,R20,1,19.046875,-501514.6877182295,-506089.2322033644,30,-496692.0507353484,16,10.470055918907748
1800,1600,R20,2,37.84375,-8624360.983863236,-8905458.033833954,40,-9038329.366931546,20,14.766835566959344
1800,1700,R20,2,205.078125,-32793798.52166499,-35994684.567636065,67,-30202820.32253679,29,17.538605600013398
1800,1800,R20,5,364.34375,-138835855.25647315,-231304022.67679948,68,-122953913.5154345,29,17.120866307988763
1800,1900,R20,5,184.125,-57347882.946754254,-62464801.29474473,85,-49283650.11108738,33,19.845051537035037
1800,2000,R20,7,243.015625,-72079006.8577398,-83987312.39099158,79,-54650646.7998027,33,19.88935064896941
1800,2400,R20,8,199.75,-3587359.01465754,-3928914.2633376447,99,-1253569.4475462576,34,18.369361312012188
1800,2500,R20,2,114.65625,-881056.6188289745,-934378.7676836102,62,-834700.824605383,28,17.182062732987106
1800,2600,R20,2,723.6875,-8010511.638295576,-34445959.700976714,63,-7408174.760110906,29,13.820389444939792
1800,3100,R20,7,203.0625,-62546321.64877664,-70265114.12197958,67,-46477480.79713538,28,15.351080251974054
1800,4200,R20,1,1217.15625,-9426654.904103013,-40085773.43659766,106,-5493222.292868916,37,13.108868348994292
1800,4400,R20,2,1301.421875,-12755740.4771864,-62940574.2695868,105,-12682459.457757428,37,12.63222778798081
1800,4500,R20,1,19.453125,-205453.70567105047,-208790.1657048451,36,-178593.18353555916,16,11.93978239200078
1900,200,R20,1,28.84375,-312338.36868621595,-316949.97224927135,36,-282933.53138174006,16,12.035369122051634
1900,300,R20,2,32.21875,-1056171.041033164,-1097514.728872565,30,-1024296.1139743844,20,12.530706899007782
1900,1800,R20,1,54.0625,-12184334.776643408,-12791761.049198885,36,-6858461.716250647,20,15.21780977002345
1900,1900,R20,5,207.515625,-53449378.32793754,-61262879.47607352,67,-33681539.34808186,24,16.30553271691315
1900,2000,R20,8,188.03125,-74012360.30392449,-83271004.54674463,80,-46886813.68711418,34,18.93936366296839
1900,2100,R20,7,237.703125,-54427067.96156221,-66062430.77724171,85,-26282061.242227778,35,19.26729204400908
1900,2200,R20,5,233.0625,-39263688.381317005,-44215006.39214012,69,-22801232.29303636,35,19.057153724017557
1900,2400,R20,7,206.40625,-25150665.320536938,-30150292.741453543,80,-28182448.54452154,33,18.89746237604413
1900,2500,R20,4,138.859375,-22332623.58165968,-28857636.630713098,72,-36772228.11888446,29,16.74061704694759
1900,2700,R20,2,92.953125,-15201631.190074217,-25010907.861445077,46,-10980286.65033004,24,14.934265034040436
1900,2800,R20,7,212.125,-23122756.20315221,-26845126.74536342,70,-20499710.49207052,28,17.32243171997834
1900,2900,R20,10,265.640625,-60892972.01255815,-70984967.67681222,77,-45545815.77654485,30,17.35842288902495
1900,3100,R20,5,172.984375,-52583674.89995185,-63080859.43803191,48,-57414284.23658904,29,14.448773887008429
1900,4200,R20,1,41.59375,-108266.62766333998,-111068.5545316357,30,-82043.57810969421,16,10.89614076295402
1900,4300,R20,1,1384.46875,-3918927.4700974743,-230391460.07994837,103,-4118936.8206212097,38,10.775135152041912
1900,4800,R20,2,109.0625,-262359.75680024474,-268296.6795144125,57,-253581.55340684656,26,12.663295816979373
1900,4900,R20,1,173.21875,-316462.3203170513,-336340.80841079174,41,-354894.301789681,25,12.37378818797879
2000,700,R20,1,8.453125,-154219.8882657871,-154741.6971699989,25,-151435.5894533586,20,10.28199605201371
2000,2000,R20,2,89.484375,-11983153.05096479,-12463228.1909422,50,-12927364.33247671,24,15.574017293052748
2000,2100,R20,6,237.265625,-57570128.79958619,-63929176.97046195,87,-44981661.48476963,33,19.004326755995866
2000,2200,R20,6,212.296875,-78620489.85761052,-87364799.7129759,86,-50121771.20905195,35,19.686190883046947
2000,2300,R20,5,226.515625,-50261403.05379032,-59882477.13381562,71,-26511910.34407377,33,18.477388939005323
2000,2400,R20,6,236.34375,-25528296.76711704,-32324460.286057405,82,-10457165.833446736,33,17.95302140491549
2000,2500,R20,5,199.671875,-19368371.23317216,-23109209.830757,79,-7240570.990050532,28,16.675659836037084
2000,2600,R20,3,193.125,-14097201.906603992,-16182505.298649725,64,-20665078.53814931,24,15.618859510985205
2000,2800,R20,6,268.765625,-29250890.503505133,-37247729.05550638,86,-25087986.16387316,35,18.697966565960087
2000,2900,R20,12,249.734375,-33457924.29750786,-38976928.111481205,73,-18533759.65782689,30,16.94914428901393
2000,3000,R20,10,260.703125,-75210828.52841666,-91653641.59273282,99,-53454499.90612163,34,18.31704291596543
2000,3100,R20,6,168.75,-20530793.19991888,-22293102.327954665,66,-12313962.520904316,29,15.555493929074146
2000,3200,R20,1,327.953125,-6770831.014626884,-7956337.970098853,49,-13808573.963912511,24,11.67788767896127
2000,4200,R20,1,88.96875,8960.021378571415,53038.282058155935,36,-224288.558779634,20,10.02425488701556
2000,4400,R20,1,170.296875,-1743394.7781390734,-1981568.9357077293,42,-1248974.5172645254,16,11.289380558999255
2000,4800,R20,1,35.296875,-42956.40084813955,-43495.01740036719,36,-49002.0507900752,20,11.758166773011908
2000,4900,R20,2,77.0,-127835.41603690406,-131041.93178916334,61,-103651.19106596272,27,13.300304068019614
2000,5000,R20,2,48.984375,-77703.53718786388,-80002.71017435455,52,-51487.46870956924,25,12.271265944931656
2100,2300,R20,6,242.5,-60915017.44414618,-66537246.18853734,78,-46557233.41344041,35,19.16345291701145
2100,2400,R20,3,239.21875,-74674579.45106006,-98612189.62697284,73,-26146214.07121586,29,17.549759590998292
2100,2500,R20,5,204.453125,-22327741.64583641,-24400365.26139121,66,-13885578.406880274,32,17.979521480039693
2100,2600,R20,8,208.5625,-27407489.69942873,-33648085.3784055,80,-24318119.77919556,33,18.856209733057767
2100,2700,R20,8,325.625,-19440484.23060311,-23186606.04654064,89,-20539575.531452782,33,18.88247238402255
2100,2800,R20,8,229.21875,-29831889.292071942,-35213222.82384722,80,-19422678.361848004,30,18.760843832045797
2100,2900,R20,3,220.296875,-72690149.7731743,-91475888.46255994,71,-45093662.15217863,30,18.53901030495763
2100,3300,R20,2,1374.828125,-31715151.178080272,-42835706.47266373,90,-38970000.31161193,39,14.481655391049571
2100,3500,R20,1,86.34375,-1571431.790694815,-1660956.7290857078,36,-1939962.3927471496,25,12.634702794952318
2100,3600,R20,1,275.84375,-3588041.232353682,-4011011.9880407816,48,-3873589.776349677,20,12.610862513072789
2100,4200,R20,1,618.734375,-2664128.647125765,-3056636.9120956995,82,-2225824.166732263,33,12.327529676957056
2200,2300,R20,3,160.875,-32355218.87255124,-35532705.96186079,57,-26178640.06943364,25,15.41599851695355
2200,2400,R20,4,209.0,-42345799.098133095,-46647885.65496369,73,-16508341.87382294,28,16.470553552964702
2200,2500,R20,4,255.546875,-94740605.68749252,-117896639.18159124,63,-46141809.44411923,32,20.271700703073293
2200,2600,R20,7,191.796875,-34567697.12876378,-41346040.23149417,78,-16974073.277743194,33,21.613776360056363
2200,2700,R20,7,227.671875,-30889495.19882933,-35785404.24322432,76,-16339484.127197348,32,22.88930404104758
2200,2800,R20,9,289.25,-33348824.980473194,-42447855.36476037,85,-37187334.40768393,35,23.759768994990736
2200,2900,R20,6,199.25,-22848223.346031047,-25535704.005142283,66,-19385645.790085565,29,20.690107988077216
2200,3000,R20,7,204.59375,-43300396.085422,-50509372.2452437,79,-20283305.91568013,30,19.292745538055897
2200,3100,R20,3,125.5625,-27661096.45164406,-31497355.39550887,58,-21139667.451823417,27,17.482528961030766
2200,3300,R20,1,85.171875,-1677457.797171065,-1725728.3901071628,42,-1328726.5125384596,16,14.753343163989484
2200,3400,R20,1,57.703125,-918952.6460085914,-937035.7555677664,36,-894919.8778582126,16,13.981452893000096
2200,3500,R20,2,141.8125,-3036805.3089014688,-3291482.079993576,52,-2866076.8378762547,25,14.776399014983326
2200,3700,R20,1,70.875,-774839.8299454935,-805440.858514254,41,-655591.4449616985,20,12.01034245104529
2200,4200,R20,1,990.390625,-3828484.963386288,-5231868.795577569,93,-3040581.02025564,29,13.975303847924806
2300,2400,R20,4,68.6875,-19249192.816803757,-20256779.015542217,60,-18802974.264092453,24,15.162822426995264
2300,2500,R20,4,207.5625,-79894873.47906378,-97589024.45980546,68,-63736726.334919095,29,16.8344849209534
2300,2800,R20,6,277.015625,-28376153.73151481,-34570977.59227212,83,-26612223.825379096,34,19.104366285027936
2300,2900,R20,10,291.96875,-43963897.76553918,-52669637.865140006,93,-39674801.80763316,35,20.882009500986896
2300,3000,R20,9,211.78125,-31844739.571367946,-37851604.540921554,86,-21098719.91070688,35,19.4600104149431
2300,3100,R20,4,189.703125,-23171430.425311737,-26279185.1805501,67,-20704534.511286058,29,17.764329724013805
2300,3300,R20,1,43.421875,-522371.8325285015,-539179.2944743524,36,-508180.7985563299,16,14.120399740058929
2300,3500,R20,1,223.125,-3348335.699365125,-3779620.3795557,48,-2677368.911487905,20,15.975706915021874
2300,3700,R20,1,318.125,-4211052.100784516,-5200249.2098946655,58,-4023706.149136088,29,14.57312610000372
2300,4000,R20,1,93.546875,-136467.40807973934,-140101.92983763706,36,-96546.99270614429,20,13.035074840066954
2300,4100,R20,1,54.421875,-138157.1234126389,-141811.55495281552,36,-115043.78589991736,25,12.848660413059406
2400,2500,R20,1,15.640625,-2325409.6318921293,-2375740.9127124622,25,-1863879.2635319864,16,14.18701782100834
2400,2600,R20,7,168.953125,-28892204.71787264,-31486406.912466563,72,-29488120.098091517,29,17.311898753978312
2400,2700,R20,11,266.09375,-52666047.07575739,-59834715.07823326,78,-35089940.20782909,34,18.58331251202617
2400,2800,R20,8,257.15625,-29406626.08206877,-35341229.8605964,87,-15232279.986584974,34,19.38897938001901
2400,2900,R20,4,214.96875,-16778581.06248696,-18993389.44949048,70,-11145867.55857852,29,17.69474058097694
2400,3100,R20,6,146.09375,-15470579.577328036,-18242956.54773526,58,-13879859.357938975,25,15.63097891001962
2400,3400,R20,1,204.234375,-1853161.7861958616,-2177475.494906036,47,-944118.398629271,20,11.92279563995544
2400,3900,R20,1,50.15625,-174642.23743339384,-177941.89847280504,30,-175549.9596117829,20,12.336565615958534
2400,4000,R20,2,343.21875,-1147239.314540367,-1327677.8931655916,60,-1173820.15335244,25,15.061076925019734
2400,4100,R20,1,93.046875,-203571.00264543024,-211432.5501233232,36,-122146.7235635234,16,12.556962184025906
2400,5500,R20,1,691.0,-237334.9814571357,-309169.4826349592,67,-226050.78597293064,29,10.623073219088838
2400,6300,R20,1,435.140625,-47919.08841488585,-52479.43121322586,51,-38103.52802949808,24,12.460303243016824
2500,2700,R20,6,90.171875,-11832843.583151052,-12537742.9742086,61,-13842232.4334891,29,19.42824133497197
2500,2800,R20,5,202.875,-14497382.926678749,-15538665.814358458,72,-11557195.067979136,29,19.753651206032373
2500,2900,R20,4,210.0625,-22027936.28982313,-25042473.72484456,83,-15870161.349285912,35,19.879316281992946
2500,3000,R20,6,226.25,-16653680.09307096,-19858706.91782271,63,-13196798.94937606,28,18.03645635803696
2500,3100,R20,5,125.90625,-9793664.017798772,-11037894.26017077,61,-12770961.377268905,29,17.975573151023127
2500,3600,R20,1,596.015625,-9893491.86870614,-13208645.120853342,66,-10216963.84767812,25,13.672206945018845
2500,5400,R20,1,187.09375,-43962.2804983066,-47704.181776071375,41,-34569.072209965336,25,10.64929425693117
2500,6400,R20,1,81.375,-14720.98013271065,-15758.86376436184,41,-11728.394378776764,20,10.46830619906541
2500,6500,R20,2,408.875,-36824.744130717416,-41013.2130403846,66,-35263.725487010204,28,10.69692034192849
2600,1100,R20,1,324.640625,-9342287.286967916,-11217687.055525487,52,-7640382.503794872,20,12.19330744096078
2600,2800,R20,1,30.90625,-2428167.4141095146,-2528003.7037453973,35,-888024.6547879952,16,12.567306749057025
2600,2900,R20,5,162.75,-8864847.89718283,-9711684.522237075,60,-7898364.161684388,29,18.29003651393577
2600,3100,R20,3,156.578125,-2295962.4804902943,-2453169.2287818487,54,-2474265.1134361625,28,16.499395424034446
2600,3600,R20,1,21.234375,-494453.4438243682,-505753.58795096417,30,-404047.431039364,16,11.854945937986486
2600,4100,R20,1,132.09375,-458970.2405273666,-488988.9876295234,41,-418041.98255356593,24,10.159635504009202
2600,4700,R20,1,268.546875,-183422.56805563095,-198011.86294732767,48,-175990.56906223216,25,11.482394524966368
2600,4800,R20,1,271.34375,-160367.92577049622,-174520.18295069243,48,-147090.93429191725,16,11.11650620191358
2600,5000,R20,2,50.765625,-14612.238472279152,-14886.716234695872,54,-13968.913911337677,24,12.54210260801483
2600,5100,R20,1,66.125,-29292.581302675928,-30475.22230898439,36,-30630.958455959382,20,12.614550637081264
2600,6300,R20,1,99.84375,-1410.0424741034983,-1396.375174413699,41,-3262.0147838563826,16,9.614071454969237
2700,1200,R20,1,1833.890625,-39313923.4738587,-976379712.7083333,103,-33080037.339251272,39,13.379640331026168
2700,1400,R20,1,145.546875,-5611248.803327978,-6202839.806840338,45,-4300638.748602231,24,15.197950398083776
2700,2000,R20,1,95.78125,-2652412.542076356,-2748507.520746848,40,-2359125.0946602635,20,14.414159300969914
2700,2600,R20,1,17.0625,-780829.8613792367,-788059.9268516361,36,-757823.7605948177,16,13.04739825706929
2700,2900,R20,1,68.53125,-3411023.951072433,-3612220.16072757,36,-2415696.06446007,16,12.436097447061911
2700,3000,R20,4,108.09375,-2863307.4874322684,-3079990.6951400414,59,-1910183.4404915003,28,14.204217834980229
2700,3400,R20,2,151.859375,-1415244.8544648325,-1486652.2006727308,62,-1301783.9994393128,28,13.130661156959832
2700,5100,R20,1,47.171875,-19374.66219148738,-20062.939931401816,35,-22529.96260171856,20,10.802189243026078
2700,5700,R20,1,241.96875,-43008.294170852285,-60502.35976444349,53,-46790.138588764064,25,9.34000605903566
2800,1000,R20,1,254.09375,-13186661.524069067,-15237614.322055176,48,-14043385.768909156,24,13.210100593976676
2800,2500,R20,1,33.03125,-1334258.1776349973,-1359075.7638513655,35,-1275107.872213563,16,11.579486915026791
2800,3300,R20,1,189.359375,-2266656.3637336763,-2520810.9929220527,47,-1834076.3300786277,24,12.919443808030335
2800,3400,R20,1,832.125,-7737342.560437403,-10191205.23788087,68,-7021434.914432006,34,16.150007758988068
2800,5600,R20,1,246.796875,-9910.488354210596,-12332.272367694608,48,-19384.904985668694,20,9.314963473007085
2800,5700,R20,1,562.171875,-72264.53618744011,-104019.21397507866,71,-78019.24532003765,29,12.083714065956883
2800,5800,R20,1,256.421875,-41691.30070587357,-46978.116832343134,47,-36609.912775042525,24,13.720786237972789
2900,1500,R20,1,27.828125,-2035479.814602912,-2076103.9016279865,35,-2168324.427491254,20,16.0875200079754
2900,1600,R20,2,59.75,-3479478.440279881,-3590547.3905060296,46,-3063093.9759403765,20,16.237500976072624
2900,1800,R20,1,4918.53125,-195786829.48336995,-1366718119.8170123,198,-216538749.17607817,61,11.448432955075988
2900,2000,R20,1,727.890625,-19053821.962227277,-22111139.009165697,62,-19253540.777069047,29,15.949492120998912
2900,2600,R20,1,44.203125,-567630.1704013746,-573650.8907812729,36,-524178.297669432,25,13.534021424944513
2900,3000,R20,1,92.8125,-914256.0869312452,-962634.5617257712,41,-726287.094233727,25,13.53964685893152
2900,7400,R20,1,32.765625,-224.41417689577904,-226.6957728138125,36,-242.5822283005267,16,9.979310069000348
2900,7600,R20,5,552.609375,-5780.76087501326,-8691.258667184278,77,-5821.035629146166,29,9.406984668923542
3000,1600,R20,1,66.828125,-7339808.390239441,-7787680.728218597,41,-6863786.17760585,20,14.154525405028837
3000,2100,R20,1,33.578125,-2393722.4160935287,-2456082.554345306,30,-2113982.951455916,20,13.321809372049756
3000,2600,R20,1,68.78125,-1174459.3201588974,-1193508.4269755722,36,-1098673.3438648025,20,12.728061472065749
3000,3400,R20,1,18.53125,-25294.62043395192,-25756.538207796857,30,-56212.906070242585,16,11.748697196948342
3100,2000,R20,1,49.640625,-2747931.49520462,-2801508.639990544,36,-2643127.134057169,16,13.038510262966156
3100,2100,R20,1,17.875,-615889.7009934676,-620094.5113478501,30,-516507.8068784101,16,15.056004142970778
3100,2600,R20,1,17.59375,-368030.3486671196,-370420.1497041604,30,-406399.0711676086,20,14.427643403061666
3100,2700,R20,1,17.796875,-239389.76759807375,-240923.85432325047,30,-244938.9769971355,16,14.109274007030765
3100,2800,R20,2,55.984375,-1142092.1464810374,-1181652.5793794573,40,-1317734.177247914,25,15.266351084923372
3100,3000,R20,1,41.515625,-278077.91014411167,-286505.52168812027,36,-187782.34395518168,20,15.181150357006118
3100,3400,R20,1,211.84375,-539367.2179963996,-578256.713971748,42,-708058.5303448308,20,15.095313942991195
3100,3500,R20,1,85.375,-352014.26843816217,-367258.6680701865,36,-380578.78949359246,25,14.604251720942557
3100,5800,R20,1,12.953125,-1183.409054110497,-1190.0283940668337,30,-924.0445836160704,16,11.565881605027243
3200,3300,R20,1,198.234375,-3121247.713913741,-3588667.530031318,42,-2361661.6268422687,20,13.781836870010013
3200,3400,R20,3,2269.828125,-20880005.943087976,-2759294007.4050574,110,-10337485.727684991,40,11.352732916013338
3200,3900,R20,1,114.90625,-425869.10645454447,-452657.2832089985,41,-407485.41545562656,20,11.70043444505427
3200,5600,R20,2,90.015625,-4988.938934306729,-5464.1068319486685,41,-4877.064713206271,20,9.17899129295256
3200,5700,R20,1,298.625,-14475.338259793429,-18591.630532694893,49,-14000.423507702066,25,9.707958164974116
3200,5800,R20,1,160.09375,-20052.382527567654,-21977.504661489234,46,-18269.285862093955,20,9.79224992194213
3300,2700,R20,2,1352.859375,-25874884.009436727,-31525759.990263727,88,-25227689.027238708,30,13.12779846903868
3300,2800,R20,1,165.1875,-3995974.966420063,-4316141.993685636,46,-4266005.295001732,24,13.065788127016276
3300,3400,R20,1,543.234375,-12139231.538876563,-308638159.0794555,63,-5058768.988081422,25,10.846387748955747
3300,3500,R20,1,1738.484375,-21338921.69766124,-2095889295.0694487,98,-11714050.513824971,35,12.41133274207823
3300,4500,R20,1,55.859375,-43505.95311812153,-44839.72798813591,35,-48491.901420410286,20,10.9791076380061
3300,10100,R20,1,29.640625,-102.57485601027784,-103.40542766331222,25,-95.95683372267372,16,8.01601459691301
3400,2700,R20,1,25.453125,-313590.5283062336,-316421.54276950273,30,-379405.0806374437,16,12.913303110050038
3400,2800,R20,1,367.078125,-7179663.196287348,-7906731.087193949,69,-6278934.8048065975,27,15.782449822989292
3400,5000,R20,1,55.703125,-7272.811047836534,-7485.842718111034,35,-8324.008508449479,24,13.121949400054293
3400,6500,R20,1,80.15625,-976.6371247430784,-1014.6193899464944,41,-1358.5636248361943,20,11.746857492020354
3400,6600,R20,2,43.875,-377.8454662494351,-382.6359285796527,35,-486.3501466968329,25,12.694954539998434
3400,7500,R20,1,114.203125,-114.68634487285212,-121.5211737326329,41,-138.75809184068785,25,9.895864069927484
3400,9000,R20,1,19.484375,-65.63755676821752,-66.09240083675846,36,-46.29403702156193,16,10.159158247988673
3400,9600,R20,2,3509.6875,-607973.1891266749,-26284871.877776008,131,-442931.7227892373,45,9.560871027992109
3500,3000,R20,2,105.578125,-1172566.4978252505,-1206059.390034463,48,-1137551.1622655783,23,13.696282920078374
3500,5000,R20,1,102.15625,-12808.032368745022,-13430.008482286792,41,-12551.07740949967,20,10.41586221405305
3500,6500,R20,1,35.578125,-260.6024398628052,-262.5512892052568,30,-269.42932043200494,16,9.33301050006412
3500,6600,R20,1,18.6875,-137.01810982942288,-138.22114996327818,30,-120.47069706880376,16,8.9521711160196
3500,8900,R20,1,25.65625,-73.71842711300238,-75.36706494722046,30,-64.24164674494797,20,8.974813672015443
3500,9000,R20,1,159.28125,-354.97833512710736,-381.5491748061143,47,-331.7585110551071,24,9.191310752998106
3500,9600,R20,1,226.46875,-41408.33383259168,-55189.52075977773,42,-6246.199092863824,25,9.898337100050412
3500,9800,R20,1,116.140625,-1184.2350908589283,-1252.8998817143674,36,-1304.6194907824952,20,9.922787987045012
3500,9900,R20,1,48.765625,-140.03983197715,-145.63979898067,35,-147.285533061381,16,9.176176427048633
3600,4300,R20,1,35.265625,-20465.83576318209,-20645.42292415111,30,-20657.105232884707,16,10.35124505800195
3600,4500,R20,1,34.65625,-24339.47034216264,-24801.985521193765,30,-21119.47209890574,20,9.900344209047034
3600,9600,R20,1,42.375,-394.80418726064846,-404.691008280781,30,-279.9654034050219,20,9.171081079985017
3700,3700,R20,1,19.046875,-63589.80509111653,-64079.55192008508,30,-69154.56914906345,16,10.000647775013933
3700,10700,R20,1,15.203125,-30.82611485663403,-30.99467520619629,30,-49.02633613802131,16,8.284272730001248
3800,5100,R20,1,328.796875,-28453.44757816773,-45075.34882310606,54,-118259.5565108678,29,12.885400825063698
3800,10400,R20,1,165.640625,-82.84819249972124,-91.2215045454374,42,-73.92693414532543,20,7.346063730074093
3800,10600,R20,1,305.15625,-507.2597930600019,-604.0729330997914,48,-691.4494298261062,25,8.605984812951647
3800,10800,R20,1,604.59375,-15439.5357788543,-40397.6938615609,77,-9944.781634441126,29,12.809665666078216
3800,10900,R20,1,147.59375,-2283.787853440096,-2504.4411761982506,46,-1130.928453197819,20,10.43696296296548
3900,4900,R20,1,1083.109375,-277957.86084458587,-674293.602768884,85,-204185.41906666956,33,13.976087866001762
3900,5000,R20,1,614.078125,-229343.2856251847,-350809.9448024913,72,-189495.4074135513,29,14.280080444994384
3900,5200,R20,1,1410.234375,-472223.5968992848,-4787002.200868744,90,-631553.9738212618,30,10.804599137976766
3900,5300,R20,1,2340.71875,-754972.3942806548,-9840912.199612722,121,-1020958.7143262636,44,11.39531613199506
3900,10800,R20,2,136.0625,-2817.0257402359275,-3402.470727764679,58,-719.5636553909121,29,10.92336441297084
3900,10900,R20,2,281.078125,-2232.943606687689,-2632.796612359006,52,-1659.9994834110494,25,10.453557490021922
3900,11000,R20,1,372.03125,-5836.856748255204,-8875.351789855673,65,-5562.558640810237,28,9.61515230499208
4000,4900,R20,1,558.859375,-298481.7021656454,-390009.9051256218,68,-246681.1776764486,30,11.20734114991501
4000,5000,R20,1,45.484375,-26445.074106963213,-27297.430031924843,36,-25413.057175839636,16,10.990135032101534
4000,5100,R20,1,123.078125,-114586.358755771,-127500.62536117728,36,-109164.52486188208,20,11.208212909987196
4000,5300,R20,1,196.28125,-70259.22303492454,-104097.9903179481,52,-67763.97171582252,20,9.244864047970625
4000,10000,R20,3,88.15625,-266.0314432783942,-295.34194138317514,60,-132.61343829625233,20,9.27373743604403
4100,4800,R20,1,65.921875,-23435.991433649066,-23797.390520662066,40,-25732.85304047539,20,10.064031613990664
4100,5200,R20,1,22.90625,-3165.8714999691238,-3189.993124192162,30,-2008.3138341903507,16,10.338385573006237
4100,5300,R20,3,100.046875,-26350.420808585357,-28256.15275619615,47,-30167.795072858687,20,11.362830484984444
4100,5400,R20,1,76.828125,-16761.97577953062,-17403.79226010524,35,-20211.619596680484,24,11.152379852952436
4100,9900,R20,1,8.40625,-2.1825378532940083,-2.1885895055631988,35,-4.9847555354703,20,8.533676519989967
4100,10800,R20,1,163.953125,-645.4808927001133,-687.6511858173711,42,-487.0898025376963,20,9.25611537497025
4100,10900,R20,1,70.671875,-952.7845801889484,-995.0696723850806,39,-695.2899539007893,17,8.865532740019262
4200,5200,R20,1,108.84375,-66964.91356467901,-72156.78518694232,42,-65771.73581629872,20,12.297589135938324
4200,5300,R20,2,809.265625,-325499.9669854034,-437440.7325869937,83,-335257.97620264505,34,14.336630322039127
4200,5400,R20,1,43.1875,-8764.817985832939,-8929.920763742248,41,-8174.333950850744,20,11.194509971071966
4200,10800,R20,1,30.4375,-157.94891077363746,-160.61887946080077,35,-129.21042292707554,20,11.091082377941348
4300,5300,R20,1,88.796875,-23136.947204018084,-24757.628294479877,36,-14123.16320198849,16,13.301788834040051
4400,9200,R20,1,95.03125,-192.8612409336707,-200.91413772494585,41,-172.67697363119373,20,9.497854872024618
4500,9200,R20,1,13.296875,-74.93183050431266,-75.56628120746305,36,-69.20965182458328,16,10.676207693992184
4500,9400,R20,1,18.359375,-71.85363420280736,-72.81337714621577,35,-79.45580940943296,16,11.24565552698914
4500,10500,R20,1,27.015625,-107.63107019567305,-109.38134003459544,30,-97.61054788057854,16,10.988770556054078
4500,10600,R20,1,21.90625,-70.0498346206411,-70.6117486996932,30,-50.887567319991525,20,10.86751248803921
4600,9300,R20,1,197.015625,-2504.948857204,-3171.5882500918515,53,-1561.94028976014,24,10.869716095970944
4600,9400,R20,1,94.3125,-282.12938210825155,-297.46512860998155,46,-246.21437437828223,20,9.453988759079948
4600,9500,R20,1,233.90625,-535.9361321524369,-616.2705125467347,52,-469.132101597669,20,8.757554156007245
4600,10500,R20,2,143.984375,-589.1039689340103,-634.2968649072391,62,-544.5936784179436,29,9.792818991933018
4600,10600,R20,1,32.59375,-200.0643590351832,-202.99665608845328,35,-194.9904005673955,16,8.782289632013999
4700,7900,R20,1,27.75,-12.86768992541187,-13.072235994827537,25,-13.434678056927693,20,8.629256802028976
4700,9400,R20,1,183.8125,-864.2899023183082,-978.2671374882144,47,-534.2588038379306,20,8.596479043946601
4700,10000,R20,1,119.390625,-165.667041788024,-178.8053646034906,36,-173.52436192869965,16,8.467927947989665
4700,10100,R20,2,242.03125,-1086.0737826925686,-1226.7146708528528,55,-905.840299352026,30,9.045543998945504
4800,9000,R20,1,25.9375,-29.59223047303846,-30.055121972953597,35,-28.95750068678789,20,9.337911868002266
4800,9300,R20,1,15.90625,-32.23590004505814,-32.54853368208583,30,-30.476999795079283,20,8.686146958032623
4800,10000,R20,1,194.34375,-252.5753967010539,-300.86501439561886,46,-243.34747362140456,20,7.903314405004494
4800,10300,R20,1,32.765625,-162.555498913102,-164.71783853982225,36,-167.02174353798796,16,8.483365023043007
4800,10400,R20,1,35.0625,-184.434751078105,-186.9362038829085,30,-201.75721999269933,16,8.686138269025832
4900,9100,R20,1,250.890625,-433.5557384895058,-497.2395874021176,48,-316.98961193233447,25,7.453868890064768
5000,9900,R20,1,32.5625,-321.85711771472484,-347.7590449585148,35,-133.16695681349563,16,8.108196481945924
5000,10100,R20,1,254.203125,-645.6007290611903,-741.9772474705771,52,-651.185949984692,25,8.429813823895529
5100,9900,R20,1,397.765625,-2284.7191826543344,-2948.4988995449003,54,-1352.7275384347697,29,9.4632640669588
5100,10000,R20,1,51.84375,-181.89215407897717,-186.67479489277352,35,-261.7962813691579,20,8.578991472022608
5300,10200,R20,1,12.390625,-53.9497750533008,-54.229159135553694,35,-69.05415038334786,16,8.586219641962089
100,300,STRIP,9,137.515625,-315602.07089571864,-328012.3763419393,65,-338200.4820179794,29,13.12041071394924
100,400,STRIP,3,71.21875,-314757.71586757747,-321764.7240037828,53,-297593.66097315925,19,11.803873023949564
200,200,STRIP,11,210.859375,-851200.3125343563,-900074.5531747388,78,-854415.0117304866,30,14.613515609991737
200,300,STRIP,7,149.203125,-465134.3709191388,-483071.8720170252,75,-508900.3166964949,32,14.530669662053697
200,400,STRIP,6,82.5625,-330633.5868080298,-342298.9582350269,53,-341783.8809813389,24,12.851878412999213
300,200,STRIP,7,135.125,-1147545.8378173574,-1227316.970854068,52,-1223753.1628433063,24,13.537416948005555
300,300,STRIP,3,64.765625,-233652.76013568664,-236933.29309419912,54,-254941.67134223945,32,14.461096302955411
300,400,STRIP,7,149.265625,-667458.4572450602,-695909.7122822403,63,-680345.5422559078,24,13.64922896004282
300,600,STRIP,7,140.546875,-2287531.355339184,-2473793.3796383976,53,-2348260.5497876946,24,13.737479132018052
400,200,STRIP,6,125.625,-1247325.356281686,-1305573.1451461576,60,-1233621.9999947338,24,13.24411793402396
400,300,STRIP,7,115.09375,-745668.9958248176,-770941.6701837918,62,-851894.3721755373,33,15.1983047259273
400,600,STRIP,6,116.265625,-1596452.9735288126,-1687371.5730886846,52,-1466625.4870887543,20,13.09611862199381
400,800,STRIP,6,128.65625,-3476290.0040196357,-3613072.735471524,67,-3120750.8909655428,28,14.837621227023192
400,900,STRIP,15,333.890625,-13631533.331222683,-14638291.914491994,78,-15973211.11169644,30,15.34522731299512
500,300,STRIP,7,107.578125,-1493923.0274524775,-1554744.076349731,72,-1357421.6916509992,32,15.880593803944066
500,400,STRIP,4,49.046875,-460340.77611967735,-469210.528878664,67,-421982.79391952296,30,15.458012075047009
500,800,STRIP,11,165.125,-4367122.912398919,-4666160.496189402,59,-4191368.389638026,24,14.448326885933056
500,900,STRIP,9,255.5625,-10007007.28258603,-10564125.990646536,79,-10415282.831138736,32,15.316291005932726
500,1100,STRIP,1,309.53125,-34067857.61532682,-38859963.2714891,54,-25444954.400291257,24,13.400591633049771
600,200,STRIP,8,130.546875,-2384897.2351477444,-2482621.766896122,74,-2142216.642827509,28,14.660494890995324
600,300,STRIP,6,94.40625,-1021774.7308748494,-1046560.551772976,66,-1069864.5850354792,32,15.514056538930165
600,400,STRIP,8,107.703125,-1479982.158328338,-1563913.2679113245,58,-1756772.764300338,32,15.17006043496076
600,500,STRIP,10,156.140625,-1673639.0336118415,-1735617.8106772946,75,-1712067.3051820486,32,15.997983893961646
600,700,STRIP,10,224.15625,-3529457.9003604045,-3849910.1611719113,65,-3459682.529596842,24,14.337469085934572
600,800,STRIP,6,134.640625,-2682540.8656734456,-2804377.1738360515,63,-2627564.0538569214,24,13.965084710041992
600,1100,STRIP,2,201.765625,-23802457.69745838,-28496461.2210899,53,-11634922.184863277,25,12.9981690000277
600,1200,STRIP,3,2154.09375,-330438134.9180379,-1110375076.0688906,127,-355156247.9153147,41,14.771989717963152
600,1500,STRIP,10,169.703125,-56699304.51574981,-63548738.6029817,62,-55944995.00445374,21,15.000187993049622
700,200,STRIP,9,189.5,-4820111.850453334,-5272969.5394090805,61,-5308370.699036026,24,13.449583953013644
700,300,STRIP,7,174.140625,-2524202.882892725,-2648523.1646314594,67,-2658201.9819888663,24,14.181714230100624
700,400,STRIP,6,79.734375,-1403920.540567437,-1470120.005067338,51,-1353526.7107329569,24,14.15552122599911
700,500,STRIP,7,129.078125,-2129020.520400691,-2225496.883240221,66,-1971888.2777471747,32,15.135521794087254
700,600,STRIP,16,215.03125,-3597507.123034971,-3819899.6360531095,86,-3859970.170633733,33,15.920950461993923
700,800,STRIP,4,116.84375,-3370494.1377977594,-3577734.289505031,62,-3805670.086574765,24,13.794548612902872
700,900,STRIP,7,175.640625,-5580915.091022998,-5809944.819271852,71,-5042728.193659753,24,13.93207961099688
700,1200,STRIP,9,227.9375,-13304417.090926424,-15981178.640315048,54,-12488749.061250389,25,13.495306922937743
700,1500,STRIP,10,249.359375,-36658807.06700428,-40084224.75961262,73,-35186653.25642161,33,17.929151138989255
700,1600,STRIP,1,99.6875,-37662977.98771578,-41451545.34535147,36,-34565244.65234088,16,13.29096226708498
700,1700,STRIP,7,260.453125,-103129577.97315124,-116772879.49153428,72,-112456231.54204416,32,17.713869990082458
800,300,STRIP,10,200.453125,-3565139.3702295874,-3822009.33643432,58,-3680218.318994654,24,13.807032702025026
800,400,STRIP,7,167.34375,-2741179.202818965,-2868360.979426457,63,-2606337.065555125,24,14.518101189052686
800,500,STRIP,3,42.859375,-883959.7788217748,-908875.099559514,41,-941830.1276992824,20,13.099450752022676
800,600,STRIP,10,136.90625,-2358475.9348006025,-2470623.1316705835,67,-2564828.9307094496,33,15.222426238004118
800,800,STRIP,12,219.90625,-5630246.071105607,-6060463.669809299,73,-5485183.942309777,33,15.12867702904623
800,900,STRIP,10,180.828125,-6150997.160693415,-6499365.007365655,63,-5903021.405376853,28,14.268808101071045
800,1100,STRIP,8,138.296875,-10774501.18642312,-11400788.856471917,65,-17054678.97391908,33,15.820724471006542
800,1200,STRIP,10,231.109375,-12234502.34213341,-13400294.490560628,63,-10389914.78249154,24,14.5326329061063
800,1300,STRIP,6,165.453125,-9794610.746233435,-10474565.726975698,58,-10888095.774072569,24,14.65130730997771
800,1400,STRIP,9,156.953125,-37385835.10272962,-62274802.19258813,61,-21994564.504709385,24,13.5032369090477
800,1600,STRIP,7,213.21875,-63244884.94893291,-78719262.4258677,47,-66861849.95816563,24,16.086984831024893
800,1700,STRIP,8,353.890625,-86579942.41456863,-101261980.9909498,70,-102172712.85368082,28,17.177316834917292
800,1900,STRIP,3,76.859375,-16382067.718450991,-17000135.126901396,47,-12671925.152309556,23,15.77479623805266
900,200,STRIP,4,60.609375,-2240493.5183666805,-2305342.1937641418,51,-2425011.461508958,24,13.703800768009389
900,400,STRIP,3,101.59375,-1521429.0687317834,-1569767.2157429983,54,-1723960.182842922,24,13.893929254962131
900,500,STRIP,10,164.5,-3692682.457328983,-3960341.042055328,61,-3793280.6647175183,24,13.822373112896456
900,600,STRIP,5,121.65625,-2938105.850206798,-3133726.573692433,58,-3002160.001468827,24,13.833090051892214
900,700,STRIP,12,211.015625,-4385496.352842208,-4726200.990053938,74,-3963268.706773394,32,15.63558313495014
900,800,STRIP,3,85.265625,-2291527.862771836,-2381866.842788817,59,-2304179.5884919083,32,15.368217054987326
900,1100,STRIP,12,212.953125,-11758434.683637189,-12963547.980890444,70,-11088612.6654106,32,16.120295303990133
900,1400,STRIP,7,170.1875,-14520622.197664335,-16481251.270856868,61,-18887865.8065394,24,15.342202225001529
900,1500,STRIP,4,110.53125,-9016836.555747995,-9502843.80541303,42,-11627518.501794554,20,14.733305586036296
900,1600,STRIP,9,262.328125,-61776651.56354464,-75639737.59347071,59,-47993425.87746813,20,14.591241362970322
900,1700,STRIP,5,242.9375,-62494496.966180176,-73233233.60007393,67,-48310056.780019686,24,14.666137111955322
900,1800,STRIP,7,516.640625,-122581835.7423757,-153182933.05233645,76,-93966817.18278784,32,15.601086767972449
900,1900,STRIP,9,352.796875,-123358142.22963545,-150913549.28647602,82,-106766036.89910726,34,17.641150507959537
900,2200,STRIP,1,911.890625,-230042118.8594769,-322678753.26440257,84,-244107577.41943225,36,17.929967176984064
900,2300,STRIP,2,803.453125,-208620637.66024297,-370417098.3355554,79,-368978439.8244667,29,15.467672322993169
1000,100,STRIP,6,176.6875,-5657417.044158855,-5952300.390575542,58,-5645341.731769589,20,12.995412477990612
1000,200,STRIP,7,146.90625,-3317690.1971502653,-3432611.8848407296,65,-3226863.017117994,24,13.77647226199042
1000,400,STRIP,7,96.34375,-2347802.0015452346,-2425112.5955189206,50,-2737044.013208518,24,13.707915707957
1000,500,STRIP,4,88.828125,-3827542.1767025567,-4035401.380083484,58,-3288258.8246668093,24,13.591088798944838
1000,700,STRIP,8,132.421875,-2969886.971727602,-3084505.558623512,65,-2636061.6447417005,28,14.872352613019755
1000,800,STRIP,7,139.5,-3461013.7467103684,-3660302.3006256847,73,-3380667.360148455,32,15.472870562924072
1000,900,STRIP,5,89.984375,-2210322.4962166743,-2284692.963828277,51,-2227489.069112964,20,13.7363558949437
1000,1000,STRIP,6,100.765625,-3324673.647351415,-3432899.07569656,68,-3067949.465254817,32,14.904552294989116
1000,1200,STRIP,12,376.453125,-12769945.643909536,-15009562.19833908,76,-12530879.129264249,34,15.83460104605183
1000,1400,STRIP,10,224.90625,-14179133.175073666,-16115672.095817875,63,-14202079.87020221,25,15.456787240924314
1000,1600,STRIP,5,200.921875,-27220979.056687832,-33000283.796140395,68,-15101309.058353186,24,15.818847795017064
1000,1700,STRIP,7,289.78125,-56030487.98401632,-68196705.61568886,68,-41159243.69388435,32,17.68366497196257
1000,1900,STRIP,10,394.84375,-126877701.25666907,-167218865.40022165,75,-114221342.78230482,28,17.963739985018037
1000,2000,STRIP,8,383.640625,-115002010.2389794,-139372543.18558002,80,-163176146.7054067,33,18.16814192803577
1000,2100,STRIP,4,735.3125,-272982776.9882709,-434895790.2257733,85,-279145404.450528,32,17.030327738961205
1000,2200,STRIP,4,1198.53125,-1068695581.816637,-2170577223.5695624,125,-1409497810.2839255,46,19.54379947599955
1000,2300,STRIP,2,1819.0625,-1541668863.2320957,-4994639248.378508,113,-2028004037.1713395,39,17.58153226005379
1000,2400,STRIP,2,42.078125,-32962236.63086118,-34376550.17899578,41,-35678122.77301836,16,14.304528821958227
1100,100,STRIP,4,100.6875,-2851701.8040881585,-2929120.351587993,52,-2653270.991090742,20,12.545307870022953
1100,300,STRIP,6,78.125,-2698682.1330891345,-2895859.0045242687,55,-2987921.466701545,24,12.873686081031336
1100,400,STRIP,6,90.96875,-2087887.397210754,-2161811.5809095195,66,-1882512.4224638909,24,13.799093925976194
1100,500,STRIP,8,107.078125,-2909225.963534845,-3056348.8884969987,57,-2326689.592785383,24,13.358492675004529
1100,700,STRIP,5,89.5,-1587539.0307944375,-1628180.5213007885,60,-1482936.9069496023,24,14.15840758907143
1100,800,STRIP,6,163.046875,-6065328.107754953,-6833217.802123589,61,-6016063.301335238,28,14.264570022933183
1100,900,STRIP,6,95.96875,-3538215.62902133,-3710225.2897861833,58,-3635840.819515905,24,14.154327391996048
1100,1000,STRIP,11,162.515625,-7262633.577518761,-7964122.3882293245,66,-5631379.011332294,28,14.541319218929855
1100,1100,STRIP,5,237.9375,-10885821.01871948,-12622670.830915688,69,-11159267.115118723,29,14.621836039004847
1100,1200,STRIP,5,79.421875,-3074272.0709009515,-3189253.270345948,61,-2499758.037804137,28,15.025120328064077
1100,1500,STRIP,13,387.140625,-17464277.207291078,-23200173.81119215,87,-18100287.527247515,33,16.88938327599317
1100,1600,STRIP,7,245.75,-14167045.158946391,-15894505.662873069,67,-10975836.754405318,24,16.277044973918237
1100,1700,STRIP,12,327.390625,-14358431.66073277,-16177949.361701608,72,-12526668.13095318,24,15.880595079972409
1100,1900,STRIP,5,252.5625,-12337627.76953748,-13696901.20292401,59,-13804015.836581685,24,15.443492398015223
1100,2100,STRIP,4,564.984375,-83575215.69100966,-105868811.13763472,68,-104397116.54185805,28,15.253818101016805
1100,2300,STRIP,8,365.78125,-232880495.6798781,-289641679.98972607,64,-135838467.8894359,25,16.392558302963153
1100,2500,STRIP,10,453.3125,-293487503.77712697,-414036591.0177467,75,-173974621.71484727,32,17.096221858053468
1100,2600,STRIP,13,369.953125,-222150544.25337932,-265959909.1703607,70,-212823098.33607244,28,17.131515135988593
1100,2700,STRIP,9,664.90625,-486148110.87506944,-695255588.8400941,78,-469748012.6449789,28,16.423794360947795
1100,2800,STRIP,8,294.109375,-265090086.38775352,-370876404.10939455,70,-331069174.958399,22,15.506869586999528
1200,100,STRIP,6,91.625,-2807773.033000447,-2876968.321320435,56,-2801921.3288703845,20,12.699809926911255
1200,300,STRIP,4,65.96875,-1669305.2419092518,-1711041.047950504,57,-1554113.188794639,24,13.601423772983251
1200,500,STRIP,7,195.4375,-4911764.528271148,-5253959.679516075,69,-5426460.11298505,28,14.166541810962372
1200,600,STRIP,9,184.5,-4530987.657775294,-4894315.618119847,58,-4041950.061684569,24,13.687497512088155
1200,700,STRIP,10,194.828125,-3980356.605601397,-4241955.206938706,66,-4738941.060657335,24,13.573100522975436
1200,800,STRIP,8,180.28125,-4052999.140163368,-4304793.31203166,59,-4360661.946374163,24,13.463222185964696
1200,900,STRIP,9,210.78125,-7685962.997959531,-8403871.633462675,64,-7148870.907096058,24,14.239660045015626
1200,1000,STRIP,7,118.0625,-3957490.632779624,-4142045.869625768,64,-3474903.48590716,24,13.611930634942835
1200,1200,STRIP,10,189.078125,-5791330.386218827,-6265916.871720271,58,-5551496.026252914,24,13.820265120943075
1200,1400,STRIP,9,151.84375,-8810317.25895518,-9596436.921547243,63,-6067032.062270971,24,14.096615895046853
1200,1600,STRIP,7,441.921875,-8338610.156163173,-9452312.42857216,88,-6741172.204852397,32,17.005546065978706
1200,1700,STRIP,11,325.21875,-13813104.28479617,-17209405.44732826,66,-22500458.3157454,29,15.478745677974077
1200,1800,STRIP,11,326.546875,-14988281.072780097,-17893113.627228387,71,-32295463.436317373,24,16.00491349992808
1200,1900,STRIP,7,253.65625,-26729266.962211765,-32809285.59291428,70,-27082370.969462644,24,16.4275604049908
1200,2300,STRIP,10,413.703125,-64229455.99641183,-84060735.09758422,71,-34646600.695756115,29,15.973975533968767
1200,2400,STRIP,11,369.96875,-106925332.83480884,-132420881.93912037,68,-186784994.0906986,33,18.047211244003847
1200,2500,STRIP,10,256.40625,-91141650.18244062,-105526717.4837427,68,-86416647.39764208,24,16.4447519259993
1200,2600,STRIP,15,519.53125,-227739959.513382,-286280475.8970989,84,-156897320.94729263,32,18.963446573005054
1200,2700,STRIP,8,417.140625,-190503150.77282137,-254568923.25928605,78,-144268426.49282607,29,19.10013804200571
1200,2800,STRIP,12,545.578125,-180366657.52257448,-229113563.41600776,85,-117136731.8319717,34,20.37074440403376
1200,2900,STRIP,10,350.546875,-161511008.1808925,-190199626.31628543,76,-90458197.62093376,29,18.16391308500897
1200,3000,STRIP,11,415.109375,-165689964.51560745,-192070045.2549981,81,-172226703.87012708,32,17.162002181983553
1200,3100,STRIP,8,335.9375,-81323893.78559595,-95227857.59897386,72,-101791524.45499438,26,15.596446617040783
1300,200,STRIP,1,28.015625,-499305.5175543405,-504873.8566088042,30,-485343.442798722,16,11.704492106917314
1300,300,STRIP,2,33.40625,-665731.5115298507,-671571.3497400024,48,-624709.7178297553,20,12.66047565289773
1300,400,STRIP,3,27.984375,-632147.3439264876,-638606.0903181811,38,-574519.5868247929,20,12.880022714962251
1300,500,STRIP,6,200.96875,-4180038.1392672015,-4412949.529082018,62,-3932642.497381093,24,14.010419698082842
1300,600,STRIP,3,51.984375,-1297055.0971096149,-1327616.1465033214,40,-1159322.5438134386,16,12.694975562975742
1300,800,STRIP,6,117.890625,-4705263.351317691,-4976114.967782233,58,-4010332.999071452,20,13.153286842047237
1300,900,STRIP,4,69.1875,-2334777.8918367885,-2409029.218995816,44,-2185529.197888307,24,13.435675528948195
1300,1100,STRIP,9,306.0625,-11480105.199575324,-13051051.958556216,75,-11095965.828359928,33,14.634430730016902
1300,1200,STRIP,11,182.78125,-8972165.52729361,-9877913.224600144,69,-10278886.030555964,32,14.690561763942242
1300,1300,STRIP,13,186.90625,-7827255.097308851,-8382170.5382218845,63,-6720930.198279097,28,14.168714973027818
1300,1600,STRIP,10,269.671875,-6940015.450282369,-8022924.409217612,71,-6190032.861511793,24,15.063396024983376
1300,1700,STRIP,8,246.140625,-6159238.4260783335,-7418962.31778895,53,-6150391.685259236,29,15.079593417001888
1300,1800,STRIP,5,329.1875,-5224737.850636639,-5736413.65730351,76,-4790837.81956891,33,18.166232933057472
1300,1900,STRIP,5,155.171875,-5896771.907444861,-6629902.70051606,67,-3234512.0945773385,24,16.51539176609367
1300,2000,STRIP,10,150.546875,-15584604.418492915,-17778288.383524656,58,-12328003.39652288,20,15.960752759012394
1300,2100,STRIP,5,148.953125,-12596478.437242134,-13819629.690171009,46,-10627381.172702145,20,14.215136076905765
1300,2200,STRIP,2,80.21875,-12331870.520140726,-13153667.02889732,41,-8186978.187399628,20,14.57881977991201
1300,2300,STRIP,13,397.515625,-55234533.91598074,-74533464.40135205,81,-31575345.015959628,34,18.36270733701531
1300,2400,STRIP,9,201.484375,-24706851.47049181,-27422487.063146956,69,-21327709.33303144,32,17.567810693057254
1300,2600,STRIP,4,81.796875,-26001861.46654048,-28654052.96095071,52,-12222857.707556456,20,15.551848829956723
1300,2700,STRIP,10,432.65625,-132635390.33058584,-160025312.22001335,94,-66675759.53686947,32,19.4610649549868
1300,2900,STRIP,8,527.328125,-165806982.18592563,-204913647.80106777,83,-144577380.2907768,34,19.301759410998784
1300,3000,STRIP,7,358.453125,-135315579.85297257,-171287090.00839448,94,-115842954.1434654,33,17.820335902040824
1300,3100,STRIP,7,199.4375,-51681486.86444433,-57735159.67271404,69,-52653455.191851154,28,15.618486477062106
1400,500,STRIP,4,65.03125,-1211328.4698600776,-1234303.8509080028,48,-1181238.9295221148,20,12.409070894937033
1400,600,STRIP,5,97.53125,-2546099.807106592,-2629854.122637038,56,-2851487.318657268,24,13.666462942026556
1400,700,STRIP,7,176.078125,-5449374.5008122735,-5636828.518788569,76,-5187252.5446003415,33,15.073871099040844
1400,800,STRIP,9,160.34375,-5375151.135963206,-5608542.883506613,66,-4693133.667326134,33,14.368792620953172
1400,900,STRIP,10,154.921875,-5252677.122622688,-5473918.1883412,73,-5068773.385709881,33,15.32374066801276
1400,1000,STRIP,10,233.59375,-9797324.061306708,-10617888.528656311,68,-8121592.947414683,33,14.615857198950836
1400,1100,STRIP,3,79.03125,-3291912.298568436,-3359345.0377530176,67,-2969154.065466686,31,14.561864051036537
1400,1200,STRIP,12,298.3125,-18307308.64185675,-20025864.20711586,78,-15140684.927129537,32,15.207587257958949
1400,1300,STRIP,13,244.0625,-11500775.920905124,-12576401.355960377,70,-12039528.388826566,33,15.13866788696032
1400,1400,STRIP,14,342.265625,-32103219.287978757,-41416655.723865,69,-34848534.64740318,33,14.628447216935456
1400,1500,STRIP,5,106.34375,-4474255.72545623,-4672867.7985369,51,-4107897.821457451,24,14.673361861961894
1400,1600,STRIP,5,237.96875,-7187728.9926782455,-7749847.144364336,52,-5262086.10906954,25,14.694777149008589
1400,1700,STRIP,3,41.328125,-3524873.6803324297,-3718311.796122309,40,-2445989.544750385,20,13.188246345962398
1400,1900,STRIP,8,165.40625,-8262495.69885284,-14939542.657307427,58,-3777341.469115023,24,13.896550312056206
1400,2000,STRIP,9,354.296875,-18141804.71163858,-22654520.36569949,70,-11892248.35340426,24,16.114454675931484
1400,2200,STRIP,5,156.0625,-26250525.090072785,-30370412.473777667,71,-15790044.256772328,24,16.000862434040755
1400,2400,STRIP,12,318.921875,-23925721.877424493,-27831362.49083712,74,-16530472.926730905,24,16.12078181398101
1400,2500,STRIP,8,223.109375,-25813159.4140316,-30553848.37190486,67,-28363418.9435931,24,16.28723643696867
1400,2700,STRIP,11,405.921875,-97037784.45640908,-121456337.30200648,93,-75486593.04602002,37,21.06142131099477
1400,2800,STRIP,16,654.84375,-170713004.21707308,-238382764.7621916,83,-138709183.8432839,35,19.295229522977024
1400,2900,STRIP,14,337.21875,-145210856.4072152,-183208920.27910691,75,-100659406.8485634,33,19.62618745607324
1400,3000,STRIP,16,394.453125,-131993283.07895324,-159581905.9734205,81,-124152654.30905004,33,18.663651573937383
1400,3400,STRIP,5,668.546875,-48961038.5295329,-57317466.30536071,100,-68408367.31568873,35,15.401996823959053
1500,800,STRIP,4,59.125,-1866584.6924102455,-1915079.231955694,42,-1787393.1292913845,24,13.044889002921993
1500,1100,STRIP,8,173.3125,-8502618.687727425,-8859011.330026938,81,-6987387.950931782,32,14.241549045895226
1500,1200,STRIP,6,147.78125,-9115863.027173957,-9469216.472397052,78,-9087781.96770268,32,14.93938824092038
1500,1300,STRIP,11,319.515625,-22368047.705862768,-25556941.83796064,79,-20450765.715529703,32,14.876442351029254
1500,1800,STRIP,9,385.15625,-20910794.429117307,-29372722.791727778,71,-20318604.098640423,24,14.946303928038104
1500,1900,STRIP,9,287.3125,-7614142.70093528,-9112657.131630937,69,-5649935.771785119,24,15.085468031931669
1500,2000,STRIP,6,223.25,-4206480.799108821,-4783634.143084864,70,-2708156.146974281,29,15.765990578918718
1500,2200,STRIP,6,286.09375,-18633728.456780966,-23990508.55991545,65,-16202684.286007572,29,16.23298911296297
1500,2400,STRIP,13,363.515625,-9162581.837398708,-10667612.022290774,89,-8621857.371955175,33,17.65638331300579
1500,2500,STRIP,7,257.21875,-3669392.601496499,-4192606.569764448,66,-4458168.979387803,25,15.874031453975476
1500,2600,STRIP,13,363.09375,-24637393.04752021,-28035947.74364828,85,-25124375.35610123,33,19.759495179983787
1500,2700,STRIP,17,296.1875,-21506313.08653208,-25290260.379525,73,-22644090.66519005,32,19.34341372794006
1500,2800,STRIP,6,424.671875,-68563455.82462947,-96215045.01829644,72,-49432264.94969914,28,18.26837601896841
1500,3000,STRIP,9,241.78125,-160376054.3169996,-231322694.79909843,69,-61869083.22369999,28,17.524478127015755
1500,3100,STRIP,7,288.96875,-140756609.43345213,-222518501.5681252,61,-123768790.72634868,24,14.015267350012437
1600,1000,STRIP,1,16.9375,-818340.2576429845,-825414.4667357353,30,-656341.8581672767,16,11.595556334941648
1600,1100,STRIP,2,18.21875,-1031504.0035455652,-1044461.5575006162,40,-761174.7056051851,20,12.165402916027231
1600,1400,STRIP,13,312.828125,-28744004.795553163,-32392715.11914701,78,-25758255.090152755,32,15.522751232027076
1600,1700,STRIP,6,142.140625,-22864273.4418076,-25833154.62154904,41,-23175086.95232851,20,16.94778445805423
1600,1800,STRIP,8,330.8125,-41800881.780727,-52703764.3597876,63,-32631498.16658967,29,18.723922781995498
1600,1900,STRIP,8,351.203125,-24809843.482006703,-37102546.50768831,77,-16839740.819528144,32,19.191095912945457
1600,2200,STRIP,11,428.203125,-5812058.051820918,-7668913.143229965,83,-5595895.823170517,32,17.37761309708003
1600,2300,STRIP,7,337.0625,-1290637.6521506947,-1691755.0381479042,83,-1138105.7216501208,32,17.081156981992535
1600,2400,STRIP,3,322.484375,-1337881.0406235675,-1800993.643636677,47,-1186876.9955057872,25,15.24742695898749
1600,2500,STRIP,9,416.453125,-3742413.4130447903,-4770281.7542649,72,-3653512.305165173,29,17.31646564800758
1600,2600,STRIP,14,484.171875,-15228959.95269559,-20362214.170475088,75,-17086796.384962622,33,18.45537803892512
1600,2700,STRIP,11,424.5625,-37992145.513620846,-48528570.66891739,82,-35600496.435989305,32,19.12191155203618
1600,2800,STRIP,8,424.875,-78426038.36683288,-112854727.11032796,60,-56662778.543607496,29,18.06300697592087
1600,3000,STRIP,12,525.96875,-201965640.3827852,-282464275.6599097,81,-131251140.18463963,28,17.21820173203014
1600,3100,STRIP,3,188.5625,-88220648.2587906,-113859530.57853216,52,-71666148.21881895,25,14.953781067044474
1700,400,STRIP,1,555.203125,-12704453.071541602,-15855331.929904718,64,-11043717.897423953,25,13.362424105987884
1700,1300,STRIP,1,10.703125,-609352.8502357218,-612739.8578268085,36,-545988.0010173852,16,12.337866471032612
1700,1500,STRIP,8,245.453125,-41195250.65526664,-47098879.50002684,56,-36734956.85986514,25,14.059246322955005
1700,1600,STRIP,6,181.265625,-48839523.610084265,-58707713.982004896,58,-56537181.66894791,25,15.350639899028463
1700,1700,STRIP,9,302.4375,-60881876.77453687,-70588034.04318318,91,-42471710.85452531,34,19.35993313603103
1700,1800,STRIP,9,342.6875,-56472950.72917393,-66131351.55593462,88,-55305058.93127006,32,19.59653503401205
1700,1900,STRIP,12,552.0,-101504106.48859914,-146836416.05176586,83,-68047836.69300827,34,19.271592014003545
1700,2000,STRIP,9,444.0,-52357269.38364463,-65534168.220626965,86,-25856267.6162482,33,19.84253144799732
1700,2100,STRIP,17,647.078125,-60575200.06866998,-80022588.4282735,89,-41632885.251604594,34,19.19618170708418
1700,2200,STRIP,14,369.375,-11506602.585896935,-14017072.063725462,73,-10815514.635410553,33,18.10869245603681
1700,2300,STRIP,12,544.28125,-9097124.887559522,-11017709.11678325,97,-5718411.534396417,33,18.54700459807645
1700,2500,STRIP,4,284.890625,-596556.2078790592,-662409.768395728,73,-2425109.8168555875,33,18.969007109990343
1700,2600,STRIP,2,698.96875,-6955016.264857365,-27117557.177983936,77,-14253665.762414338,38,17.952399099012837
1700,2700,STRIP,8,240.203125,-9375485.96203309,-11713010.749469016,54,-10998295.815017903,24,17.1741283290321
1700,2800,STRIP,10,272.421875,-30943985.163250744,-42319698.67859833,59,-36382400.79728244,28,18.058710234006867
1700,3000,STRIP,8,311.484375,-109840277.67760684,-147872464.45688564,66,-76373715.20160094,24,16.74196827202104
1700,3100,STRIP,7,326.296875,-100144206.93661828,-123055425.99777256,66,-86168446.39871939,24,15.69240441499278
1700,4300,STRIP,2,2479.5,-22951294.85914751,-120690833.61798836,133,-24865101.56326141,49,14.022744832909666
1800,400,STRIP,1,194.015625,-4540265.454889549,-4957427.985866962,48,-4706175.266452514,20,12.941895599942654
1800,900,STRIP,1,19.046875,-501514.6877182295,-506089.2322033644,30,-496692.0507353484,16,10.394111098023131
1800,1600,STRIP,3,60.484375,-11393499.369060207,-11971589.054981176,40,-12233680.613785746,20,14.528110736981034
1800,1800,STRIP,5,299.515625,-124663724.87168208,-194335318.63441363,72,-104892772.8777172,28,17.846863880986348
1800,1900,STRIP,5,145.3125,-33386257.20039863,-36797646.10900453,56,-25374759.685863294,24,16.40552823897451
1800,2000,STRIP,4,181.0625,-40639186.24986144,-45857740.13774119,61,-25188050.89284804,24,17.463299327995628
1800,2200,STRIP,4,58.84375,-4528356.898495585,-4822380.8505031895,36,-7287420.745957466,25,15.87225778400898
1800,2900,STRIP,1,11.359375,-5793823.232574043,-5974256.916083936,25,-5483938.660539342,20,13.85471698991023
1800,3100,STRIP,4,263.125,-56826931.89203893,-64871521.62256003,52,-49330296.670881234,20,13.990605934988707
1800,4400,STRIP,2,1217.96875,-12438294.104212113,-61761034.55925228,113,-12114469.31155863,37,12.929732877993956
1900,300,STRIP,2,64.65625,-1512835.8965140495,-1589616.7109335796,36,-1477525.2413662137,16,12.17197176499758
1900,1800,STRIP,2,137.828125,-39181069.16629781,-43685008.78780241,47,-33800451.10178081,20,15.47238765307702
1900,1900,STRIP,4,241.796875,-82087069.76932189,-95189890.73020384,59,-52948022.440929815,25,16.82822542404756
1900,2100,STRIP,12,623.578125,-199027825.6014027,-279519630.0400876,87,-170889210.00225794,33,18.75592577003408
1900,2200,STRIP,6,256.3125,-54451279.25158275,-64687978.024725415,52,-40231909.52154976,24,17.013213605969213
1900,2300,STRIP,6,255.625,-34429503.86796121,-39318208.045319565,76,-35691140.45634261,33,18.20219314401038
1900,2400,STRIP,8,312.609375,-42866654.06985466,-57647890.40868351,70,-45894635.93736827,31,17.768305844976567
1900,2500,STRIP,5,138.546875,-27647792.65655861,-37831648.49065799,36,-47980478.93142377,20,14.805188957951032
1900,2600,STRIP,1,168.65625,-5603165.251273552,-19734146.642016657,46,-1256116.7609280795,20,13.053930286085231
1900,2700,STRIP,4,2244.75,-78499671.54378188,-4554631284.930727,143,-106962982.51939528,53,21.18909333809279
1900,3000,STRIP,9,277.5625,-90567271.15092193,-111354238.68701468,62,-59417590.40858491,24,15.299505932955071
1900,4300,STRIP,2,2641.015625,-11637987.910010137,-521867361.5817653,139,-14863854.93131882,50,13.141855719033629
1900,4800,STRIP,1,87.796875,-152123.6348920109,-156219.49508490445,36,-130575.86344578987,20,11.307457127026282
1900,4900,STRIP,2,219.421875,-398252.11597293714,-421191.2222865471,57,-427045.8820346963,27,12.87550610001199
2000,2100,STRIP,6,218.609375,-80456676.1949401,-95868111.27308188,68,-68746183.30613029,28,17.67780061601661
2000,2200,STRIP,8,395.0625,-107847443.85047792,-124224519.52032356,70,-72927138.94674179,29,18.82476988795679
2000,2400,STRIP,12,461.234375,-75320002.42691474,-100839673.48605266,81,-52965675.90223236,33,18.134115651948377
2000,2600,STRIP,8,222.640625,-25400846.911604177,-31735458.50537751,66,-30433962.114815176,24,16.332501988043077
2000,2700,STRIP,6,186.015625,-20189825.12879487,-25631956.75956689,64,-20806446.752306327,29,16.99239255604334
2000,2800,STRIP,9,448.171875,-43782431.83323516,-61327339.76099319,72,-47659681.87059316,28,17.12415912200231
2000,3000,STRIP,12,271.78125,-81733073.8442944,-102632993.3602617,66,-56237219.3312713,28,16.295876774936914
2000,3100,STRIP,5,264.03125,-61223564.55611903,-75097352.5134904,59,-48002512.91664879,20,14.058696483029053
2000,4300,STRIP,3,3979.484375,-27378515.548550475,-771443584.9654363,172,-42012866.08127181,56,14.601064079091884
2000,4400,STRIP,2,268.125,-2095603.4441138743,-2427560.410495304,53,-1574069.6969524678,24,11.959552419022655
2000,5000,STRIP,1,27.640625,-62887.6166923452,-64122.348124607786,36,-42969.50863668618,16,11.47816103999503
2100,2200,STRIP,4,126.765625,-49331051.67018276,-54706018.29169035,46,-41408383.57026996,24,17.383930419920944
2100,2300,STRIP,6,324.578125,-113429386.045682,-132894325.59507276,73,-108548660.86850184,33,19.202364498050883
2100,2400,STRIP,10,486.828125,-129345337.57405202,-184075942.32111588,89,-75566766.51314117,32,18.670881506055597
2100,2500,STRIP,5,192.28125,-21984678.943069234,-24017637.162075914,65,-15495643.422230706,24,16.41034371301066
2100,2700,STRIP,6,348.0,-19210550.583872497,-22770527.89830413,66,-18467899.65945797,24,16.65237988694571
2100,2800,STRIP,14,562.484375,-93385542.74736112,-139518815.47480762,77,-50951740.83534251,33,19.02251401299145
2100,2900,STRIP,5,232.59375,-44163045.8868008,-49780661.09859513,79,-28773555.341755696,28,18.28889467800036
2100,3000,STRIP,12,516.296875,-114633935.14487548,-149426723.75732863,76,-90405257.19543144,29,17.369558778009377
2100,3100,STRIP,5,157.65625,-18902381.76814366,-20903813.676291697,56,-18321529.497942712,20,14.522810905938968
2100,3200,STRIP,1,1121.703125,-25681278.201512225,-34295653.14597018,63,-31981769.938558545,30,12.648342494037934
2100,3300,STRIP,1,1121.703125,-25681278.201512225,-34295653.14597018,63,-31981769.938558545,30,12.903016451979056
2100,3400,STRIP,1,234.09375,-4709110.478089879,-5111641.069562924,48,-8873885.5643799,25,12.789164555026218
2100,4200,STRIP,3,2640.96875,-8887907.624056019,-16220347.24409901,141,-10595829.050619844,47,13.18671738600824
2100,4300,STRIP,2,1624.203125,-6134631.893411685,-9347159.204408068,111,-6392118.602935532,40,13.06553885503672
2100,4800,STRIP,2,153.890625,-160022.04073905427,-168156.41504180426,42,-161809.29226282457,16,10.889545422047377
2200,2300,STRIP,5,127.203125,-28600563.45818177,-30534120.03633581,52,-28768465.16904185,25,15.624357602908276
2200,2400,STRIP,10,343.703125,-92376597.97009613,-105693801.92216246,79,-66271941.3115475,29,16.89999582397286
2200,2500,STRIP,7,257.796875,-91808551.91077082,-111060130.57530773,86,-52870488.45574826,32,20.185356245958246
2200,2600,STRIP,7,165.171875,-57901933.81022438,-66904104.84972395,67,-22283312.247670203,32,21.341201437055133
2200,2800,STRIP,7,424.546875,-42950420.22958252,-55521697.27930728,76,-49842052.59524513,29,22.60873280698433
2200,2900,STRIP,7,240.296875,-27449063.78151829,-32370421.921401225,57,-22947452.00229239,24,19.29937966295984
2200,3100,STRIP,2,268.921875,-48179979.47994822,-63495023.67077564,42,-36779150.17274608,20,15.459488217020407
2200,3600,STRIP,1,115.046875,-1774819.710784056,-1875280.3112047769,42,-1334174.229602259,20,13.721467775991186
2200,4200,STRIP,2,2051.65625,-6468095.0242046965,-10370682.277681457,143,-6170189.657016214,45,14.036592907039449
2300,2400,STRIP,1,94.390625,-21849195.777369168,-23535065.40249167,36,-20334656.325524427,16,13.55038512602914
2300,2600,STRIP,2,75.375,-41420683.243822336,-47149403.985855125,50,-36583201.160966754,24,16.211346389958635
2300,2700,STRIP,5,133.8125,-23192269.927348275,-28915301.249164023,46,-20757991.42217977,20,15.362383509986104
2300,2800,STRIP,12,429.15625,-48378376.61905581,-65213658.46447048,82,-45798191.75315248,34,19.89570548105985
2300,2900,STRIP,9,385.484375,-63042257.85504003,-83242365.70687145,81,-54539981.37851964,34,22.407844230998307
2300,3000,STRIP,6,229.671875,-41297162.50144963,-49537218.00091609,80,-29142816.164294027,32,21.07214613899123
2300,3100,STRIP,2,159.71875,-27526808.972408835,-32277311.108081844,41,-20865941.290390387,20,14.000802318099886
2300,3300,STRIP,1,53.390625,-305254.87381929613,-309865.31107809924,36,-391207.9709152601,20,15.625694887014106
2300,3500,STRIP,2,486.296875,-9804625.830828397,-14018517.002370998,59,-8710102.053503186,25,15.576310081058182
2300,3600,STRIP,1,209.734375,-4227649.537679082,-5294750.475281563,46,-4114562.842826589,24,15.958694215980358
2300,4000,STRIP,1,45.734375,-152916.32036941286,-157812.19226238952,35,-141296.78553057427,16,13.170248872949742
2300,4200,STRIP,2,2167.75,-6072359.4988920055,-10587574.23004418,127,-5788711.694079382,44,13.10520811099559
2400,2600,STRIP,6,284.921875,-68215040.0700391,-85420724.65345795,53,-54564580.60974056,25,16.151567617082037
2400,2700,STRIP,9,284.34375,-86996254.48583922,-103829000.87071636,65,-50120938.61387471,24,17.13809967704583
2400,2900,STRIP,6,287.09375,-20033383.933870647,-23773348.10933218,75,-15359461.504451755,32,18.57513191201724
2400,3000,STRIP,10,353.109375,-19648383.05213125,-22416646.28798472,75,-17259314.984555967,33,20.25686726497952
2400,3100,STRIP,4,102.96875,-16410564.37772033,-19985819.24976363,42,-15393714.057984471,16,13.906065659946762
2400,3500,STRIP,6,1200.203125,-20236666.97095126,-28069278.86049352,101,-16348123.29135808,38,18.8070859760046
2400,4000,STRIP,1,292.03125,-1027530.8727177144,-1169299.6579922417,53,-1028490.8950862372,24,14.68535765307024
2400,6300,STRIP,1,435.140625,-47919.08841488585,-52479.43121322586,51,-38103.52802949808,24,12.52973759593442
2500,2700,STRIP,3,77.203125,-13017350.439262178,-13929525.708248217,42,-16321426.134744128,20,18.04294848104473
2500,2800,STRIP,10,434.578125,-42634602.646180354,-51918686.6072458,73,-40858272.60316749,32,20.02838203497231
2500,3000,STRIP,8,355.25,-20014591.574707262,-23408198.191910848,83,-14431010.193261202,33,18.168472868972454
2500,3100,STRIP,5,205.78125,-11812202.12760501,-14262757.099889385,47,-13093330.652762009,20,16.336206406005658
2500,3600,STRIP,1,596.015625,-9893491.86870614,-13208645.120853342,66,-10216963.84767812,25,12.864323984016664
2500,6300,STRIP,4,559.84375,-32373.34574634136,-39222.27363377751,72,-30103.010380007763,24,9.994531746953726
2500,6400,STRIP,1,81.375,-14720.98021397777,-15758.863764362091,41,-11728.394378777466,20,10.276844345033169
2600,2900,STRIP,6,186.640625,-10394215.648388144,-11616208.112833316,61,-8943059.997103471,24,16.9104148929473
2600,3000,STRIP,3,181.328125,-5246457.831939824,-5955952.544752855,75,-5176565.639129419,32,18.989452596986663
2600,3100,STRIP,9,293.53125,-10454595.377002548,-12088748.126015589,57,-9369115.16698816,29,16.490031277993694
2600,4700,STRIP,1,13.328125,-13455.608447305469,-13563.645528427758,35,-14955.380019498143,20,12.243764366954563
2600,4800,STRIP,1,271.34375,-160367.92577049622,-174520.18295069243,48,-147090.93429191725,16,11.001129346899688
2600,4900,STRIP,1,271.34375,-160367.92577049622,-174520.18295069243,48,-147090.93429191725,16,11.682860334054569
2600,5100,STRIP,1,66.125,-29292.58131906547,-30475.222308992365,36,-30630.95845595723,20,12.61320479400456
2600,6300,STRIP,1,749.078125,-46717.92705515667,-65807.17321448306,73,-48756.870681321576,25,11.189273982890882
2700,1400,STRIP,2,308.1875,-16825301.731101442,-21602926.63874511,54,-18125049.690804698,29,14.450760575942695
2700,3000,STRIP,5,137.921875,-5064576.682992237,-5563974.944981279,47,-3391664.9631766304,20,12.90349547204096
2700,3300,STRIP,1,19.96875,-118797.79259086224,-119732.06217278611,30,-168194.89711831906,20,11.95873855391983
2700,5700,STRIP,1,241.96875,-43008.294170852285,-60502.35976444349,53,-46790.138588764064,25,9.345817086985337
2700,5800,STRIP,1,507.96875,-82713.40571400798,-101255.96062024856,60,-67770.30791015807,25,9.821980664040892
2800,1100,STRIP,1,2465.21875,-84025129.61292744,-2254539763.805961,120,-94741516.6120512,41,13.562319490942173
2800,1200,STRIP,2,4299.109375,-128768997.68717805,-3801966003.174468,179,-140768382.48182878,60,12.472002406022511
2800,1800,STRIP,1,4918.53125,-195786829.48336995,-1366718119.8170123,198,-216538749.17607817,61,8.754977167933248
2800,2000,STRIP,1,630.328125,-22302064.95951321,-28262399.654900484,60,-24126157.89463454,24,15.08843572693877
2800,3300,STRIP,2,412.28125,-4046678.9533925625,-4550762.523218073,65,-3645763.203297129,28,13.658007796970196
2800,3400,STRIP,3,910.140625,-8426845.477823496,-11016965.510706868,87,-7745010.578034793,39,15.796486843028106
2800,5700,STRIP,3,893.921875,-136098.83825293498,-188590.77347219756,100,-143089.3001839886,39,14.483015037956648
2800,5800,STRIP,1,256.421875,-41691.30070587357,-46978.116832343134,47,-36609.912775042525,24,13.344201769097708
2900,1800,STRIP,1,4918.53125,-195786829.773692,-1366718119.8169408,198,-216538749.17605364,61,11.601254911976866
2900,3000,STRIP,2,741.125,-8119335.689910358,-9978675.042707575,67,-8022880.80385975,25,13.422726371907627
2900,7600,STRIP,4,897.125,-16170.653018904972,-26373.749670847043,87,-16010.941449965434,31,10.168638119939716
3000,1700,STRIP,1,4918.53125,-195786829.773692,-1366718119.8169408,198,-216538749.17605364,61,9.326154657988807
3000,1800,STRIP,1,4918.53125,-195786829.48336995,-1366718119.8170123,198,-216538749.17607817,61,8.926809533964843
3000,2000,STRIP,1,44.421875,-653205.8735732522,-661879.1628817505,36,-460841.0759459759,20,13.557685224921444
3000,2600,STRIP,1,68.78125,-1174459.3200295677,-1193508.426975666,36,-1098673.3438647147,20,12.361592350061985
3000,3000,STRIP,1,711.515625,-7535646.294247625,-9278904.00753642,67,-7417260.121300789,25,12.99002833897248
3000,3400,STRIP,3,265.75,-666888.2429672864,-725642.9806311373,47,-886796.4641440266,24,12.7221038909629
3000,5800,STRIP,1,143.546875,-11870.530828576271,-12469.029167562834,42,-12359.04449163106,24,10.466421031975187
3000,7600,STRIP,1,403.359375,-2952.572935096949,-4867.1243827265225,59,-3566.2292925449005,25,11.208766353083774
3000,7700,STRIP,5,407.015625,-3023.6370196727894,-3694.412560779299,72,-4239.516785646917,30,11.652445354033262
3100,1800,STRIP,1,4918.53125,-195786829.48336995,-1366718119.8170123,198,-216538749.17607817,61,9.164645417942666
3100,2800,STRIP,2,68.125,-1534744.8808577056,-1602934.1283104585,41,-1807930.824687916,25,14.966276286984794
3100,3400,STRIP,4,748.671875,-2033487.6351517637,-2499788.177529454,91,-2501905.075234978,35,14.927381335990503
3100,3500,STRIP,3,291.5625,-1342461.3626053908,-1499970.2915044753,64,-1287976.0798641988,29,15.08500666602049
3100,5600,STRIP,1,264.296875,-18351.440735413333,-21362.80088547455,42,-18441.70048998737,25,11.932652970892375
3200,2900,STRIP,2,2817.984375,-51860370.75702415,-95533275.11327964,127,-57533024.53141285,46,14.623425893951207
3200,3000,STRIP,1,2386.09375,-44381323.06917174,-75770944.22045255,112,-46709181.183401205,41,13.965318028000183
3200,3400,STRIP,2,1926.296875,-19356603.27004799,-1824474127.4913409,100,-9024471.694228936,40,11.050721995998174
3200,3500,STRIP,1,1895.75,-19271700.145796925,-1790333510.7645657,100,-8939240.247404357,36,10.826179389026947
3200,5700,STRIP,2,345.28125,-16857.052248949676,-21769.61851768593,55,-16394.714607075846,25,9.938544564996846
3200,5800,STRIP,2,206.046875,-13751.527748121727,-15525.661786202156,48,-12265.99866757374,24,10.367329447995871
3300,2800,STRIP,1,165.1875,-3995974.966420063,-4316141.993685636,46,-4266005.295001732,24,13.09300363692455
3300,2900,STRIP,1,2386.09375,-44381323.10983892,-75770944.22045507,112,-46709181.18339905,41,15.097736901021564
3300,3400,STRIP,2,1965.03125,-23513080.520226523,-2113120701.9433692,115,-15113116.1860781,36,13.477318547083996
3300,10700,STRIP,1,870.9375,-3399.16806848477,-5509.30178435262,69,-3107.800718931626,25,7.242440196918324
3400,3500,STRIP,1,1717.578125,-23569092.611896355,-639105708.7388309,93,-19300375.28285175,35,12.606688956962898
3400,6500,STRIP,1,80.15625,-976.6371247430784,-1014.6193899464944,41,-1358.5636248361943,20,11.202357491943983
3400,6600,STRIP,4,207.671875,-3060.161960895152,-3236.7833877449048,71,-2691.342806194305,28,12.052777476958
3400,7500,STRIP,1,114.203125,-114.68634487285212,-121.5211737326329,41,-138.75809184068785,25,9.647064088028856
3400,9000,STRIP,1,19.484375,-65.63755676821752,-66.09240083675846,36,-46.29403702156193,16,9.949194432003424
3400,9500,STRIP,1,3391.671875,-601764.4379538973,-23905411.827725776,125,-422359.79797315446,45,10.00752870400902
3400,9700,STRIP,1,3391.671875,-601764.4379538973,-23905411.827725776,125,-422359.79797315446,45,9.057865421986207
3400,10000,STRIP,1,396.84375,-3456.985657926317,-4328.796985571625,55,-2811.5144358120583,25,10.655126999947242
3500,3000,STRIP,1,24.171875,-251860.2367424545,-253666.73082371996,36,-241322.08366084244,19,13.212605766952038
3500,4500,STRIP,2,245.296875,-174108.18884360362,-194452.9628796155,47,-177520.3057259219,24,10.908627383061685
3500,5000,STRIP,1,102.15625,-12808.032333435136,-13430.008482284906,41,-12551.077409492673,20,10.222203516983429
3500,6600,STRIP,1,13.640625,-144.37006231906767,-146.08012305871551,30,-113.85932636118716,16,9.271014751982875
3500,9500,STRIP,1,3391.671875,-601764.4379538973,-23905411.827725776,125,-422359.79797315446,45,9.177193493000232
3500,9600,STRIP,1,66.78125,-11595.152556206873,-15182.019847875765,36,-1180.871986083724,16,8.116054984973744
3500,9800,STRIP,2,214.875,-2540.0948032420347,-2729.440915212868,58,-2261.8180362791254,24,10.653832689975388
3500,10000,STRIP,2,449.546875,-3806.555876652733,-4841.860306934064,61,-3148.4204216090207,25,9.607101232977584
3800,5000,STRIP,1,551.859375,20688.54064207967,25827.012777540596,66,-31292.62665274373,32,13.413290496100672
3800,5200,STRIP,1,328.796875,-28453.44757816773,-45075.34882310606,54,-118259.5565108678,29,12.793257671990432
3800,10400,STRIP,1,165.640625,-82.84819309323811,-91.22150454546863,42,-73.92693414532664,20,7.550237686024047
3800,10700,STRIP,1,125.46875,-4395.1519410174205,-7138.232264927838,46,-2413.5227164106464,20,10.98391469696071
3800,10800,STRIP,1,397.640625,-9728.110728060428,-21761.028821743712,59,-4548.688179430654,20,11.407188832061363
3900,4900,STRIP,1,1083.109375,-277957.85969798954,-674293.602768946,85,-204185.41906668668,33,14.013881408958696
3900,5000,STRIP,2,1697.1875,-386764.22398890665,-1161945.1834479913,97,-342739.4233803273,34,12.57831727003213
3900,5200,STRIP,2,3750.953125,-977334.182341317,-14321577.176937385,168,-1514807.7618809002,51,12.163920304970816
3900,5300,STRIP,1,2340.71875,-754972.3942806548,-9840912.199612722,121,-1020958.7143262636,44,10.827779337996615
3900,10800,STRIP,1,604.59375,-15439.5357788543,-40397.6938615609,77,-9944.781634441126,29,9.852901010075584
4000,5300,STRIP,2,2537.0,-865658.2341323142,-10165053.188216737,123,-1237819.67384269,44,10.19683789589908
4000,10000,STRIP,5,262.03125,-756.15102561034,-1040.0696962293855,55,-395.0034513069813,20,8.729397267103195
4100,5300,STRIP,1,220.875,-25574.86146063408,-27273.513462066672,48,-30982.126774464567,24,11.117449537967332
4100,5400,STRIP,3,138.046875,-25808.045448931884,-27173.481189060723,47,-33441.77893219045,25,11.30974515993148
4200,5400,STRIP,2,234.0,-78034.59355140789,-87640.71562856031,54,-73410.51329580709,24,12.346488504088484
4200,10800,STRIP,2,194.390625,-875.807022519252,-947.5930280004106,47,-759.6073555019173,24,11.84148924308829
4300,5300,STRIP,1,178.15625,-63543.06599210793,-71483.03110068539,48,-57454.56220346786,24,14.4606765989447
4500,9200,STRIP,1,13.296875,-74.93183050431266,-75.56628120746305,36,-69.20965182458328,16,10.593494087923318
4500,9300,STRIP,1,709.53125,-4430.577672791275,-7496.315258614526,73,-3300.100520178338,30,10.676168018952012
4600,9300,STRIP,1,197.015625,-2504.948857204,-3171.5882500918515,53,-1561.94028976014,24,10.75446461304091
4600,9400,STRIP,2,301.90625,-953.394232484371,-1140.1129155504943,59,-856.0602727106233,24,9.447582777007485
4600,10500,STRIP,1,275.078125,-846.4179246066432,-1013.0025447547494,57,-804.0655788637931,24,8.912260745069943
4700,9400,STRIP,1,183.8125,-864.289903568385,-978.2671374883892,47,-534.2588038379366,20,8.414829808054492
4700,10000,STRIP,1,119.390625,-165.667041788024,-178.8053646034906,36,-173.52436192869965,16,8.613384068012238
4700,10100,STRIP,4,602.265625,-2857.956450217825,-3969.986512166984,90,-2639.3454041547234,38,8.882224528933875
4800,10000,STRIP,1,194.34375,-252.57539733548464,-300.86501439560044,46,-243.34747362136528,20,7.966192694962956
5000,10200,STRIP,1,113.671875,-550.729692197831,-573.0877384170219,41,-461.7633259816164,20,8.729404078912921
5200,10000,STRIP,1,325.1875,-4062.775400570477,-5599.245163277328,68,-2795.3596253367086,29,9.350120157003404
5200,10100,STRIP,1,325.1875,-4062.775400570477,-5599.245163277328,68,-2795.3596253367086,29,9.810544086969458
5500,10100,STRIP,1,315.359375,-694.8849237806977,-838.5033549199525,58,-679.8102777494801,25,6.779271694016643
