window,L_m,scheme,c0,tol,iters,seconds,converged,rel_err_vs_direct
A dense,50,cg,1.0,1e-06,41,0.014186209999024868,True,2.401069708101978e-09
A dense,50,cg,1.0,1e-08,53,0.01799656602088362,True,1.8135615922056436e-11
A dense,50,ms,0.55,1e-06,245,0.07591642602346838,True,6.022958019671717e-07
A dense,50,ms,0.55,1e-08,340,0.10497677500825375,True,5.935278900571899e-09
A dense,50,al,0.15,1e-06,119,0.06825715000741184,True,1.8335067485638053e-07
A dense,50,al,0.15,1e-08,164,0.09295135596767068,True,2.395465722617637e-09
A dense,50,em,0.15,1e-06,108,0.0704215100267902,True,1.2857830852262609e-08
A dense,50,em,0.15,1e-08,155,0.09969255700707436,True,1.3680116493243131e-10
A dense,100,cg,1.0,1e-06,54,0.07738090900238603,True,4.864671514320197e-09
A dense,100,cg,1.0,1e-08,72,0.09796268295031041,True,4.3635083276226835e-11
A dense,100,ms,0.55,1e-06,437,0.525363716064021,True,3.99096307277014e-08
A dense,100,ms,0.55,1e-08,666,0.7975127759855241,True,3.862301763369227e-10
A dense,100,al,0.15,1e-06,116,0.28296072501689196,True,5.096281760514217e-08
A dense,100,al,0.15,1e-08,178,0.41522864799480885,True,2.5973109775561553e-10
A dense,100,em,0.15,1e-06,117,0.2874028979567811,True,3.574400292346822e-09
A dense,100,em,0.15,1e-08,166,0.390411488013342,True,3.3843516994750406e-11
A dense,200,cg,1.0,1e-06,89,0.5779530070722103,True,3.455365238080393e-09
A dense,200,cg,1.0,1e-08,118,0.7570351329632103,True,4.465840064904098e-11
A dense,200,ms,0.55,1e-06,900,5.131398145924322,True,2.7088253728608912e-08
A dense,200,ms,0.55,1e-08,1454,8.87646559800487,True,2.4173540050527414e-10
A dense,200,al,0.15,1e-06,244,2.912990134092979,True,2.4363065479376432e-08
A dense,200,al,0.15,1e-08,396,4.788329978007823,True,2.228177676440882e-10
A dense,200,em,0.15,1e-06,165,1.9584213910857216,True,2.5170865263066676e-09
A dense,200,em,0.15,1e-08,260,3.2157175140455365,True,7.686573324417048e-12
C median-NW,50,cg,1.0,1e-06,34,0.01253482699394226,True,3.7022162622529215e-09
C median-NW,50,cg,1.0,1e-08,45,0.01621546794194728,True,1.8571224025878115e-11
C median-NW,50,ms,0.55,1e-06,151,0.04816775699146092,True,1.907258536317666e-08
C median-NW,50,ms,0.55,1e-08,216,0.06667777092661709,True,1.7946870814160257e-10
C median-NW,50,al,0.15,1e-06,77,0.043151390040293336,True,5.997372408571726e-08
C median-NW,50,al,0.15,1e-08,108,0.06279991299379617,True,1.5605332101522032e-10
C median-NW,50,em,0.15,1e-06,89,0.052678306004963815,True,2.428835081207098e-09
C median-NW,50,em,0.15,1e-08,118,0.06866091792471707,True,1.6064957229393798e-11
C median-NW,100,cg,1.0,1e-06,47,0.06562256393954158,True,3.817105688053402e-09
C median-NW,100,cg,1.0,1e-08,60,0.0847477971110493,True,1.1122217159936911e-11
C median-NW,100,ms,0.55,1e-06,398,0.49961799394804984,True,2.6544540784563727e-08
C median-NW,100,ms,0.55,1e-08,602,0.7780109680024907,True,2.612771766030419e-10
C median-NW,100,al,0.15,1e-06,100,0.254688169923611,True,1.1677212148764723e-08
C median-NW,100,al,0.15,1e-08,154,0.40547627094201744,True,1.1471408506081678e-10
C median-NW,100,em,0.15,1e-06,155,0.38128687907010317,True,4.297762491195402e-09
C median-NW,100,em,0.15,1e-08,226,0.5472892760299146,True,4.207789775733319e-11
C median-NW,200,cg,1.0,1e-06,68,0.4569496400654316,True,1.334150852855514e-09
C median-NW,200,cg,1.0,1e-08,88,0.5891546710627154,True,1.3088919466880604e-11
C median-NW,200,ms,0.55,1e-06,696,3.8726851909887046,True,3.327035127210737e-08
C median-NW,200,ms,0.55,1e-08,1058,5.870694920071401,True,3.1710996114767555e-10
C median-NW,200,al,0.15,1e-06,174,2.0925953729311004,True,2.0810029178739333e-08
C median-NW,200,al,0.15,1e-08,265,3.06047027092427,True,1.9208629561465728e-10
C median-NW,200,em,0.15,1e-06,141,1.6880005680723116,True,2.48849222969932e-09
C median-NW,200,em,0.15,1e-08,210,2.4845257269917056,True,2.359443348926836e-11
D sparse,50,cg,1.0,1e-06,4,0.0017314449651166797,True,1.9283290276028683e-20
D sparse,50,cg,1.0,1e-08,6,0.0022652590414509177,True,1.3947306690085986e-20
D sparse,50,ms,0.55,1e-06,57,0.016130976960994303,True,7.321934295156884e-12
D sparse,50,ms,0.55,1e-08,76,0.020571895060129464,True,7.751839308983157e-14
D sparse,50,al,0.15,1e-06,64,0.03647192090284079,True,1.3731050641426586e-10
D sparse,50,al,0.15,1e-08,95,0.05227453995030373,True,1.4413090336960372e-12
D sparse,50,em,0.15,1e-06,50,0.02926298906095326,True,8.133878380944504e-12
D sparse,50,em,0.15,1e-08,65,0.037378152017481625,True,7.574146717373227e-14
D sparse,100,cg,1.0,1e-06,49,0.07001125102397054,True,1.166209663389805e-09
D sparse,100,cg,1.0,1e-08,63,0.08439434005413204,True,2.687072343742512e-11
D sparse,100,ms,0.55,1e-06,574,0.7257721240166575,True,8.762437930418464e-09
D sparse,100,ms,0.55,1e-08,862,1.0919563099741936,True,8.689233850944476e-11
D sparse,100,al,0.15,1e-06,152,0.37378442694898695,True,2.0116685356459162e-07
D sparse,100,al,0.15,1e-08,230,0.5738264620304108,True,2.6328446852506056e-10
D sparse,100,em,0.15,1e-06,91,0.22760774800553918,True,4.4114961478361896e-08
D sparse,100,em,0.15,1e-08,121,0.28928491403348744,True,3.9023554035303055e-11
D sparse,200,cg,1.0,1e-06,62,0.4950660520698875,True,1.599332626679091e-09
D sparse,200,cg,1.0,1e-08,78,0.6133978089783341,True,1.2763601924014093e-11
D sparse,200,ms,0.55,1e-06,552,3.1627072660485283,True,3.0971445059020316e-08
D sparse,200,ms,0.55,1e-08,814,4.655604226980358,True,3.097594793105484e-10
D sparse,200,al,0.15,1e-06,130,1.8108350750990212,True,4.9059658282043265e-08
D sparse,200,al,0.15,1e-08,204,2.76731861801818,True,7.504364504845703e-11
D sparse,200,em,0.15,1e-06,97,1.3157122030388564,True,3.4360507034945736e-09
D sparse,200,em,0.15,1e-08,141,1.7548062560381368,True,1.6123193248469175e-11
