r0,c0,rule,n_bldg,cleared_m2,dJ_fine,dJ_twoscale,dJ_linear,proxy,windows,seconds
100,200,R20,9,135.09375,-247972.5610923767,-308925.6582286358,-318427.3483850544,-7924.987922072411,77,26.205178797012195
100,200,STRIP,13,248.5,-552872.6894812584,-651927.470590353,-697132.1908878671,-14577.724718093872,76,25.027957601007074
100,300,R20,6,122.09375,-394227.00767087936,-467318.26816153526,-492650.3443539513,-9525.05999660492,66,25.5264269009931
100,300,STRIP,6,115.28125,-385791.4170165062,-405564.5012471676,-424239.58374472865,-8993.587491035461,67,25.225228957016952
200,200,R20,7,115.921875,-522076.5096607208,-505980.9617829323,-528397.4779675402,-13483.51773583889,78,26.804126144968905
200,200,STRIP,6,128.671875,-596933.6889986992,-610422.9793713093,-635628.3984207334,-14966.54111802578,70,25.9397963329684
200,300,R20,7,146.4375,-559934.9906244278,-604405.6973638535,-627256.0320612226,-20978.163974761963,80,26.059727226034738
200,300,STRIP,8,167.5,-623301.7269029617,-676710.481982708,-714566.7267843485,-23995.509796142578,66,26.168348585022613
200,400,R20,4,81.15625,-498349.0227818489,-505809.4468135834,-522608.5936791997,-12683.180381774902,56,24.262293551000766
200,400,STRIP,1,12.5,-101494.19004416466,-104233.89300227165,-104966.14236656741,-1953.5125732421875,30,23.25416771590244
200,500,R20,8,131.03125,-1457362.6276688576,-1479030.5410180092,-1524700.8690034144,-15003.416019916534,81,25.899503811029717
200,500,STRIP,9,154.8125,-2031690.9281978607,-1880005.7788558006,-1945004.21524009,-17726.430470466614,73,24.981476051034406
300,100,R20,8,103.40625,-326491.5459189415,-543811.4723567963,-565462.4182596704,-7535.4606556892395,91,25.900651775998995
300,100,STRIP,5,54.859375,-527472.3814148903,-553082.0862607956,-571268.9242622501,-3997.7338111400604,45,24.480248489999212
300,200,R20,7,147.046875,-1136457.92699337,-1074036.0555622578,-1156738.7820894667,-23483.782633781433,78,26.303572603035718
300,200,STRIP,11,191.34375,-1354851.5094573498,-1191946.734458685,-1278810.5041276189,-30558.113073349,69,25.669349267031066
300,300,R20,6,145.390625,-498108.8062272072,-560849.7752387524,-586347.5923390228,-29946.954669952393,69,24.58316948299762
300,300,STRIP,8,154.484375,-597044.6218457222,-717378.3211684227,-750001.3835342668,-31820.04737472534,68,24.554349247016944
300,400,R20,4,60.4375,-330846.386469841,-382691.14842915535,-390878.86099916353,-14790.196830749512,66,25.12132252100855
300,400,STRIP,4,64.96875,-455555.2451224327,-459373.40072488785,-470129.5026210573,-15899.079219818115,54,25.104282621992752
300,500,R20,7,130.8125,-1095337.1967453957,-1338821.8322160244,-1390264.8954805324,-28236.100483894348,69,25.49393257999327
300,500,STRIP,3,69.328125,-518271.84288573265,-616545.4053106308,-630981.9138218251,-14964.593627214432,48,23.92880829796195
300,600,R20,8,137.859375,-3140062.548456669,-3279550.813812256,-3477058.091713233,-24520.1460313797,71,25.47586536698509
300,600,STRIP,6,133.046875,-2578009.983690262,-2681208.8741526604,-2810716.327148139,-23664.178109169006,53,25.429642030969262
300,700,R20,9,142.09375,-3122373.465145111,-2961566.485704899,-3061176.487848915,-17749.537922859192,90,27.162347091012634
300,700,STRIP,8,144.015625,-3986834.6654069424,-4016748.100352049,-4202397.6743716085,-17989.607547283173,69,25.053286676993594
400,100,R20,6,115.203125,-1534432.4367461205,-1553405.646595955,-1634824.896130248,-10888.9515260458,63,25.320955347036943
400,100,STRIP,3,95.53125,-1126628.9661228657,-1151896.4302322865,-1209035.1740534753,-9029.574071645737,41,24.19462988199666
400,200,R20,8,99.796875,-490823.00830316544,-562993.5214736462,-582943.059391624,-20002.114851236343,60,25.770738899009302
400,200,STRIP,4,79.765625,-586997.0452430248,-606787.8256311417,-620937.0823176642,-15987.28609919548,57,25.12521441001445
400,300,R20,10,119.671875,-767273.7901079655,-758304.1182601452,-793924.3049646767,-31298.019056797028,85,27.402309210039675
400,300,STRIP,10,179.875,-1112267.0783827305,-1061485.0008995533,-1133762.7196398443,-47043.0598487854,82,26.475271990988404
400,400,R20,9,151.875,-823804.5100035667,-968711.6180865765,-1008668.7888121335,-42481.03374481201,84,25.314279005047865
400,400,STRIP,7,111.0625,-844534.467192173,-837076.5069584846,-872235.597464064,-31065.348545074463,60,24.439072932931595
400,500,R20,6,105.296875,-993428.0810108185,-986037.3582077026,-1033474.6232038563,-33391.98549127579,75,25.777350671007298
400,500,STRIP,3,68.625,-488058.5559859276,-588482.1344718933,-602711.5861332403,-21762.516735076904,50,24.40649671200663
400,600,R20,8,137.546875,-1504711.2599101067,-1637386.3755784035,-1710101.8418541763,-40847.25366067886,89,26.382730011013336
400,600,STRIP,6,91.703125,-1059053.226820469,-1202058.3286948204,-1242246.6873813537,-27233.049157619476,55,24.440503559075296
400,700,R20,10,147.03125,-2242766.3581573963,-2682931.383220434,-2801983.342626876,-38084.75517272949,68,25.491419714991935
400,700,STRIP,7,109.3125,-2235268.3096399307,-2513235.618335247,-2609750.9326828504,-28314.659637451172,57,24.403773720026948
400,800,R20,10,180.796875,-2974610.470241308,-3198940.3390762806,-3306688.8718153047,-33755.570528268814,90,25.880730626988225
400,800,STRIP,12,205.8125,-6574298.7464540005,-5868666.807097435,-6151644.388072835,-38426.097571372986,77,24.76283416408114
500,100,R20,6,123.875,-1902583.6945574284,-1846218.7524614334,-1946047.4728743243,-13936.338218688965,72,24.47844865603838
500,100,STRIP,6,101.875,-1693671.354895115,-1606788.884675026,-1674999.5487117083,-11461.267051696777,58,24.313766569946893
500,200,R20,9,134.390625,-1181495.6697983742,-1277371.8989870548,-1316322.1411823179,-30249.841744422913,94,25.8872538509313
500,200,STRIP,9,170.234375,-1698512.0492238998,-1717624.2944040298,-1788986.9245275375,-38317.87301540375,64,24.097426916938275
500,300,R20,8,172.0,-1028856.1042864323,-1154205.889588356,-1211212.616512371,-52111.96875,85,26.123380623059347
500,300,STRIP,10,227.09375,-1230185.199458599,-1331097.5089068413,-1391986.3748254953,-68804.08374023438,77,25.76299211406149
500,400,R20,7,95.671875,-508443.2482261658,-560303.8859250546,-582920.9704149975,-34765.10334062576,66,24.954096708097495
500,400,STRIP,13,197.421875,-1338667.6741509438,-1590964.2193984985,-1670906.0035752435,-71738.8666844368,88,26.075756700942293
500,500,R20,6,153.859375,-909674.3550534248,-1055998.3212070465,-1112541.815561324,-56197.160195827484,74,25.024537191959098
500,500,STRIP,6,138.859375,-1402295.3208532333,-1380488.726299286,-1471793.030029818,-50718.407907009125,65,24.365137085085735
500,600,R20,7,97.59375,-1247884.8748719692,-1203541.0839719772,-1250798.3477377205,-39843.97379207611,82,25.432390764006414
500,600,STRIP,5,119.453125,-1056153.5517897606,-1218646.2768082619,-1271347.756381479,-48768.360493183136,65,24.755503772990778
500,700,R20,8,154.71875,-1763900.7067375183,-2039115.2590942383,-2138060.660005802,-56165.61175060272,87,25.599115769960918
500,700,STRIP,10,153.140625,-1931787.8676509857,-1920328.4196076393,-2017991.3814123226,-55592.724779605865,65,24.32348220795393
500,800,R20,7,161.453125,-2504617.58373785,-2954403.859968424,-3118812.454421776,-51039.433193683624,67,25.736592837958597
500,800,STRIP,10,223.640625,-4949996.139878273,-5505583.172185421,-5868151.282693657,-70698.48130273819,68,25.327557604992762
500,900,R20,5,76.125,-2055317.0829577446,-1959550.856632471,-2006122.4236192072,-21034.762985229492,61,24.757052873959765
500,900,STRIP,6,111.609375,-2528691.1447942257,-2452622.3217782974,-2537271.928576136,-30839.760263442993,52,24.10879417997785
500,1000,R20,2,328.359375,-16113641.97803688,-17721984.204205513,-20166049.086259823,-72158.73129487038,73,23.530015463009477
500,1000,STRIP,0,0.0,-5.7220458984375e-06,-1.6689300537109375e-05,-0.0,-0.0,0,22.007969169993885
600,100,R20,7,141.0,-1892848.2690076828,-2146280.3294711113,-2234929.7646719767,-18090.670486450195,86,26.05800384597387
600,100,STRIP,13,183.6875,-2672547.2190675735,-2776696.6867308617,-2908855.9736727076,-23567.5889005661,73,25.328748109051958
600,200,R20,6,122.3125,-916032.4369618893,-991788.7499964237,-1024308.0026265528,-30183.089741706848,81,25.53050653799437
600,200,STRIP,6,105.5625,-1082144.5539691448,-1100537.2399976254,-1139290.084546471,-26049.687569618225,58,25.04158009495586
600,300,R20,9,166.078125,-1080835.0544228554,-1145957.3141872883,-1219624.2655553955,-55576.37097787857,79,26.05850903398823
600,300,STRIP,10,120.421875,-1076222.1881599426,-1159118.7242453098,-1234157.3786065888,-40297.966989040375,58,24.905525288078934
600,400,R20,5,74.15625,-373699.13814878464,-428792.7301738262,-439097.1416708274,-32163.567083358765,77,25.834252566099167
600,400,STRIP,6,84.96875,-403622.16328144073,-401225.6699280739,-415954.6081072776,-36853.2401599884,52,24.22871827299241
600,500,R20,11,148.625,-788454.8836250305,-1031286.5602405071,-1103550.405947591,-62821.51240539551,80,25.820824846974574
600,500,STRIP,13,214.53125,-1255361.0077149868,-1470097.1866326332,-1595697.9108741386,-90679.07541275024,80,25.442601316957735
600,600,R20,6,153.359375,-667785.5321130753,-745324.8293046951,-788621.399407536,-67478.19988250732,72,24.642726015066728
600,600,STRIP,5,116.671875,-785436.7101056576,-832822.6693458557,-869374.8536310234,-51335.681968688965,66,24.695524534909055
600,700,R20,7,90.0,-546334.7955889702,-658050.277469635,-675951.644202038,-43305.746154785156,68,24.97771072294563
600,700,STRIP,7,125.59375,-770839.932977438,-953998.670648098,-986989.0098645712,-60432.56729030609,67,25.00454555102624
600,800,R20,7,122.125,-962516.2777175903,-1050407.7468857765,-1083266.5961471682,-55254.27256774902,77,24.914847151958384
600,800,STRIP,5,94.109375,-1087086.6419463158,-1204055.5878038406,-1240347.6802377258,-42578.874574661255,59,24.363380130031146
600,900,R20,3,51.03125,-376853.4129605293,-434368.9166288376,-447069.1656968353,-20884.926842689514,45,24.374927395954728
600,900,STRIP,1,22.78125,-430380.60055565834,-590984.1790876389,-617494.9675219619,-9323.399674415588,30,23.76784178998787
600,1000,R20,1,151.078125,-3833103.6072001457,-5080488.3966526985,-5872453.846840002,-56929.154126644135,42,24.00749479793012
600,1000,STRIP,0,0.0,-2.574920654296875e-05,-1.52587890625e-05,-0.0,-0.0,0,22.10531081201043
600,1100,R20,3,841.078125,-16320524.578780174,-22689680.689021587,-35711975.85151693,-258135.34175920486,86,25.193814310012385
600,1100,STRIP,2,1756.09375,-125695554.69812536,-130465046.16505504,-374136212.09345096,-538962.8464269638,118,26.112098071025684
600,1200,R20,1,704.125,-29595978.52486372,-34191463.489547014,-98278297.16501924,-140567.08800315857,78,26.57673194189556
600,1200,STRIP,3,1839.1875,-48893767.90531778,-60187464.322004795,-192561185.79098856,-367163.8291025162,127,27.01719011401292
600,1300,R20,15,223.796875,-7521633.809113979,-8246311.708005905,-9095064.514897048,-37104.81568002701,79,26.16510034305975
600,1300,STRIP,15,240.703125,-9897689.199692726,-11289115.891209126,-12892761.898958698,-39907.81858205795,68,26.00112545292359
700,100,R20,6,211.375,-3879352.1082544327,-4249827.308233023,-4726156.698042606,-27849.894775390625,66,24.939394545042887
700,100,STRIP,8,174.140625,-3874182.4139938354,-4019970.7303705215,-4430857.030163022,-22944.04769897461,62,24.73832766409032
700,200,R20,7,104.828125,-1156474.8550696373,-1277781.5583171844,-1336576.2918340676,-28013.44173336029,80,26.18867160892114
700,200,STRIP,8,115.859375,-1246096.7830023766,-1290956.7688074112,-1348874.8286585626,-30961.346020698547,55,25.00026414496824
700,300,R20,7,101.921875,-714827.0022480488,-834290.8428320885,-870531.0781185103,-37631.513941287994,61,26.034474377986044
700,300,STRIP,7,165.21875,-1222625.126061201,-1353604.4025597572,-1419949.7364031808,-61001.93598270416,63,25.39820630091708
700,400,R20,8,167.875,-1134642.0641639233,-1243218.2365994453,-1330422.3654206335,-66368.5164642334,90,26.078514070017263
700,400,STRIP,5,119.328125,-897058.4736201763,-926568.4351584911,-975495.3770926037,-47175.75951576233,62,24.5116135639837
700,500,R20,11,166.21875,-725621.7901091576,-884619.2945084572,-927256.0526320777,-73900.38044071198,71,24.392222352093086
700,500,STRIP,9,196.203125,-1194058.8536686897,-1253551.2178518772,-1363441.9212019457,-87231.34773397446,67,23.370138223050162
700,600,R20,7,134.65625,-339899.3997631073,-423011.596306324,-440658.36727136665,-68997.99728775024,73,23.343601666972972
700,600,STRIP,9,155.4375,-439799.8751063347,-498986.131026268,-520308.7418735134,-79646.33058929443,76,23.18188024801202
700,700,R20,6,99.984375,-444731.2733159065,-484962.66245388985,-499756.21116682026,-53282.56075000763,62,22.57806830399204
700,700,STRIP,6,134.796875,-639100.5102272034,-781846.4710907936,-833960.8234342693,-71834.45094394684,66,22.86643637099769
700,800,R20,6,149.6875,-1264047.5223789215,-1286539.9516806602,-1354315.754684333,-72675.98099708557,68,21.878254122915678
700,800,STRIP,5,105.109375,-710499.4074149132,-749286.4012584686,-774079.6929889576,-51032.49730348587,50,21.15985586703755
700,900,R20,3,54.53125,-798709.8066778183,-942077.449280262,-966883.5947665458,-29367.514457702637,51,20.109779220074415
700,900,STRIP,1,10.796875,-177972.25620150566,-171638.9320178032,-172634.17199051313,-5814.59956741333,30,18.87498783902265
700,1000,R20,6,143.1875,-2362203.686118126,-2916855.3148572445,-3092331.089508002,-67647.77377319336,65,19.98182214994449
700,1000,STRIP,4,55.484375,-1655017.3564884663,-1671345.2231709957,-1734547.8649771952,-26213.143241882324,30,19.102992485044524
700,1100,R20,4,132.390625,-330616.4302573204,-2439700.035928726,-3648452.8960040566,-69872.934009552,73,20.356952099013142
700,1100,STRIP,4,96.109375,-724105.2660520077,-886388.4561424255,-954750.5329396564,-50724.46796798706,44,19.960027314024046
700,1200,R20,5,218.34375,-2915341.728370905,-2855945.4876031876,-3262148.1554281814,-82550.18268013,67,20.208938964060508
700,1200,STRIP,10,293.203125,-5882946.883524418,-6080698.185530663,-6711259.160432036,-110852.59610652924,78,20.670046659070067
700,1300,R20,8,164.484375,-6374440.1866014,-7847384.15889883,-8306989.922467966,-52233.060383319855,81,20.723113471991383
700,1300,STRIP,10,169.203125,-7226212.170118809,-8114021.042557716,-8726884.914832683,-53731.52948522568,68,20.8028308050707
800,100,R20,4,188.515625,-2324677.7996988297,-2354432.0349006653,-2463901.288038355,-27705.065817832947,47,19.550266890903004
800,100,STRIP,4,273.140625,-3078169.477636099,-3383335.402910471,-3574665.8913624426,-40141.91923427582,57,19.354578052996658
800,200,R20,5,130.28125,-1371256.6797988415,-1368753.0302202702,-1438686.6427123721,-33295.16496372223,62,20.201768178027123
800,200,STRIP,5,115.890625,-1222792.9591991901,-1374633.145579815,-1435022.751748838,-29617.442856311798,60,20.141978478059173
800,300,R20,7,121.546875,-1127997.7152514458,-1247772.2681057453,-1305991.286218556,-40627.473249435425,80,20.33041037595831
800,300,STRIP,10,177.515625,-1559722.3032450676,-1767449.17030859,-1884775.818158372,-59335.226068496704,70,20.353976619895548
800,400,R20,7,100.09375,-1012487.6136248112,-1014537.4113388062,-1063211.7906422026,-43998.93131065369,74,21.419189180014655
800,400,STRIP,6,132.5,-1143261.6071999073,-1297895.8235030174,-1366754.2886027633,-58243.98025512695,63,21.578137990902178
800,500,R20,8,120.6875,-664167.3013989925,-763243.8940763474,-796676.5758070854,-59253.96780395508,78,22.147644720971584
800,500,STRIP,5,102.484375,-688007.888456583,-712803.4117372036,-744096.8853559615,-50316.77561187744,65,21.653191337012686
800,600,R20,4,113.046875,-474230.43407034874,-530743.1066148281,-560057.0696895442,-61545.90923309326,89,22.886161611997522
800,600,STRIP,6,76.21875,-334711.4941871166,-355389.96034288406,-368188.72305054433,-41495.638595581055,56,22.145056405919604
800,700,R20,6,126.421875,-245623.96182274818,-445768.16501426697,-465938.2352737582,-70863.91317272186,76,22.473835637094453
800,700,STRIP,10,161.0625,-504057.60819244385,-597802.9345211983,-637500.0153315715,-90281.20343399048,74,22.73457288800273
800,800,R20,6,147.90625,-639899.3907365799,-690442.2840843201,-714514.1166635267,-83490.06294631958,74,22.025949956965633
800,800,STRIP,9,190.640625,-1117972.5104825497,-1197507.054804802,-1285721.8623169614,-107612.74646186829,68,21.75386355095543
800,900,R20,11,146.828125,-1581789.6081233025,-1635337.4434096813,-1703986.939089166,-80765.0487833023,81,22.18732582894154
800,900,STRIP,5,76.40625,-1269655.7712841034,-1365095.5695195198,-1414298.2091627645,-42028.422746658325,55,21.597541178925894
800,1000,R20,7,108.109375,-1146210.8744986057,-1406487.02784729,-1460666.3596450593,-63867.77758026123,77,22.253901691059582
800,1000,STRIP,9,127.171875,-1634572.6045355797,-1867420.0047912598,-1990694.8065295992,-75129.33107757568,63,20.937252301955596
800,1100,R20,10,178.34375,-1072952.4322252274,-1300416.028743744,-1373003.5007372082,-93552.28008079529,80,21.473711259895936
800,1100,STRIP,6,108.359375,-754830.0804362297,-848778.7092573643,-885196.3229464439,-56841.165442466736,70,21.23200924601406
800,1200,R20,10,126.109375,-1297367.0253987312,-1553727.73244524,-1624479.7662111963,-70536.88972473145,80,22.034804828930646
800,1200,STRIP,11,217.234375,-2845112.7175331116,-3154166.8692543507,-3363754.09288357,-121505.93208312988,77,22.36945826106239
800,1300,R20,9,172.71875,-4937923.205102444,-7467716.595931768,-8444781.758794121,-65784.20119667053,92,23.288728975923732
800,1300,STRIP,13,277.03125,-9942677.458426714,-13796916.686109066,-16341279.34778362,-105514.19280052185,75,22.525694086099975
900,100,R20,5,79.15625,-1372069.9248781204,-1428707.7666831017,-1478079.3328236407,-11984.609660625458,54,20.729096353054047
900,100,STRIP,3,43.234375,-548586.764398098,-582494.6170611382,-592218.0231327359,-6545.87740445137,35,20.64466414996423
900,200,R20,6,122.03125,-1402177.1548256874,-1485475.505572319,-1533990.7504309656,-29360.248396396637,73,21.432070896960795
900,200,STRIP,8,166.203125,-2908251.6726300716,-2833033.4947223663,-3062295.4918657425,-39987.83126664162,68,21.51325529697351
900,300,R20,1,54.859375,-544062.0685286522,-571258.8870322704,-589408.6017090299,-20291.24861049652,30,21.175765236956067
900,300,STRIP,3,120.15625,-1405091.278617382,-1408590.357588768,-1468433.0494935857,-44443.09365272522,54,21.728008287027478
900,400,R20,6,77.265625,-703289.1628313065,-689228.6896247864,-708289.566231833,-33396.5761756897,63,22.094509419985116
900,400,STRIP,8,129.5,-1472717.033510685,-1361786.8125874996,-1448942.074377919,-55973.87731933594,53,21.64952506904956
900,500,R20,9,111.046875,-839408.1597914696,-1008355.560179472,-1048871.9836444762,-54123.36508798599,72,22.79806515702512
900,500,STRIP,6,140.09375,-1076371.5628368855,-1252087.0102021694,-1335292.7379445669,-68280.58131122589,59,22.577010079054162
900,600,R20,5,98.765625,-224897.0422079563,-325535.8348813057,-335020.02819085045,-55430.01277542114,73,22.4009620109573
900,600,STRIP,4,105.796875,-418655.2956068516,-464552.7899084091,-480433.69384783244,-59376.145626068115,57,21.647077706060372
900,700,R20,10,139.125,-345665.4981036186,-470021.1249539852,-490860.294577205,-77977.15940093994,76,21.16625234298408
900,700,STRIP,8,172.03125,-517438.65784168243,-634626.6960344315,-667488.2191622944,-96420.54413795471,62,20.48586156591773
900,800,R20,7,131.84375,-418049.4651134014,-475776.2186307907,-505360.2939336152,-80064.90148544312,73,20.94220480392687
900,800,STRIP,5,103.015625,-341251.25334692,-334680.49090719223,-354831.3345831958,-62558.41378211975,61,20.69991638395004
900,900,R20,8,166.203125,-423544.9815149307,-571692.8697900772,-604431.76846761,-98036.38013744354,76,21.264229588094167
900,900,STRIP,11,283.671875,-1083134.299251318,-1418806.3897032738,-1543008.9186675972,-167326.3590669632,80,21.586523915990256
900,1000,R20,9,178.890625,-699135.7623231411,-830763.8955631256,-888395.3920840643,-105170.05393314362,86,22.266745400964282
900,1000,STRIP,6,120.390625,-533161.0234074593,-563091.6029334068,-601176.0200690777,-70777.82038211823,54,20.80542541097384
900,1100,R20,8,206.140625,-642025.9154529572,-770990.6144208908,-854807.6785877733,-124388.46652317047,72,24.36797382601071
900,1100,STRIP,7,206.46875,-433086.51935362816,-808629.3514909744,-875206.6582427616,-124586.4622631073,63,24.00504269695375
900,1200,R20,9,211.734375,-1606805.7287631035,-1772252.6422100067,-1918523.2779958732,-107742.071870327,84,27.277834646985866
900,1200,STRIP,12,296.453125,-2727527.53599,-3080814.1228072643,-3349558.0263488283,-150851.6219906807,78,25.472211076063104
900,1300,R20,12,228.03125,-6858833.491404533,-8828509.59941578,-9810160.481547171,-101801.10966014862,96,27.64327126496937
900,1300,STRIP,12,260.84375,-6876217.473608017,-8205486.630475998,-9219809.794714233,-116449.75501346588,78,27.06925914203748
900,1400,R20,8,201.703125,-16271709.275420189,-12223968.378876686,-13504915.349915523,-57059.20290327072,70,27.31774306902662
900,1400,STRIP,8,231.3125,-22712279.453160286,-20842283.700193882,-23162987.171577204,-65435.311780929565,75,26.864645236055367
1000,100,R20,5,105.671875,-1278735.084439993,-1398630.4733176231,-1450660.969180734,-14014.87270283699,48,25.681547865038738
1000,100,STRIP,7,196.953125,-2371848.48227334,-2505693.205962658,-2653939.8036159407,-26121.169661283493,60,26.761638917960227
1000,200,R20,5,79.625,-976780.5525729656,-1027621.9019441605,-1065682.2440788834,-19368.805549621582,63,26.687907789018936
1000,200,STRIP,4,57.28125,-555577.162774086,-607109.67248559,-622334.6503188133,-13933.68154335022,46,25.77981387206819
1000,300,R20,7,96.296875,-813110.2748599052,-860367.532538414,-881443.2610594179,-30952.627418518066,65,28.102167499018833
1000,300,STRIP,6,86.28125,-889081.5955843925,-907737.172056675,-935305.1855217209,-27733.313095092773,56,28.124115177080967
1000,400,R20,4,83.828125,-708039.0986118317,-811472.9245512486,-827160.5653415022,-33556.755566596985,69,27.877688036998734
1000,400,STRIP,7,124.265625,-1232334.3317723274,-1354316.7692203522,-1432743.2957549877,-49744.05909061432,58,27.574800911010243
1000,500,R20,8,133.96875,-2489453.4502949715,-2550880.375818491,-2793526.637226224,-58892.225858688354,79,28.54272380308248
1000,500,STRIP,7,173.84375,-2020207.8250808716,-1972590.211526394,-2112276.649586566,-76421.14589500427,61,28.21968850400299
1000,600,R20,9,128.796875,-700989.4701480865,-904968.0492157936,-941085.8124395107,-65840.43344545364,71,28.797904461971484
1000,600,STRIP,10,187.5625,-1107935.870777607,-1398260.7855918407,-1472648.9766056573,-95881.17955589294,78,28.65513638209086
1000,700,R20,10,129.96875,-775527.134509325,-1043439.1976556778,-1111871.4029157911,-73510.17903900146,82,30.299856219091453
1000,700,STRIP,9,149.375,-955644.4204657078,-955410.2566113472,-1007359.1505994389,-84486.33224487305,68,28.436949572060257
1000,800,R20,5,144.546875,-485199.0728049278,-667751.5734021664,-724118.7116313606,-85269.98722457886,66,27.625160738942213
1000,800,STRIP,10,189.46875,-648260.2130756378,-883654.2196190357,-990877.719937704,-111769.95623016357,62,28.675477131968364
1000,900,R20,8,117.953125,-206491.21885156631,-342967.9658641815,-358559.19649653445,-76219.59738445282,76,36.49552897398826
1000,900,STRIP,3,92.140625,-243242.85787701607,-275629.8365058899,-293318.33912693884,-59539.93453121185,57,34.26215649000369
1000,1000,R20,8,152.296875,-79416.17749881744,-120675.55745267868,-127381.56919231902,-98744.77057743073,78,33.48204801301472
1000,1000,STRIP,6,148.140625,-71107.38234806061,-132587.50380039215,-145771.02366911946,-96049.98151683807,56,34.392766535049304
1000,1100,R20,9,200.5,-54466.681671619415,-321748.57079410553,-381731.1136407321,-113970.92330932617,81,41.47816318506375
1000,1100,STRIP,15,246.390625,-196871.01353287697,-298781.13283753395,-344068.56040874345,-140056.6933965683,73,41.613003758946434
1000,1200,R20,12,179.140625,-808510.5131983757,-882307.051835537,-994474.3365267938,-97257.03509807587,84,42.35874330194201
1000,1200,STRIP,15,395.15625,-724754.3559098244,-1045978.2967863083,-1243694.2998783314,-214533.83494377136,88,33.069016333902255
1000,1300,R20,9,201.28125,-2354302.81041193,-3257943.998771429,-3666758.868094598,-101749.28124046326,82,43.851655104896054
1000,1300,STRIP,13,295.03125,-4414194.086366892,-4345280.272899866,-5113262.089236754,-149140.65582847595,74,42.71517927898094
1000,1400,R20,10,204.3125,-3282292.49224329,-4307909.006367922,-4613859.045498526,-77482.47288513184,76,29.965511654969305
1000,1400,STRIP,17,435.984375,-11907421.131789923,-16861291.396140337,-21673445.30544506,-165340.58128738403,81,44.82435623998754
1000,1500,R20,7,221.078125,-18135518.859663725,-17977308.403336287,-20678089.55160057,-26643.7327337265,66,34.811688171932474
1000,1500,STRIP,8,176.5625,-40461668.192629814,-28902250.418794394,-43514105.0332459,-21278.831005096436,47,40.89304147998337
1100,100,R20,7,146.671875,-1505324.7702929974,-1566192.1204738617,-1648095.724816591,-14886.813727498055,82,41.56396025593858
1100,100,STRIP,6,116.40625,-1137088.6444928646,-1118174.6897449493,-1173099.1674365073,-11814.93152976036,52,38.79485951096285
1100,200,R20,5,104.609375,-1137364.8967199326,-1252027.2171189785,-1313808.5699293287,-20199.08768415451,62,40.37057741906028
1100,200,STRIP,7,152.015625,-1604010.9778699875,-1682705.6142179966,-1778498.2213717962,-29352.789257526398,61,28.850454122992232
1100,300,R20,6,78.046875,-624815.2253684998,-787406.3423483372,-810761.2676718602,-21743.83126974106,69,37.95982642110903
1100,300,STRIP,6,79.90625,-733608.0175471306,-830698.1559216976,-850818.5280729155,-22261.85247516632,62,28.13740929402411
1100,400,R20,8,96.359375,-915278.2334179878,-939518.535241127,-964290.9075256109,-32857.92639684677,68,41.394997411058284
1100,400,STRIP,8,135.46875,-1324423.7945537567,-1424374.2409579754,-1476636.8206427523,-46193.9714384079,70,34.66781070700381
1100,500,R20,9,145.484375,-2132953.8572585583,-2386906.891980648,-2552958.3164473795,-55914.54066991806,74,41.39561686292291
1100,500,STRIP,12,237.328125,-3004877.757584572,-2973459.1168119907,-3122826.950457682,-91213.18421602249,81,41.57547157397494
1100,600,R20,8,102.90625,-1014076.3084895611,-1098535.4940357208,-1131925.9376750737,-50006.184864997864,67,27.535195308970287
1100,600,STRIP,9,166.71875,-1385100.552309513,-1486980.588284731,-1532476.1728563616,-81015.18258571625,74,34.74776707193814
1100,700,R20,7,148.984375,-1528936.4541916847,-1503523.1611573696,-1617483.889079758,-74645.79126358032,77,28.332839087001048
1100,700,STRIP,12,273.71875,-2985191.8800644875,-3138553.7666687965,-3505346.467819207,-137141.5806350708,80,31.72516315896064
1100,800,R20,10,134.25,-923175.3624000549,-1307075.2774221897,-1384108.6830287864,-77473.95918273926,58,29.792195205925964
1100,800,STRIP,15,222.65625,-1756669.0712842941,-1987112.8357892036,-2088749.3295012559,-128492.07615852356,89,28.18076244101394
1100,900,R20,10,136.328125,-717893.4934449196,-869762.4679095745,-924158.1820433028,-82139.21802043915,95,28.197772408020683
1100,900,STRIP,8,153.328125,-852953.1287345886,-981597.4475488663,-1052476.361398216,-92381.90790081024,74,28.3659686249448
1100,1000,R20,12,198.28125,-393646.7056810856,-568809.5464487076,-593751.6468947876,-114676.0408115387,86,29.210195200983435
1100,1000,STRIP,9,175.21875,-495509.76800704,-626092.0261745453,-660972.3171177935,-101337.83464622498,69,28.132567506982014
1100,1100,R20,6,114.109375,-228393.81019830704,-304761.11243772507,-318864.11062837683,-76050.71557712555,66,28.132951298030093
1100,1100,STRIP,6,103.875,-216483.15970945358,-232584.0664486885,-245096.66571727005,-69229.79010772705,51,26.028364431927912
1100,1200,R20,5,175.5,-652046.0260386467,-874861.6903791428,-976043.7136041283,-100940.47888183594,61,31.860882189008407
1100,1200,STRIP,13,354.640625,-1206746.2984132767,-1666424.2524659634,-1990506.3998105556,-203974.89754104614,81,34.562456153915264
1100,1300,R20,11,220.671875,-1817652.5640072823,-2449018.7558500767,-2626721.943955266,-105950.53518724442,85,35.9122290230589
1100,1300,STRIP,10,340.890625,-3674997.952451229,-4087840.6926567554,-4580328.909588065,-163670.8083395958,75,37.41188772895839
1100,1400,R20,10,227.734375,-3329891.4372928143,-4531119.259717941,-4997600.652769261,-97362.77667284012,89,40.27797479205765
1100,1400,STRIP,10,177.4375,-2988380.2652187347,-4675376.031390429,-4954679.562537725,-75859.46428108215,71,38.72352881892584
1100,1500,R20,10,319.046875,-30326672.857841015,-29213190.371588707,-35368936.2475101,-32065.43530714512,74,41.822066605091095
1100,1500,STRIP,5,223.90625,-44807203.65974212,-45328725.78465533,-62996825.65647907,-22503.43738436699,51,38.02643057599198
1200,100,R20,5,108.953125,-318479.85977482796,-462586.35454559326,-474421.02018712636,-8175.014678359032,67,40.1972551420331
1200,100,STRIP,9,149.359375,-622481.3876049519,-685394.0532212257,-701841.3030592067,-11206.792673230171,81,42.00850908807479
1200,200,R20,4,65.578125,-446043.6340456009,-477714.1312060356,-486572.9022730776,-9288.170382499695,49,38.62784367601853
1200,200,STRIP,6,119.78125,-990623.931371212,-1003581.521914959,-1040481.1464322126,-16965.2404460907,62,39.775477272924036
1200,300,R20,4,73.15625,-845387.6271834373,-888882.8526177406,-910088.829752408,-14907.098491191864,59,40.14758528699167
1200,300,STRIP,4,63.84375,-735309.6192753315,-719534.553921938,-731194.5107950582,-13009.484074115753,62,40.12062295898795
1200,400,R20,7,117.421875,-1246911.6744589806,-1353928.616906166,-1391238.2562940295,-30402.49719142914,63,40.75899572297931
1200,400,STRIP,10,174.171875,-2452873.992407322,-2532623.2088041306,-2641880.6325534834,-45096.02610683441,68,41.2856720489217
1200,500,R20,5,135.28125,-2070099.4570064545,-2111008.704283476,-2186330.5688638017,-44023.655550956726,70,39.00900018401444
1200,500,STRIP,7,179.234375,-3265922.7354187965,-3112993.728185177,-3227784.958584533,-58327.02157831192,81,34.47727437701542
1200,600,R20,8,125.203125,-2146425.47946167,-2471819.2515058517,-2585579.3005123194,-48200.1655125618,72,35.453473038971424
1200,600,STRIP,8,165.515625,-2830441.7297701836,-3051177.932574749,-3219752.886997194,-63719.49997186661,61,29.252438622992486
1200,700,R20,8,125.109375,-1683285.1275098324,-2010307.5550346375,-2098611.886437939,-56340.91932964325,81,32.29765549302101
1200,700,STRIP,5,96.171875,-1340179.638326168,-1460361.1506130695,-1495840.257955687,-43309.39908504486,69,30.451274916063994
1200,800,R20,7,202.1875,-2901990.864519596,-3400413.590349674,-3591388.9837011816,-93597.20170974731,80,34.740958102978766
1200,800,STRIP,9,153.484375,-2388971.0372514725,-2588156.877137184,-2749866.809325006,-71051.41517734528,67,32.88173985294998
1200,900,R20,10,168.09375,-3137057.92566967,-3440892.9501333237,-3671646.2888065167,-87531.77320289612,103,26.728783046943136
1200,900,STRIP,4,84.328125,-1848492.7270627022,-1930268.8067131042,-2024046.6709715049,-43912.34244060516,56,24.750497963977978
1200,1000,R20,8,167.515625,-1963435.2880990505,-2653353.746423483,-2859135.2212684364,-89631.40067195892,77,26.724363308981992
1200,1000,STRIP,12,226.046875,-2127638.1838834286,-2824169.944328308,-3109169.4872210408,-120949.30263233185,70,25.50283181690611
1200,1100,R20,6,145.65625,-955635.3938734531,-1162524.166178465,-1199735.9344736408,-84173.48802947998,84,26.113566400948912
1200,1100,STRIP,6,99.15625,-1160613.8531873226,-1320962.4606106281,-1392571.3105074787,-57301.53990936279,45,24.378907285048626
1200,1200,R20,8,119.296875,-476684.20048093796,-672352.347423315,-693674.9833088198,-71019.51068401337,71,25.057487101992592
1200,1200,STRIP,12,201.125,-2198491.1212513447,-2375590.357726097,-2596612.323313949,-119733.22089385986,73,25.601594115956686
1200,1300,R20,11,183.078125,-2604314.9227991104,-3331096.1839284897,-3593282.5461637257,-85797.93631744385,76,25.23740214004647
1200,1300,STRIP,13,237.671875,-3075787.9024660587,-4080566.3407974243,-4503744.162643939,-111382.81209564209,79,25.398127930006012
1200,1400,R20,9,170.171875,-10641629.901833057,-10085894.882861376,-10728717.920368483,-66135.97390556335,73,25.040502842050046
1200,1400,STRIP,9,244.1875,-8412465.485380173,-16357526.953668118,-18377160.046241965,-94901.57012176514,68,25.653642677003518
1300,200,R20,2,48.03125,-392989.42236304283,-426911.47837495804,-435201.3711247501,-3424.023263692856,40,22.60702835698612
1300,200,STRIP,1,20.015625,-172847.30394792557,-198815.2651643753,-200506.47235447695,-1426.862004160881,30,22.627810099045746
1300,300,R20,5,65.546875,-1015063.4371438026,-1004410.0242977142,-1031659.0957193983,-7477.011524438858,65,24.112571462988853
1300,300,STRIP,4,88.546875,-1325424.1665654182,-1216533.2244753838,-1258425.3349019168,-10100.649418115616,61,23.969418068998493
1300,400,R20,5,75.90625,-966194.4259839058,-1056353.542288065,-1073277.5168992882,-13010.52073764801,65,23.961265406920575
1300,400,STRIP,5,85.828125,-1288157.2225837708,-1447793.9341406822,-1475471.6792063615,-14711.154881000519,63,24.58981005800888
1300,500,R20,6,125.5625,-2811967.4368681908,-2776057.362367153,-2897705.6264836807,-26170.418091773987,74,24.8974409539951
1300,500,STRIP,5,169.125,-2891497.0085499287,-3304372.184550047,-3505242.163222961,-35249.950899124146,57,24.7624227629276
1300,600,R20,7,142.25,-2965115.2937419415,-3005348.2409057617,-3139729.4219067567,-40458.75993347168,77,24.459933103993535
1300,600,STRIP,7,103.609375,-2595507.7776880264,-2520778.2272303104,-2600391.312075355,-29468.589314460754,56,24.378981542075053
1300,700,R20,8,139.140625,-3755029.970364094,-3966115.881319523,-4190313.444348154,-45628.99134874344,73,24.288380948943086
1300,700,STRIP,10,186.9375,-4622102.91113472,-5019332.403483391,-5266049.90076232,-61303.22880363464,78,25.191001121071167
1300,800,R20,6,97.65625,-2157914.488915682,-2387467.6475987434,-2468028.8137959857,-40231.505036354065,74,24.182174164103344
1300,800,STRIP,8,118.609375,-2558707.4734351635,-2698362.964584589,-2775480.5204880936,-48863.57675695419,66,24.15899064904079
1300,900,R20,7,126.390625,-2750091.3638982773,-3082477.4086868763,-3222949.1324229417,-54615.66940116882,63,24.400821496965364
1300,900,STRIP,5,77.828125,-1781128.7820501328,-1882481.2383975983,-1935076.3480136702,-33630.93698692322,62,24.888631303911097
1300,1000,R20,7,210.703125,-2693015.926914215,-3328337.4416537285,-3522715.0683993436,-87857.84681081772,82,25.11179590690881
1300,1000,STRIP,6,123.125,-3197724.061341524,-3520477.386794567,-3696431.8152543036,-51339.99502182007,67,24.35049005795736
1300,1100,R20,9,153.890625,-2262661.225643635,-2340252.1215047836,-2464756.728153795,-72883.4697675705,70,25.968074738048017
1300,1100,STRIP,9,185.484375,-3253345.224531412,-3380229.4285063744,-3601507.484925082,-87846.44833087921,63,25.875484914984554
1300,1200,R20,12,184.625,-2555757.1022155285,-2937870.690838337,-3193322.109300677,-90318.355052948,92,28.286264525959268
1300,1200,STRIP,12,184.328125,-1939815.5677809715,-2421148.6658530235,-2606088.7861289107,-90173.12411642075,65,26.645640769042075
1300,1300,R20,10,149.34375,-1571364.860409975,-2176229.3030765057,-2293944.1114485515,-66590.55416965485,74,27.047325661987998
1300,1300,STRIP,19,385.21875,-4217099.897257328,-5412060.780536413,-5981691.805630622,-171764.335896492,91,28.458554948098026
1300,1400,R20,12,244.921875,-16430004.429802895,-15272687.254210234,-16694068.15192891,-70028.33486795425,98,30.880130934063345
1300,1400,STRIP,11,250.40625,-12599089.073151588,-14437542.17802,-16547035.485114671,-71596.43346691132,73,27.868413051008247
1400,500,R20,3,68.65625,-1873734.7504007816,-1696577.5098748207,-1743732.1824444593,-6739.155276298523,51,26.048271001083776
1400,500,STRIP,4,85.71875,-2275148.447799444,-2170137.9050922394,-2244482.351710954,-8413.974930763245,45,32.62310072791297
1400,600,R20,6,110.859375,-4084451.068653345,-3762234.092380047,-3945350.182305799,-16673.21380019188,72,27.14707579393871
1400,600,STRIP,8,162.703125,-5144399.117525101,-4977797.474689484,-5203106.505707543,-24470.496871232986,62,37.76313204597682
1400,700,R20,9,111.765625,-2833992.1112031937,-2920895.291469097,-2994534.4091919637,-21486.642959833145,74,28.52905267290771
1400,700,STRIP,11,173.34375,-5766807.48476243,-5849885.543555498,-6166610.524108355,-33324.8730597496,68,39.43726793699898
1400,800,R20,9,162.859375,-4778473.257682085,-5190618.358303785,-5450118.944573035,-40536.9076564312,83,30.160116899991408
1400,800,STRIP,9,183.0,-6273881.548416138,-6502483.304518461,-6838019.738173014,-45550.05876159668,77,39.915794952074066
1400,900,R20,8,145.90625,-3974698.473004818,-4660026.624081612,-4845229.42022329,-44642.503578186035,88,46.900863284943625
1400,900,STRIP,8,152.65625,-4269989.614979744,-5275663.436537981,-5544674.369695626,-46707.781105041504,64,27.20560565101914
1400,1000,R20,6,112.75,-3344406.291429758,-3688016.0330672264,-3869170.190938833,-40271.04976654053,65,40.959017344983295
1400,1000,STRIP,7,130.53125,-3572449.013240576,-3850820.981362343,-4004012.5147321303,-46621.9996881485,60,27.385389790986665
1400,1100,R20,8,135.828125,-3464661.897453785,-4190132.3802223206,-4413757.180906226,-49685.74408054352,83,43.6133504640311
1400,1100,STRIP,8,241.03125,-6355316.224919796,-7684936.548531294,-8406018.294923076,-88168.90465736389,65,28.14628767198883
1400,1200,R20,10,155.171875,-3748513.4207673073,-4062307.478029251,-4391656.86751,-59534.32655334473,65,41.78249894909095
1400,1200,STRIP,6,107.359375,-2066494.8673257828,-1963362.1854205132,-2050058.344142999,-41190.24848937988,56,40.00439863605425
1400,1300,R20,11,199.125,-4392790.594135284,-4198024.410414696,-4739878.084412698,-65916.92580413818,73,27.74109436792787
1400,1300,STRIP,10,239.765625,-4522376.34518218,-4663555.732820988,-5229092.571323956,-79370.30967235565,64,27.800830579013564
1400,1400,R20,10,143.9375,-1240525.1274216175,-2455049.1102519035,-2585709.5830318374,-38281.19457817078,74,50.1704991129227
1400,1400,STRIP,10,266.640625,-6865130.12495327,-9338028.384465456,-12816228.824483115,-70914.95717287064,76,29.228595396038145
1400,1500,R20,6,269.234375,-7660717.372831821,-6744753.305278778,-7527238.751531289,-23071.209828972816,68,42.71976288908627
1400,1500,STRIP,4,216.796875,-7086280.496752739,-7190661.312418699,-7761144.943545042,-18577.739909291267,47,40.21674371592235
1500,800,R20,5,86.796875,-3375075.2347798347,-3223797.9107842445,-3330821.533512663,-8200.124700069427,56,27.518059917958453
1500,800,STRIP,2,36.71875,-1895838.8598849773,-1556033.1483778954,-1581883.4905746276,-3468.9996480941772,40,37.33415713906288
1500,900,R20,10,135.5625,-7860251.519949198,-7183257.132156372,-7598170.199381054,-19992.016390800476,79,30.65873358794488
1500,900,STRIP,7,93.203125,-3374979.120945692,-3478529.364935398,-3579568.390537159,-13745.087341070175,63,39.08275138994213
1500,1000,R20,5,101.25,-4725252.903773308,-5012500.7160487175,-5192059.305095197,-19905.767612457275,77,28.738671023049392
1500,1000,STRIP,9,176.390625,-6159649.355403423,-6550479.418819189,-6884243.311777012,-34678.42755818367,63,26.68823314504698
1500,1100,R20,10,164.125,-4630912.135435104,-6145429.928312302,-6469592.082414848,-37627.85256385803,85,31.05751179298386
1500,1100,STRIP,5,103.765625,-2935998.0003049374,-3261935.798636198,-3385947.6597922835,-23789.658118486404,57,28.535072261001915
1500,1200,R20,9,211.734375,-3630760.3614234924,-4303490.656909466,-4512238.186612921,-48360.44980788231,95,28.0105591150932
1500,1200,STRIP,7,236.359375,-7145843.0057525635,-7910362.56921339,-8837033.284284223,-53984.83685660362,64,28.334181305021048
1500,1300,R20,9,180.59375,-2452380.362425089,-2713041.882019043,-2828593.885494659,-41191.2998547554,96,27.694885417004116
1500,1300,STRIP,9,136.953125,-4297124.564110994,-3782486.133886814,-4122226.6523841796,-31237.389100790024,62,25.68870076199528
1500,1400,R20,4,171.90625,-3070648.5614032745,-3853526.308970928,-4180481.9713035086,-33824.427567481995,85,25.962859623949043
1500,1400,STRIP,7,200.875,-2725799.649547577,-3623060.671364069,-3920675.0881503704,-39524.34473800659,72,25.10705261491239
1600,1100,R20,3,48.515625,-1587152.407493353,-1520785.0896718502,-1547775.2778934347,-3827.4309396743774,65,24.310464867041446
1600,1100,STRIP,1,41.796875,-1049787.185152769,-1240852.7811341286,-1263756.1432176162,-3297.3841428756714,30,22.627869877964258
1600,1200,R20,7,120.109375,-2164097.490721464,-2414751.1061737537,-2507477.1761715272,-10681.609911203384,85,24.5340958989691
1600,1200,STRIP,3,81.09375,-3135328.056759596,-2675254.111996174,-2861437.200556201,-7211.858389377594,41,23.068368330947123
1600,1300,R20,10,129.84375,-1647054.957218647,-1773024.5802702904,-1850549.107020574,-14167.858897447586,86,24.455223780008964
1600,1300,STRIP,6,139.46875,-1849354.0882093906,-2345941.0177702904,-2468852.7668653447,-15218.087667703629,62,23.928705824073404
1600,1400,R20,8,123.828125,-1175387.2172412872,-1140224.8290305138,-1183130.0698285422,-14032.444939017296,74,23.478840438998304
1600,1400,STRIP,1,13.0,-232962.62730932236,-190293.9085738659,-192260.5099786023,-1473.1853866577148,30,21.671537554007955
2600,3000,R20,8,218.984375,-8939.203871965408,-3382.143796443939,-4058.336158326816,-2164.865677654743,74,23.22613751294557
2600,3000,STRIP,9,354.75,-17175.02106308937,-5981.365243911743,-8327.966885774746,-3507.036057472229,68,22.820105721009895
