L_m,stride_m,fill,H_m,corr,macro_unknowns,macro_s,J2_rel_err,P_rel_err,spearman,med_abs_rel,p90_abs_rel,medrel_d0,J2share_d0,medrel_d10,J2share_d10,medrel_d30,J2share_d30,medrel_d100,J2share_d100,J2err_main,J2share_main,J2err_strip,J2share_strip
25,5,open-outside,2,U,142840,2.221864767954685,0.1293190478576285,0.06205388293634595,0.9987052268379751,0.04980926708599096,0.16810410311580073,0.3379227483146774,9.40019405038288e-05,0.07994361683998509,0.006898389235390498,0.045496700357041106,0.18606699078674585,0.04592061754086526,0.8069406180373598,0.12888776775231614,0.9988146340043099,0.4927248500380279,0.0011853659956899806
25,5,open-outside,2,U+chi,142840,2.221864767954685,0.1290226669486947,0.0616809013955395,0.9988474947286652,0.04927580573486404,0.1572136066118745,0.2927262488856209,9.40019405038288e-05,0.08032728647080684,0.006898389235390498,0.045018720221319905,0.18606699078674585,0.04569319913675674,0.8069406180373598,0.12867822719321942,0.9988146340043099,0.41925494082225034,0.0011853659956899806
25,5,open-outside,2,U+chi+w,142840,2.221864767954685,0.12929578126027463,0.06194536810721618,0.998844534027687,0.04943752623011656,0.15928733776663798,0.3098828527003875,9.40019405038288e-05,0.08451147070870385,0.006898389235390498,0.04531563761603746,0.18606699078674585,0.04579190000859572,0.8069406180373598,0.12894084752738944,0.9988146340043099,0.42837050400112964,0.0011853659956899806
25,5,open-outside,5,U,22848,0.39502664108294994,0.17194528903637085,0.0828490797758239,0.9982257964388639,0.06668499267014506,0.21939234742860678,0.499963754224332,9.40019405038288e-05,0.14519665655892805,0.006898389235390498,0.06813570881203895,0.18606699078674585,0.05942118287258821,0.8069406180373598,0.17136190310867994,0.9988146340043099,0.6635186967170206,0.0011853659956899806
25,5,open-outside,5,U+chi,22848,0.39502664108294994,0.17112524553763375,0.08229650256755239,0.9983701646371267,0.06633293423456656,0.2140802474833676,0.45946699491414766,9.40019405038288e-05,0.14303813798323778,0.006898389235390498,0.06779090795874473,0.18606699078674585,0.059245694274795535,0.8069406180373598,0.1706307839536425,0.9988146340043099,0.5877691072978659,0.0011853659956899806
25,5,open-outside,5,U+chi+w,22848,0.39502664108294994,0.17140369657901955,0.0825609692792284,0.9983681448477643,0.06657887544497654,0.2166879938193675,0.4689683762134864,9.40019405038288e-05,0.14652482172643633,0.006898389235390498,0.06817753492646239,0.18606699078674585,0.05933769617201062,0.8069406180373598,0.17089821632398206,0.9988146340043099,0.5973321252395658,0.0011853659956899806
25,5,open-outside,10,U,5717,0.40123407100327313,0.14476361637410196,0.07588721560654355,0.9986808333408839,0.0689579279117899,0.28249906714556844,0.8166408664686204,9.40019405038288e-05,0.22753599548088785,0.006898389235390498,0.08082998739685647,0.18606699078674585,0.059008367583798925,0.8069406180373598,0.14403008712494758,0.9988146340043099,0.7628509844862614,0.0011853659956899806
25,5,open-outside,10,U+chi,5717,0.40123407100327313,0.14414677725050207,0.07545687620092023,0.9987983082498445,0.06878998701762003,0.27877965274775457,0.786663787061762,9.40019405038288e-05,0.2217238728851109,0.006898389235390498,0.08080171303456722,0.18606699078674585,0.05881256744924056,0.8069406180373598,0.14345934968423535,0.9988146340043099,0.7233878854835754,0.0011853659956899806
25,5,open-outside,10,U+chi+w,5717,0.40123407100327313,0.14442354528061552,0.07572134291259647,0.9987981936439352,0.06906932654132228,0.2822692802616364,0.7942044773170766,9.40019405038288e-05,0.2277210264628986,0.006898389235390498,0.08114785608087664,0.18606699078674585,0.05891222409236138,0.8069406180373598,0.14372505228052201,0.9988146340043099,0.732988623729051,0.0011853659956899806
25,5,extrapolated,2,U,142840,2.369763716007583,0.15176082143642255,0.07701053679456638,0.998197267478451,0.06009720577419428,0.27876485293468295,0.805200031018765,9.40019405038288e-05,0.2102823432619507,0.006898389235390498,0.06163674701404992,0.18606699078674585,0.05217011210066759,0.8069406180373598,0.15090566618377066,0.9988146340043099,0.8723328504976866,0.0011853659956899806
25,5,extrapolated,2,U+chi,142840,2.369763716007583,0.15145204259549527,0.07659735344620655,0.9983448130396043,0.05987094595837331,0.2664279156637152,0.7662768733428531,9.40019405038288e-05,0.20761187639298723,0.006898389235390498,0.06124862703960513,0.18606699078674585,0.051819336212440115,0.8069406180373598,0.1506935242739913,0.9988146340043099,0.7905957352890873,0.0011853659956899806
25,5,extrapolated,2,U+chi+w,142840,2.369763716007583,0.15173104450457564,0.07686182015788257,0.9983388276455516,0.06005707213454261,0.2718524009340143,0.7712650136985371,9.40019405038288e-05,0.21371493413391962,0.006898389235390498,0.061631001137201866,0.18606699078674585,0.05193793273228597,0.8069406180373598,0.15096004794793383,0.9988146340043099,0.8013891638879613,0.0011853659956899806
25,5,extrapolated,5,U,22848,0.39841093600261956,0.19827175757830506,0.1000970059064965,0.9975218909617104,0.08054143470461926,0.3599556646164246,1.1254351199713786,9.40019405038288e-05,0.29610411662970093,0.006898389235390498,0.088045440365704,0.18606699078674585,0.06674887200602912,0.8069406180373598,0.19713909587784162,0.9988146340043099,1.1526766299236932,0.0011853659956899806
25,5,extrapolated,5,U+chi,22848,0.39841093600261956,0.1974265913512876,0.09948974399119925,0.9976788725612634,0.08030292858695409,0.3574081675890248,1.0810031213363978,9.40019405038288e-05,0.2920988662228352,0.006898389235390498,0.08731233246880027,0.18606699078674585,0.06643796983354527,0.8069406180373598,0.19639536443634698,0.9988146340043099,1.0663603530478096,0.0011853659956899806
25,5,extrapolated,5,U+chi+w,22848,0.39841093600261956,0.197711820424759,0.09975421070287549,0.9976748885251928,0.08056816039712927,0.3662707323433483,1.085025394476513,9.40019405038288e-05,0.29421839928143256,0.006898389235390498,0.08767678357425104,0.18606699078674585,0.06653061064241961,0.8069406180373598,0.1966672567150063,0.9988146340043099,1.0778834494783291,0.0011853659956899806
25,5,extrapolated,10,U,5717,0.4002893540309742,0.1826798048762701,0.10044543027797892,0.9977419400647404,0.08931101261519973,0.5066676875752754,1.6900800344112688,9.40019405038288e-05,0.4327498558290837,0.006898389235390498,0.11073057541918008,0.18606699078674585,0.06996965330652934,0.8069406180373598,0.18108676892326625,0.9988146340043099,1.5250058275062663,0.0011853659956899806
25,5,extrapolated,10,U+chi,5717,0.4002893540309742,0.18203117019771442,0.09996003929788833,0.9978734080777173,0.08924310172683209,0.5025447298446768,1.6396178214899297,9.40019405038288e-05,0.43270975511269844,0.006898389235390498,0.11021398427959311,0.18606699078674585,0.06979264657015455,0.8069406180373598,0.18049735655646315,0.9988146340043099,1.474455211622725,0.0011853659956899806
25,5,extrapolated,10,U+chi+w,5717,0.4002893540309742,0.18231747486916428,0.10022450600956478,0.9978707264982506,0.08940731367125006,0.5068070698672076,1.654435922583032,9.40019405038288e-05,0.4343382358317716,0.006898389235390498,0.11053691245959993,0.18606699078674585,0.0699600037615114,0.8069406180373598,0.18076954086495478,0.9988146340043099,1.4866396348595496,0.0011853659956899806
25,5,inside-avg,2,U,142840,2.2494558449834585,0.14250179212813285,0.07059887932350617,0.9985049451212257,0.05530993235862165,0.21619752271711062,0.6259135806582414,9.40019405038288e-05,0.14565070784461898,0.006898389235390498,0.05409263924127858,0.18606699078674585,0.04938364707736606,0.8069406180373598,0.14186357694113227,0.9988146340043099,0.6802755014617676,0.0011853659956899806
25,5,inside-avg,2,U+chi,142840,2.2494558449834585,0.14219730784326745,0.07019098581345218,0.9986521194039654,0.054833223538712485,0.21070450793735215,0.5696037068153799,9.40019405038288e-05,0.1444882331001889,0.006898389235390498,0.053487415561812884,0.18606699078674585,0.04925535876065354,0.8069406180373598,0.14165135013934016,0.9988146340043099,0.6022328970307143,0.0011853659956899806
25,5,inside-avg,2,U+chi+w,142840,2.2494558449834585,0.14247368619157785,0.07045545252512841,0.9986481930229095,0.05502409587555084,0.21361896807975117,0.5814830940828366,9.40019405038288e-05,0.1478036135743168,0.006898389235390498,0.05407888895121825,0.18606699078674585,0.049339482328063546,0.8069406180373598,0.14191631715275377,0.9988146340043099,0.6121247092028697,0.0011853659956899806
25,5,inside-avg,5,U,22848,0.3881079109851271,0.18724731994570298,0.09260165857842684,0.9979178548338702,0.07392923764987931,0.2925648137061661,0.831005998522622,9.40019405038288e-05,0.22096289735198243,0.006898389235390498,0.07863697287022,0.18606699078674585,0.06347278226796021,0.8069406180373598,0.1864063148756383,0.9988146340043099,0.895896103787138,0.0011853659956899806
25,5,inside-avg,5,U+chi,22848,0.3881079109851271,0.18641336687252053,0.0920117752692935,0.9980739309349089,0.07399399159863804,0.28735962164261186,0.8247986908386133,9.40019405038288e-05,0.22155161990854957,0.006898389235390498,0.07804258170069023,0.18606699078674585,0.06325006036674577,0.8069406180373598,0.18566741189434133,0.9988146340043099,0.8149709189053522,0.0011853659956899806
25,5,inside-avg,5,U+chi+w,22848,0.3881079109851271,0.18669551890372382,0.09227624198096973,0.9980716092850959,0.07419979838764129,0.2919096260121634,0.8366268455666703,9.40019405038288e-05,0.2245774880588746,0.006898389235390498,0.07846311653916202,0.18606699078674585,0.06335523788741104,0.8069406180373598,0.18593749819377603,0.9988146340043099,0.825419913501835,0.0011853659956899806
25,5,inside-avg,10,U,5717,0.38051892595831305,0.1645693831579329,0.08845359518361096,0.9983272231241813,0.07939894806692147,0.39265220813272866,1.2081442778506757,9.40019405038288e-05,0.32797589133964833,0.006898389235390498,0.0958019173498231,0.18606699078674585,0.06449217697999932,0.8069406180373598,0.16347153589796326,0.9988146340043099,1.089638866462133,0.0011853659956899806
25,5,inside-avg,10,U+chi,5717,0.38051892595831305,0.16393728921527795,0.08798779435240545,0.9984546914447691,0.07914643411760286,0.3840922901046894,1.1727091644792194,9.40019405038288e-05,0.32590221628716376,0.006898389235390498,0.09520765551730748,0.18606699078674585,0.06452462536139925,0.8069406180373598,0.16289153248996735,0.9988146340043099,1.0451141785866032,0.0011853659956899806
25,5,inside-avg,10,U+chi+w,5717,0.38051892595831305,0.1642187817003995,0.08825226106408168,0.9984526363251427,0.0793541621476499,0.38984373956269025,1.1794897740636392,9.40019405038288e-05,0.3320084443393042,0.006898389235390498,0.0957403224370087,0.18606699078674585,0.06460371357458589,0.8069406180373598,0.16316067642101295,0.9988146340043099,1.0558008257368767,0.0011853659956899806
50,10,open-outside,2,U,142840,1.9742313160095364,0.0400502670287346,0.018576411895972367,0.9982350631156577,0.02436016912048,0.19406956389208585,0.309694402129849,9.40019405038288e-05,0.047775617508993624,0.006898389235390498,0.008243249326228582,0.18606699078674585,0.017771733094694667,0.8069406180373598,0.03936592728300914,0.9988146340043099,0.6166895119090987,0.0011853659956899806
50,10,open-outside,2,U+chi,142840,1.9742313160095364,0.03910487864073953,0.01764037174773847,0.9985063997092011,0.023321136784387454,0.17257430848027652,0.20060100882828902,9.40019405038288e-05,0.04683483576278219,0.006898389235390498,0.007832943758184333,0.18606699078674585,0.01703802239125462,0.8069406180373598,0.03853548717443056,0.9988146340043099,0.5188862551056654,0.0011853659956899806
50,10,open-outside,2,U+chi+w,142840,1.9742313160095364,0.039966164523802084,0.018588690478562597,0.9985372054214128,0.023583045828935927,0.1750009178345128,0.24393407776050524,9.40019405038288e-05,0.05845884416564709,0.006898389235390498,0.008561856120147161,0.18606699078674585,0.017340934223523306,0.8069406180373598,0.039357628530434896,0.9988146340043099,0.5527315531915016,0.0011853659956899806
50,10,open-outside,5,U,22848,0.36204475502017885,0.0523634474579433,0.027206230458316716,0.9981952271453477,0.029485569292706248,0.2368868298090872,0.5209582847961396,9.40019405038288e-05,0.11276735196032997,0.006898389235390498,0.022831484955873137,0.18606699078674585,0.023736781157517498,0.8069406180373598,0.051540698430913245,0.9988146340043099,0.7456293006194481,0.0011853659956899806
50,10,open-outside,5,U+chi,22848,0.36204475502017885,0.05139918292509904,0.026279414146309632,0.9984602363495391,0.02836848672692281,0.21666036733290667,0.4063255067660579,9.40019405038288e-05,0.1082310692669563,0.006898389235390498,0.021603219033883604,0.18606699078674585,0.02318164580681223,0.8069406180373598,0.050693430615102564,0.9988146340043099,0.6460811105071906,0.0011853659956899806
50,10,open-outside,5,U+chi+w,22848,0.36204475502017885,0.05226983878858893,0.027227732877133537,0.9984904703990259,0.02856379812463805,0.21909752726465803,0.4299811241131505,9.40019405038288e-05,0.12333597096764237,0.006898389235390498,0.022331643407938008,0.18606699078674585,0.02358585515426409,0.8069406180373598,0.051522917077025276,0.9988146340043099,0.6816419809608874,0.0011853659956899806
50,10,open-outside,10,U,5717,0.36835831799544394,0.09819813326586146,0.053379183485373405,0.9978846205284201,0.048903363960240774,0.3215781532859754,0.9171366113635665,9.40019405038288e-05,0.23332199573089535,0.006898389235390498,0.055169500083205064,0.18606699078674585,0.04093591246097848,0.8069406180373598,0.09692918686705276,0.9988146340043099,1.1674393950415105,0.0011853659956899806
50,10,open-outside,10,U+chi,5717,0.36835831799544394,0.09712263097557328,0.052500323365790136,0.9981542811917476,0.04840546801628007,0.30861153302071515,0.7770150589322455,9.40019405038288e-05,0.22959862160911296,0.006898389235390498,0.055129679634229996,0.18606699078674585,0.040693963265720896,0.8069406180373598,0.09595259085786312,0.9988146340043099,1.083023353782035,0.0011853659956899806
50,10,open-outside,10,U+chi+w,5717,0.36835831799544394,0.09802350078941013,0.05344864209661382,0.9981839813524848,0.048670395190444936,0.3193376660894754,0.8015352487769425,9.40019405038288e-05,0.2424508962334443,0.006898389235390498,0.056296748920246484,0.18606699078674585,0.04096144520771212,0.8069406180373598,0.09680669431734024,0.9988146340043099,1.123330549813795,0.0011853659956899806
50,10,extrapolated,2,U,142840,1.8337456398876384,0.11404331990930738,0.0654858879095721,0.9969393290781399,0.05264030742396519,0.43027291524120714,0.9723351423288797,9.40019405038288e-05,0.33164248791273276,0.006898389235390498,0.06414537230692441,0.18606699078674585,0.04025108848722678,0.8069406180373598,0.11134351695107947,0.9988146340043099,2.3889547931682307,0.0011853659956899806
50,10,extrapolated,2,U+chi,142840,1.8337456398876384,0.11300928617119488,0.06439211190140148,0.9972427896210742,0.052015567109170754,0.40451251681069117,0.7809508186259004,9.40019405038288e-05,0.3184432276848827,0.006898389235390498,0.06304419637670121,0.18606699078674585,0.040070045082935726,0.8069406180373598,0.11047044492275893,0.9988146340043099,2.252290994582094,0.0011853659956899806
50,10,extrapolated,2,U+chi+w,142840,1.8337456398876384,0.11394073231139168,0.06534043063222561,0.9972501098612576,0.05241087396335899,0.4296774892521808,0.8024661406410702,9.40019405038288e-05,0.3344146546584221,0.006898389235390498,0.06388292180090616,0.18606699078674585,0.04030201030416658,0.8069406180373598,0.11134655671455063,0.9988146340043099,2.2998483412047013,0.0011853659956899806
50,10,extrapolated,5,U,22848,0.35592214099597186,0.13438526004831997,0.07895814769477916,0.9966683250778208,0.06465934261183612,0.5531112161832423,1.2289502149239278,9.40019405038288e-05,0.4431360230371713,0.006898389235390498,0.08385928631423917,0.18606699078674585,0.04904426439912617,0.8069406180373598,0.13123035680183737,0.9988146340043099,2.7927739289595355,0.0011853659956899806
50,10,extrapolated,5,U+chi,22848,0.35592214099597186,0.1333162991578669,0.07786356403964523,0.9969750973463379,0.0641011424614494,0.5170666434356342,1.0863981631726438,9.40019405038288e-05,0.4240534302669643,0.006898389235390498,0.08386805525268379,0.18606699078674585,0.048626651995432146,0.8069406180373598,0.13033187086074327,0.9988146340043099,2.6480591449474047,0.0011853659956899806
50,10,extrapolated,5,U+chi+w,22848,0.35592214099597186,0.13426417076473185,0.07881188277046913,0.9969827805811687,0.06473113638051911,0.5462382438273041,1.0872996087046984,9.40019405038288e-05,0.4355300940104203,0.006898389235390498,0.08503422340316866,0.18606699078674585,0.04892644948369245,0.8069406180373598,0.13122031766037745,0.9988146340043099,2.6990796247621476,0.0011853659956899806
50,10,extrapolated,10,U,5717,0.36664427793584764,0.19807066386659034,0.11444278356964821,0.9952022881501951,0.09637294601593602,0.7691290192310043,1.878566218119544,9.40019405038288e-05,0.6367733981445061,0.006898389235390498,0.12994901977447304,0.18606699078674585,0.07151777430998871,0.8069406180373598,0.19342454140718246,0.9988146340043099,4.112992401714847,0.0011853659956899806
50,10,extrapolated,10,U+chi,5717,0.36664427793584764,0.1968578099029572,0.11337271835562612,0.9955283497488289,0.09613310615927957,0.744321983066632,1.6718055863336678,9.40019405038288e-05,0.6242369755680156,0.006898389235390498,0.13010690132222885,0.18606699078674585,0.07147360538835903,0.8069406180373598,0.1923787661789369,0.9988146340043099,3.970995446855273,0.0011853659956899806
50,10,extrapolated,10,U+chi+w,5717,0.36664427793584764,0.1978508169872657,0.11432103708645003,0.9955311516914227,0.09637185066454834,0.7625650805666205,1.6818147679249913,9.40019405038288e-05,0.6374594827485494,0.006898389235390498,0.1311608473655984,0.18606699078674585,0.07177679617875647,0.8069406180373598,0.19330262213978844,0.9988146340043099,4.030256663351304,0.0011853659956899806
50,10,inside-avg,2,U,142840,1.8607526699779555,0.08363361795670454,0.04677081698624397,0.9978808788753566,0.03945295717981325,0.3323004344863854,0.8310803898063355,9.40019405038288e-05,0.2537233633629923,0.006898389235390498,0.04243270310334073,0.18606699078674585,0.030756929700771932,0.8069406180373598,0.0821512592344451,0.9988146340043099,1.3327006487475677,0.0011853659956899806
50,10,inside-avg,2,U+chi,142840,1.8607526699779555,0.08263136766616452,0.045683792994983374,0.9981683040759047,0.038579968157782134,0.3051159295329872,0.6298298652712996,9.40019405038288e-05,0.24338082670601305,0.006898389235390498,0.04114457305145158,0.18606699078674585,0.030462128166081008,0.8069406180373598,0.08129508093782123,0.9988146340043099,1.2086150253280965,0.0011853659956899806
50,10,inside-avg,2,U+chi+w,142840,1.8607526699779555,0.08353376393774647,0.0466321117258075,0.9981799669149911,0.038885770157770554,0.31963515379883456,0.6851017819303704,9.40019405038288e-05,0.25589806423551203,0.006898389235390498,0.041837707500423454,0.18606699078674585,0.030763510218733053,0.8069406180373598,0.08214820581578408,0.9988146340043099,1.2510345472499482,0.0011853659956899806
50,10,inside-avg,5,U,22848,0.38194233004469424,0.09986204825698586,0.05779652013917702,0.9977443554867899,0.0495141206985188,0.4227511446445823,1.0970923705189393,9.40019405038288e-05,0.3421887136047497,0.006898389235390498,0.06009325884428057,0.18606699078674585,0.03819594623048343,0.8069406180373598,0.09811301319907595,0.9988146340043099,1.573636239164418,0.0011853659956899806
50,10,inside-avg,5,U+chi,22848,0.38194233004469424,0.09883379847199292,0.05671893500406866,0.9980335208995816,0.04875579603109225,0.39672854727953644,0.9108200944825147,9.40019405038288e-05,0.33140213946083025,0.006898389235390498,0.0583018549148501,0.18606699078674585,0.037880999239944674,0.8069406180373598,0.09723655235102124,0.9988146340043099,1.4447073983002992,0.0011853659956899806
50,10,inside-avg,5,U+chi+w,22848,0.38194233004469424,0.09974903919968248,0.05766725373489279,0.9980439691728263,0.049277578212440026,0.41791499451775344,0.9505957434586083,9.40019405038288e-05,0.34716914363132834,0.006898389235390498,0.0591743470605928,0.18606699078674585,0.0381090866250505,0.8069406180373598,0.09809944581105334,0.9988146340043099,1.4897315616530733,0.0011853659956899806
50,10,inside-avg,10,U,5717,0.40442585200071335,0.15349088389255972,0.08817354305430314,0.9969689266030102,0.0756346751179142,0.604284754022189,1.663211486076258,9.40019405038288e-05,0.5002079584061292,0.006898389235390498,0.09979592361760156,0.18606699078674585,0.05757842626098578,0.8069406180373598,0.1509613897177018,0.9988146340043099,2.2848965490315627,0.0011853659956899806
50,10,inside-avg,10,U+chi,5717,0.40442585200071335,0.1523440714133426,0.0871608004091684,0.9972675880286708,0.0750495192347835,0.581238109701121,1.4517778714602847,9.40019405038288e-05,0.4974903356246301,0.006898389235390498,0.09942424661632174,0.18606699078674585,0.057510198151539564,0.8069406180373598,0.14994927399862568,0.9988146340043099,2.1702513776735777,0.0011853659956899806
50,10,inside-avg,10,U+chi+w,5717,0.40442585200071335,0.15329615602295354,0.08810911913999231,0.9972711867453435,0.07590992644749119,0.6034371723744364,1.516042640445674,9.40019405038288e-05,0.5151831774614416,0.006898389235390498,0.10024255254822528,0.18606699078674585,0.05781740861523084,0.8069406180373598,0.1508413152706236,0.9988146340043099,2.22179725736441,0.0011853659956899806
100,10,open-outside,2,U,142840,2.7681891679530963,-0.060862080872357005,-0.034118870546700264,0.9967051839867137,0.03203326398766318,0.22280118238728092,0.26765296357200585,9.40019405038288e-05,-0.007618425965737587,0.006898389235390498,-0.04595999549900478,0.18606699078674585,-0.016921421033349836,0.8069406180373598,-0.061522202858339425,0.9988146340043099,0.4953707638563132,0.0011853659956899806
100,10,open-outside,2,U+chi,142840,2.7681891679530963,-0.061476702573966424,-0.03493672348178911,0.9969312229984489,0.03175349832658522,0.21318110590628345,0.12933416359791902,9.40019405038288e-05,-0.02225779744488337,0.006898389235390498,-0.04665838938792591,0.18606699078674585,-0.01704823267577882,0.8069406180373598,-0.062040825885768314,0.9988146340043099,0.41386561470158134,0.0011853659956899806
100,10,open-outside,2,U+chi+w,142840,2.7681891679530963,-0.0605946528778627,-0.03386889037106222,0.996990745215547,0.03132680919688398,0.20759717589410887,0.1764336728411091,9.40019405038288e-05,-0.00450660232238754,0.006898389235390498,-0.0456007464984029,0.18606699078674585,-0.016822196307518106,0.8069406180373598,-0.061198228633358887,0.9988146340043099,0.447991133716207,0.0011853659956899806
100,10,open-outside,5,U,22848,0.4577558559831232,-0.04388096111475226,-0.022509109981664777,0.9967322713646648,0.02491649027591686,0.2516218933744271,0.47450166070569144,9.40019405038288e-05,0.06195816913089945,0.006898389235390498,-0.03019768137269354,0.18606699078674585,-0.009412739807278435,0.8069406180373598,-0.0447324875901387,0.9988146340043099,0.6736333829365526,0.0011853659956899806
100,10,open-outside,5,U+chi,22848,0.4577558559831232,-0.044537299889720994,-0.023326105566834343,0.9969529144137514,0.02433430552547938,0.23156381004104915,0.3623642229427216,9.40019405038288e-05,0.04654754630828349,0.006898389235390498,-0.03013941632606971,0.18606699078674585,-0.009579820098509925,0.8069406180373598,-0.04528860093457199,0.9988146340043099,0.5885249617818429,0.0011853659956899806
100,10,open-outside,5,U+chi+w,22848,0.4577558559831232,-0.04364031526688683,-0.02225827245610723,0.9970158160762232,0.023965713210032102,0.23900505751441298,0.36708894356232435,9.40019405038288e-05,0.07142749843700112,0.006898389235390498,-0.02936338249117075,0.18606699078674585,-0.009318637136444268,0.8069406180373598,-0.044433841607395275,0.9988146340043099,0.6250018798439028,0.0011853659956899806
100,10,open-outside,10,U,5717,0.4684005370363593,-0.006930267492896713,0.0012291471646146412,0.9967666617111463,0.018652344996229475,0.3243490179737808,0.9007052825375608,9.40019405038288e-05,0.19788202667873375,0.006898389235390498,0.0006846595291759429,0.18606699078674585,0.005682808413582367,0.8069406180373598,-0.008309531813965432,0.9988146340043099,1.1552672251403737,0.0011853659956899806
100,10,open-outside,10,U+chi,5717,0.4684005370363593,-0.007430781785512375,0.000611595333882331,0.9970024906023663,0.017679669050052114,0.30820422695908845,0.7283934161028369,9.40019405038288e-05,0.18825517933518415,0.006898389235390498,0.0015293643321109699,0.18606699078674585,0.00542124361444392,0.8069406180373598,-0.0087130415845168,0.9988146340043099,1.0730286345449063,0.0011853659956899806
100,10,open-outside,10,U+chi+w,5717,0.4684005370363593,-0.00650077502724955,0.0016794284446093322,0.9970626046531605,0.01768900540350811,0.3192726232551827,0.7418537132251215,9.40019405038288e-05,0.20082459849982415,0.006898389235390498,0.002507315278841799,0.18606699078674585,0.0056812867980846294,0.8069406180373598,-0.007831425016661342,0.9988146340043099,1.1147332463593629,0.0011853659956899806
100,10,extrapolated,2,U,142840,2.423150288988836,0.024960702025375925,0.022174393151293215,0.997157479541892,0.02680519857074545,0.45195604954909874,0.9357731116240335,9.40019405038288e-05,0.344796517602902,0.006898389235390498,0.03431596255390954,0.18606699078674585,0.016853234775386465,0.8069406180373598,0.023346393142262833,0.9988146340043099,1.38521174863852,0.0011853659956899806
100,10,extrapolated,2,U+chi,142840,2.423150288988836,0.024269844696985343,0.021149825904244857,0.9973749571567117,0.025994865472474135,0.42778937717943916,0.6794102416190477,9.40019405038288e-05,0.3247098162187558,0.006898389235390498,0.03331488929823553,0.18606699078674585,0.016421760474376094,0.8069406180373598,0.022790559942442945,0.9988146340043099,1.2707466848198887,0.0011853659956899806
100,10,extrapolated,2,U+chi+w,142840,2.423150288988836,0.025228691982683182,0.022217659014971636,0.9974153970135984,0.026200297129707423,0.44392905229390334,0.6972340967857797,9.40019405038288e-05,0.35100038505543785,0.006898389235390498,0.03410204650134181,0.18606699078674585,0.016634954945106386,0.8069406180373598,0.023694693756745044,0.9988146340043099,1.3178082683961119,0.0011853659956899806
100,10,extrapolated,5,U,22848,0.45512019097805023,0.04884742373707285,0.037790509813942386,0.9970818577417988,0.03714959887456844,0.5848056173263889,1.2724993304994001,9.40019405038288e-05,0.4458659199620058,0.006898389235390498,0.05439795483811423,0.18606699078674585,0.026439748096174755,0.8069406180373598,0.046871604118136734,0.9988146340043099,1.7137151158439448,0.0011853659956899806
100,10,extrapolated,5,U+chi,22848,0.45512019097805023,0.04811061771942926,0.03677629032959118,0.9973102281367726,0.0362327894604892,0.5466270102780465,1.08319306463805,9.40019405038288e-05,0.4478565915947652,0.006898389235390498,0.05305021529289401,0.18606699078674585,0.02614426429605144,0.8069406180373598,0.04627699335180124,0.9988146340043099,1.5931615625863582,0.0011853659956899806
100,10,extrapolated,5,U+chi+w,22848,0.45512019097805023,0.049090099362748996,0.03784412344031818,0.9973513806460899,0.03665060853804303,0.5785728622428877,1.1148274356063212,9.40019405038288e-05,0.47383456042838407,0.006898389235390498,0.053764401082772306,0.18606699078674585,0.026408991631200557,0.8069406180373598,0.04719741794047305,0.9988146340043099,1.64390377627866,0.0011853659956899806
100,10,extrapolated,10,U,5717,0.47352952091023326,0.09987815508445808,0.06923758554480752,0.9967012140330462,0.06208563865087442,0.8160193330979938,1.9438625074488227,9.40019405038288e-05,0.6501964452232877,0.006898389235390498,0.09365337844521013,0.18606699078674585,0.0462488499126328,0.8069406180373598,0.09690196856995947,0.9988146340043099,2.60767629930006,0.0011853659956899806
100,10,extrapolated,10,U+chi,5717,0.47352952091023326,0.09932133803369281,0.06849366856529704,0.9969518454765246,0.06125478459778608,0.788517289350782,1.6920678433920235,9.40019405038288e-05,0.6511981777841692,0.006898389235390498,0.09342485228957373,0.18606699078674585,0.04623302836047256,0.8069406180373598,0.09648279277388228,0.9988146340043099,2.4911400295526835,0.0011853659956899806
100,10,extrapolated,10,U+chi+w,5717,0.47352952091023326,0.10034584483789688,0.06956150167602382,0.9969859300691851,0.06165694422862476,0.8130789747367213,1.7888870323852584,9.40019405038288e-05,0.6842738280860325,0.006898389235390498,0.09499133922458647,0.18606699078674585,0.046518161046422826,0.8069406180373598,0.0974387251790696,0.9988146340043099,2.5499467854725273,0.0011853659956899806
100,10,inside-avg,2,U,142840,2.280259034014307,0.047990890069969705,0.03454526078845199,0.9972009367607197,0.03279279125003406,0.42596332966721034,0.9124981102280962,9.40019405038288e-05,0.3401336564738576,0.006898389235390498,0.047559935226281894,0.18606699078674585,0.02223601464132221,0.8069406180373598,0.045736230237839015,0.9988146340043099,1.947815284579522,0.0011853659956899806
100,10,inside-avg,2,U+chi,142840,2.280259034014307,0.04725790178763134,0.033446778067900196,0.9974514254334829,0.032074906257940544,0.3905861173333405,0.6435978547895372,9.40019405038288e-05,0.3184440714987884,0.006898389235390498,0.04574585761802536,0.18606699078674585,0.021854796680772344,0.8069406180373598,0.04517202913087481,0.9988146340043099,1.804858627481833,0.0011853659956899806
100,10,inside-avg,2,U+chi+w,142840,2.280259034014307,0.048243373970957126,0.0345146111786272,0.9974727225829195,0.0322822147234517,0.4096212429097782,0.6833052845927552,9.40019405038288e-05,0.3354208636380502,0.006898389235390498,0.046362421651168315,0.18606699078674585,0.022020141378447065,0.8069406180373598,0.046099891687070294,0.9988146340043099,1.8543871984606444,0.0011853659956899806
100,10,inside-avg,5,U,22848,0.4581884719664231,0.0722125633437607,0.050109263119157754,0.9970103140813636,0.044345786575823734,0.544008842233934,1.2176050333457615,9.40019405038288e-05,0.4398548340274128,0.006898389235390498,0.06705178647709671,0.18606699078674585,0.031817664664026996,0.8069406180373598,0.06951359619046626,0.9988146340043099,2.346419769564809,0.0011853659956899806
100,10,inside-avg,5,U+chi,22848,0.4581884719664231,0.07142865265695897,0.0490236717515522,0.9972643306031771,0.04363273190107895,0.508400399849805,1.003976245798708,9.40019405038288e-05,0.4175219441842929,0.006898389235390498,0.0670035592520217,0.18606699078674585,0.03147538324923001,0.8069406180373598,0.06890953628400398,0.9988146340043099,2.1940897608852206,0.0011853659956899806
100,10,inside-avg,5,U+chi+w,22848,0.4581884719664231,0.07243548112990084,0.05009150486227898,0.9972834570744449,0.04406107934889013,0.540598129930103,1.0217253009861502,9.40019405038288e-05,0.44123455908137577,0.006898389235390498,0.0681473918596962,0.18606699078674585,0.0317304717546551,0.8069406180373598,0.06985428617590439,0.9988146340043099,2.247405323899095,0.0011853659956899806
100,10,inside-avg,10,U,5717,0.4384677429916337,0.12494406884626086,0.08189988738033005,0.9961483828773109,0.06997235868529382,0.7662314279691997,1.8576405997537166,9.40019405038288e-05,0.634935871423637,0.006898389235390498,0.10699013673837121,0.18606699078674585,0.05112811928072877,0.8069406180373598,0.12096062052326206,0.9988146340043099,3.4814824656604673,0.0011853659956899806
100,10,inside-avg,10,U+chi,5717,0.4384677429916337,0.12434311157933053,0.08109313611304891,0.996433786963094,0.0699578768600042,0.7357525751052687,1.6138403072067224,9.40019405038288e-05,0.6273763022323308,0.006898389235390498,0.10586722480276131,0.18606699078674585,0.051300555456602594,0.8069406180373598,0.12053867778782679,0.9988146340043099,3.3300400514877033,0.0011853659956899806
100,10,inside-avg,10,U+chi+w,5717,0.4384677429916337,0.12539756738766417,0.08216096922377591,0.9964474188948919,0.07035249648008234,0.7656008316511247,1.6178304203022833,9.40019405038288e-05,0.643769391381295,0.006898389235390498,0.10658288783184311,0.18606699078674585,0.0516131547040778,0.8069406180373598,0.12152114569314798,0.9988146340043099,3.391753047579125,0.0011853659956899806
200,20,open-outside,2,U,142840,1.3958406549645588,-0.20135084843784956,-0.11369510604576927,0.9918047232796233,0.09554381216331537,0.2936564461803002,0.11826859316213253,9.40019405038288e-05,-0.13714311217949224,0.006898389235390498,-0.13444581218812776,0.18606699078674585,-0.07122981168958724,0.8069406180373598,-0.20154468888009947,0.9988146340043099,-0.038016763366174544,0.0011853659956899806
200,20,open-outside,2,U+chi,142840,1.3958406549645588,-0.20100571381604448,-0.11572018044441801,0.9929256141774623,0.09714249013609534,0.29857515111820665,-0.33077396104507667,9.40019405038288e-05,-0.15556690231500514,0.006898389235390498,-0.13770826539058084,0.18606699078674585,-0.07128755916191573,0.8069406180373598,-0.2009713208549564,0.9988146340043099,-0.22998595533334287,0.0011853659956899806
200,20,open-outside,2,U+chi+w,142840,1.3958406549645588,-0.1986065230199766,-0.11261504945498224,0.9929597631764073,0.09504089627902049,0.286472221970765,-0.10994241287761392,9.40019405038288e-05,-0.07747063800825353,0.006898389235390498,-0.13263965305527883,0.18606699078674585,-0.07078510884411249,0.8069406180373598,-0.19873258294629825,0.9988146340043099,-0.09238574426512858,0.0011853659956899806
200,20,open-outside,5,U,22848,0.30391523602884263,-0.18563572866575384,-0.10209835772670128,0.9919579989291464,0.08724729909782064,0.2908090838236168,0.29733106295172995,9.40019405038288e-05,-0.07382373402331258,0.006898389235390498,-0.11600888629674991,0.18606699078674585,-0.06338706921653653,0.8069406180373598,-0.1859576421653799,0.9988146340043099,0.0856154422631703,0.0011853659956899806
200,20,open-outside,5,U+chi,22848,0.30391523602884263,-0.1853491774888434,-0.10412479394214702,0.9931025871149225,0.08745503856696644,0.28771901639906505,-0.17411239457937125,9.40019405038288e-05,-0.09628715957297637,0.006898389235390498,-0.11725363884083162,0.18606699078674585,-0.06324457926860227,0.8069406180373598,-0.18541668396858757,0.9988146340043099,-0.12846677989698596,0.0011853659956899806
200,20,open-outside,5,U+chi+w,22848,0.30391523602884263,-0.1829104395184602,-0.10101966295271136,0.9931577998681835,0.08665572755719696,0.28686601962627406,0.057891521190384015,9.40019405038288e-05,-0.011675998550827557,0.006898389235390498,-0.11279321749709391,0.18606699078674585,-0.06303553755099256,0.8069406180373598,-0.18314513518448272,0.9988146340043099,0.0148491272424498,0.0011853659956899806
200,20,open-outside,10,U,5717,0.31111878098454326,-0.15400643879075837,-0.0796156254283249,0.9925043175947678,0.07219877327103875,0.30542580132274233,0.6717008472595083,9.40019405038288e-05,0.04745806240834303,0.006898389235390498,-0.08358395960268764,0.18606699078674585,-0.04860323862789319,0.8069406180373598,-0.15468662870694616,0.9988146340043099,0.41913607133774056,0.0011853659956899806
200,20,open-outside,10,U+chi,5717,0.31111878098454326,-0.153630017501161,-0.08134726123026648,0.9937270478751703,0.07152041622187576,0.2780410827709884,0.2125296911538295,9.40019405038288e-05,0.02847424555488459,0.006898389235390498,-0.08359300566663277,0.18606699078674585,-0.048390776418367434,0.8069406180373598,-0.15398755894061955,0.9988146340043099,0.147642014337781,0.0011853659956899806
200,20,open-outside,10,U+chi+w,5717,0.31111878098454326,-0.1511194885774786,-0.07824213024083071,0.9938274803842533,0.07127386944899933,0.2950904752884665,0.3327194322214212,9.40019405038288e-05,0.11051842968468577,0.006898389235390498,-0.07998855837727059,0.18606699078674585,-0.0481066651993762,0.8069406180373598,-0.15165238840806794,0.9988146340043099,0.29791325842769667,0.0011853659956899806
200,20,extrapolated,2,U,142840,1.3510770670836791,-0.06711652313043937,-0.02665138710193582,0.9938919830502732,0.041631845893640614,0.3345024916292879,0.5048003988810763,9.40019405038288e-05,0.14615538475166145,0.006898389235390498,-0.0008844764063537045,0.18606699078674585,-0.010196348480435533,0.8069406180373598,-0.06797325806353316,0.9988146340043099,0.6547865783153128,0.0011853659956899806
200,20,extrapolated,2,U+chi,142840,1.3510770670836791,-0.0666919606765175,-0.02936799601937934,0.9950017304597654,0.03971459733178347,0.30015338007072184,-0.0059978158108995325,9.40019405038288e-05,0.10901396140031305,0.006898389235390498,-0.003838762882391197,0.18606699078674585,-0.009842495967905696,0.8069406180373598,-0.06717800300588561,0.9988146340043099,0.3428576578240643,0.0011853659956899806
200,20,extrapolated,2,U+chi+w,142840,1.3510770670836791,-0.06396489189865961,-0.02626286502994346,0.9950390907022058,0.040298952229119174,0.3419221478608912,0.13489867719138107,9.40019405038288e-05,0.18618940712070794,0.006898389235390498,0.0002180138620865596,0.18606699078674585,-0.009252367695913144,0.8069406180373598,-0.06465313156714159,0.9988146340043099,0.515960510957078,0.0011853659956899806
200,20,extrapolated,5,U,22848,0.3035483720013872,-0.044618162547408136,-0.011429987101468253,0.9940097520743626,0.03974966867227557,0.40047162529571784,0.7556321111038696,9.40019405038288e-05,0.23342720699495026,0.006898389235390498,0.023116187622190545,0.18606699078674585,-0.0004289134443612615,0.8069406180373598,-0.04572162704625604,0.9988146340043099,0.8851845258720363,0.0011853659956899806
200,20,extrapolated,5,U+chi,22848,0.3035483720013872,-0.044280170139042285,-0.014145115953289822,0.9951538513936596,0.03778772674531445,0.34460011171262894,0.19864707183098868,9.40019405038288e-05,0.18977394543358608,0.006898389235390498,0.019705054446469833,0.18606699078674585,-3.854188394759864e-05,0.8069406180373598,-0.044970126558052326,0.9988146340043099,0.5370918032755188,0.0011853659956899806
200,20,extrapolated,5,U+chi+w,22848,0.3035483720013872,-0.041499970705399125,-0.011039984963854055,0.9952065086049611,0.03806176555204724,0.40899969751863235,0.39736286577485314,9.40019405038288e-05,0.2682143722073308,0.006898389235390498,0.0244367982090822,0.18606699078674585,0.0005174172065991381,0.8069406180373598,-0.04240176641791493,0.9988146340043099,0.7183723031900378,0.0011853659956899806
200,20,extrapolated,10,U,5717,0.36254440795164555,0.0019143208200627093,0.0186298316373672,0.9944574452103023,0.046284992634514834,0.5383841073520619,1.2464805540376334,9.40019405038288e-05,0.4050777425846795,0.006898389235390498,0.06763925889327647,0.18606699078674585,0.018639790487407226,0.8069406180373598,0.00013095489813363947,0.9988146340043099,1.5046164289320307,0.0011853659956899806
200,20,extrapolated,10,U+chi,5717,0.36254440795164555,0.002316849487329131,0.0162960356772357,0.995700904539436,0.044232519690973665,0.4859769785233771,0.7138330931494482,9.40019405038288e-05,0.3591463428967612,0.006898389235390498,0.06702950248220663,0.18606699078674585,0.01890686312059979,0.8069406180373598,0.0010537707692828135,0.9988146340043099,1.0666138784817054,0.0011853659956899806
200,20,extrapolated,10,U+chi+w,5717,0.36254440795164555,0.005194886992765602,0.019401166666671354,0.9957442682345402,0.04453121724291825,0.546664356841752,0.7708118144568357,9.40019405038288e-05,0.44091436950303237,0.006898389235390498,0.07246063145569787,0.18606699078674585,0.01948651006961196,0.8069406180373598,0.003708096643016745,0.9988146340043099,1.2579961014912255,0.0011853659956899806
200,20,inside-avg,2,U,142840,1.349151624017395,0.003921236984370191,0.01445789446000445,0.9961852205797618,0.032533840940987255,0.44520337057953296,0.8657917591084758,9.40019405038288e-05,0.3364311620696259,0.006898389235390498,0.04509702284968005,0.18606699078674585,0.012221769828000873,0.8069406180373598,0.0023755276423889082,0.9988146340043099,1.3063688492002856,0.0011853659956899806
200,20,inside-avg,2,U+chi,142840,1.349151624017395,0.0045035865719886825,0.011141309421932366,0.9971466942436079,0.029580401249743583,0.37810672307372123,0.2062732655416929,9.40019405038288e-05,0.2630730638471082,0.006898389235390498,0.040426110341478125,0.18606699078674585,0.012345899631004915,0.8069406180373598,0.0034732415880833756,0.9988146340043099,0.872694214394669,0.0011853659956899806
200,20,inside-avg,2,U+chi+w,142840,1.349151624017395,0.007446198999245812,0.014246440411368022,0.9970917581267286,0.03005770238287228,0.44863891517758697,0.3340977008942821,9.40019405038288e-05,0.33070764856092705,0.006898389235390498,0.04356006384842229,0.18606699078674585,0.012934420404409574,0.8069406180373598,0.006175163244549697,0.9988146340043099,1.0784479965447114,0.0011853659956899806
200,20,inside-avg,5,U,22848,0.30183483997825533,0.028782772426838354,0.03070172785105041,0.9961962061381008,0.04009363677272883,0.5575143504402841,1.1388662392593472,9.40019405038288e-05,0.4399657837668227,0.006898389235390498,0.06821583176288298,0.18606699078674585,0.022328407801231274,0.8069406180373598,0.026890187692486744,0.9988146340043099,1.6235149780387133,0.0011853659956899806
200,20,inside-avg,5,U+chi,22848,0.30183483997825533,0.029249355371030905,0.02739540511746208,0.9971815605338925,0.038618361700147534,0.46855572879332985,0.5224174648118375,9.40019405038288e-05,0.36798554860552596,0.006898389235390498,0.06498532369862964,0.18606699078674585,0.021850805073347836,0.8069406180373598,0.027930772645100577,0.9988146340043099,1.140315243538486,0.0011853659956899806
200,20,inside-avg,5,U+chi+w,22848,0.30183483997825533,0.032250646628869006,0.030500536106897957,0.9971400938213127,0.0395534197717122,0.5465667015638865,0.609450139959578,9.40019405038288e-05,0.42538340614334924,0.006898389235390498,0.06701827337497905,0.18606699078674585,0.0225081627773934,0.8069406180373598,0.03067958415667804,0.9988146340043099,1.3560613463327909,0.0011853659956899806
200,20,inside-avg,10,U,5717,0.3099156259559095,0.08061093915019235,0.06293575236108451,0.9961212666304337,0.06335103449181477,0.7748908715058761,1.8108984149810183,9.40019405038288e-05,0.6382577261543643,0.006898389235390498,0.1098220206982151,0.18606699078674585,0.041518495666351726,0.8069406180373598,0.07774317772637751,0.9988146340043099,2.4970477927078543,0.0011853659956899806
200,20,inside-avg,10,U+chi,5717,0.3099156259559095,0.0811067208341909,0.060093279299197944,0.99722091699838,0.06305588092836498,0.669560186095689,1.0623594870866309,9.40019405038288e-05,0.5800100252647452,0.006898389235390498,0.10888199995468838,0.18606699078674585,0.041506724568786846,0.8069406180373598,0.078954140603265,0.9988146340043099,1.8949166692676847,0.0011853659956899806
200,20,inside-avg,10,U+chi+w,5717,0.3099156259559095,0.0842165584211092,0.0631984102886336,0.9971680376992992,0.06432860038881001,0.7319802077911317,1.0836811262033228,9.40019405038288e-05,0.6301139662790812,0.006898389235390498,0.11135453349529464,0.18606699078674585,0.04199705210012409,0.8069406180373598,0.08179556965356416,0.9988146340043099,2.124193256400088,0.0011853659956899806
