window,L_m,n,inside,bldg_per_ha,open_frac,sxx,syy,sxy,s_major,s_minor,aniso,angle_deg,cg_iters,cg_s,direct_s,max_abs_diff,rel_diff
A dense,25,50,1.0,128.0,0.666375,0.43190084158601877,0.21830410414166085,-0.006450821459795782,0.4320954850619486,0.218109460665731,1.9810946473530882,178.27171359091008,50,0.007380831986665726,0.008428851957432926,4.017727123217796e-12,9.302429484656609e-12
A dense,50,100,1.0,176.0,0.63436875,0.3299168429154732,0.29813198624692827,-0.013722357814970729,0.335021375846157,0.29302745331624447,1.1433105398646433,159.5954744835636,53,0.02211582299787551,0.02959682501386851,5.983245149332461e-12,1.8135615922056436e-11
A dense,100,200,1.0,162.0,0.6744953125,0.3681012889776219,0.40295201892864585,-0.008633555222546288,0.4049735462578328,0.366079761648435,1.1062440175175525,103.17826635311432,72,0.12975074793212116,0.1457343070069328,1.758284490227524e-11,4.3635083276226835e-11
A dense,200,400,1.0,168.5,0.64440703125,0.3247869310042737,0.33615151526946496,-0.005427835077046083,0.3383273296202259,0.3226111166535128,1.0487156584365085,111.8439873972513,118,1.206415361026302,0.634351524990052,1.5011989047686303e-11,4.465840064904098e-11
A dense,300,600,0.9471833333333334,139.22222222222223,0.6770739583333333,0.3557051315629086,0.3855364765534436,0.0003454669609098747,0.38554047675589836,0.3557011313604538,1.083888812164633,89.336595097516,148,3.8057885239832103,2.151792629971169,2.7998621325055206e-11,7.262249625599235e-11
B dense-SW,25,50,1.0,112.0,0.796125,0.462413444759301,0.6373982200477327,-0.022784809066451917,0.6403163706160527,0.45949529419098106,1.3935210625898524,97.29838990902972,47,0.006576139945536852,0.009142012102529407,3.113630187012717e-11,4.884905682321399e-11
B dense-SW,50,100,1.0,136.0,0.7698875,0.4893412881296755,0.5462510719210958,-0.035993992058388324,0.5636791652933024,0.4719131947574688,1.1944551912412515,115.83601087540801,61,0.02499673899728805,0.037648811005055904,4.381645740680895e-11,8.021303693320354e-11
B dense-SW,100,200,1.0,136.0,0.7662609375,0.47711834616614324,0.5455119465475604,-0.03789464568160314,0.562358513356076,0.46027177935762764,1.221796639674334,113.9681729253051,72,0.12392973096575588,0.1951278579654172,4.838796030526282e-12,8.870192598255774e-12
B dense-SW,200,400,1.0,120.5,0.78589296875,0.5283466803682965,0.5722439606914979,-0.013876986933406363,0.576262868956604,0.5243277721031905,1.0990508220556212,106.15152241851983,80,0.7974086659960449,1.2067438289523125,1.5050381080294883e-11,2.630063768975036e-11
B dense-SW,300,600,1.0,122.88888888888889,0.7785970486111111,0.522705467081405,0.5611895803138276,-0.009725261869029746,0.5635076132438749,0.5203874341513578,1.0828616839352339,103.40640410570681,91,2.3805378639372066,3.6334008859703317,2.309420710222554e-11,4.115223787531939e-11
C median-NW,25,50,1.0,224.0,0.68385,0.4064594245779981,0.42480721531595844,0.04399059613588318,0.4605703081040786,0.37069633178987793,1.2424463600172446,50.889878709625485,38,0.005107067991048098,0.006971747032366693,5.515984891069081e-11,1.2984677972021872e-10
C median-NW,50,100,1.0,128.0,0.77524375,0.5352930707543675,0.5629360578154732,0.006361094889971159,0.5643295967073088,0.5338995318625319,1.056995863507541,77.64329761608818,45,0.016700593987479806,0.03490780899301171,1.0454411641935835e-11,1.8571224025878115e-11
C median-NW,100,200,1.0,128.0,0.7612109375,0.5080836443555492,0.5491261170901619,-0.011269678870136478,0.5520169887842596,0.5051927726614515,1.092685839261178,104.38716878349418,60,0.10181825491599739,0.1838558049639687,6.107499922469728e-12,1.1122217159936911e-11
C median-NW,200,400,1.0,131.75,0.756680859375,0.48835921827631573,0.5271415609926701,-0.014334065041783473,0.5318643471542421,0.48363643211474366,1.099719359082643,108.23601216650349,88,0.8715647310018539,1.0315999739104882,6.899713439478816e-12,1.3088919466880604e-11
C median-NW,300,600,0.9871416666666667,121.77777777777777,0.7778222222222222,0.5193736622557127,0.5640187069622152,-0.012136689703752899,0.5671047312257341,0.5162876379921938,1.0984278713919327,104.26639766817748,92,2.394054566975683,3.565068950993009,6.3857009957590805e-12,1.132178936076816e-11
D sparse,25,50,1.0,0.0,1.0,1.0,1.0,0.0,1.0,1.0,1.0,90.0,1,0.0004703700542449951,0.01430234091822058,0.0,0.0
D sparse,50,100,1.0,0.0,0.9997125,0.9992784116263874,0.999679740897533,7.155734338404329e-22,0.999679740897533,0.9992784116263874,1.0004016190748006,90.0,6,0.0031109220581129193,0.09445911296643317,1.3942839938163586e-20,1.3947306690085986e-20
D sparse,100,200,1.0,43.0,0.894796875,0.49808845657735246,0.7983105166164588,-0.012581635175360862,0.798836862029489,0.49756211116432225,1.6055017938567862,92.39553887634426,63,0.10826678306329995,0.3195971299428493,2.1451181109188866e-11,2.687072343742512e-11
D sparse,200,400,1.0,84.75,0.7860609375,0.48015050164035644,0.5697235727181811,-0.025202427480226174,0.5763276600250207,0.47354641433351685,1.217045769074529,104.68373600324406,78,0.7939144599949941,1.2778323870152235,7.2717248889020425e-12,1.2763601924014093e-11
D sparse,300,600,0.9388194444444444,95.55555555555556,0.7717456597222222,0.5054750195588148,0.5261815466250663,-0.015699422695325337,0.5346341847920145,0.4970223813918666,1.0756742649995348,118.29821751154239,98,2.517949339002371,3.676404637983069,9.763648223248822e-12,1.8555664458156332e-11
