block_id,stratum,screen_rank,n_stratum,n_sampled,weight,dd_proxy,ob_count,area_ha,survey_cover,survey_label,place,maps,verdict,notes
ZAF.9.3.1_1_30677,top1pct,5,183,31,5.9032,0.102762,683,3.44,0.000,formal,Racing Park,"https://www.google.com/maps/@-33.80759,18.54217,18.2z/data=!3m1!1e3",,
ZAF.9.3.1_1_1434,top1pct,10,183,31,5.9032,0.0899049,437,2.48,1.000,informal,Witsand,"https://www.google.com/maps/@-33.58519,18.50671,19.2z/data=!3m1!1e3",,
ZAF.9.3.1_1_18286,top1pct,11,183,31,5.9032,0.0870921,733,4.90,0.000,formal,Delft,"https://www.google.com/maps/@-33.96737,18.64353,18.5z/data=!3m1!1e3",,
ZAF.9.3.1_1_44798,top1pct,14,183,31,5.9032,0.0827444,453,2.89,1.000,informal,Cape Town Ward 43,"https://www.google.com/maps/@-34.03128,18.57831,18.9z/data=!3m1!1e3",,
ZAF.9.3.1_1_30700,top1pct,21,183,31,5.9032,0.0798739,601,3.43,0.001,formal,Racing Park,"https://www.google.com/maps/@-33.80610,18.53779,18.2z/data=!3m1!1e3",,
ZAF.9.3.1_1_1486,top1pct,24,183,31,5.9032,0.0784987,363,2.05,1.000,informal,Witsand,"https://www.google.com/maps/@-33.58966,18.50193,19.2z/data=!3m1!1e3",,
ZAF.9.3.1_1_41782,top1pct,26,183,31,5.9032,0.0781151,200,0.83,0.000,formal,Philippi,"https://www.google.com/maps/@-34.00498,18.56865,19.5z/data=!3m1!1e3",,
ZAF.9.3.1_1_42779,top1pct,27,183,31,5.9032,0.077767,378,2.33,0.000,formal,Klipfontein,"https://www.google.com/maps/@-34.01424,18.61464,19.2z/data=!3m1!1e3",,
ZAF.9.3.1_1_39073,top1pct,30,183,31,5.9032,0.0770336,353,2.05,0.000,formal,Cape Town Ward 35,"https://www.google.com/maps/@-33.99878,18.59987,19.4z/data=!3m1!1e3",,
ZAF.9.3.1_1_19570,top1pct,35,183,31,5.9032,0.0741233,312,1.66,1.000,informal,Delft South,"https://www.google.com/maps/@-33.98655,18.63330,19.1z/data=!3m1!1e3",,
ZAF.9.3.1_1_20331,top1pct,36,183,31,5.9032,0.0740296,992,8.63,0.987,informal,Enkanini,"https://www.google.com/maps/@-34.05703,18.70001,18.1z/data=!3m1!1e3",,
ZAF.9.3.1_1_44591,top1pct,40,183,31,5.9032,0.0721299,346,2.19,1.000,informal,Cape Town Ward 88,"https://www.google.com/maps/@-34.02002,18.58805,19.2z/data=!3m1!1e3",,
ZAF.9.3.1_1_30708,top1pct,47,183,31,5.9032,0.0664543,352,2.10,1.000,informal,Racing Park,"https://www.google.com/maps/@-33.81109,18.53861,19.0z/data=!3m1!1e3",,
ZAF.9.3.1_1_38985,top1pct,60,183,31,5.9032,0.0624282,232,1.40,0.127,formal,Klipfontein,"https://www.google.com/maps/@-33.99940,18.60957,19.4z/data=!3m1!1e3",,
ZAF.9.3.1_1_41463,top1pct,64,183,31,5.9032,0.0619452,383,2.55,1.000,informal,Cape Town Ward 34,"https://www.google.com/maps/@-34.00281,18.58763,18.6z/data=!3m1!1e3",,
ZAF.9.3.1_1_38453,top1pct,76,183,31,5.9032,0.0579809,472,3.36,1.000,informal,Klipfontein,"https://www.google.com/maps/@-34.00060,18.61323,18.3z/data=!3m1!1e3",,
ZAF.9.1.4_1_4341,top1pct,80,183,31,5.9032,0.0567776,276,1.81,0.000,formal,Stellenbosch Ward 12,"https://www.google.com/maps/@-33.92565,18.84540,19.1z/data=!3m1!1e3",,
ZAF.9.3.1_1_21485,top1pct,86,183,31,5.9032,0.0559642,484,4.19,0.990,informal,Nonqubela (Site B),"https://www.google.com/maps/@-34.01782,18.66457,18.5z/data=!3m1!1e3",,
ZAF.9.3.1_1_42403,top1pct,100,183,31,5.9032,0.0539616,212,1.42,1.000,informal,Sweet Home,"https://www.google.com/maps/@-34.00800,18.56347,19.5z/data=!3m1!1e3",,
ZAF.9.3.1_1_44536,top1pct,101,183,31,5.9032,0.0538337,302,1.84,1.000,informal,Cape Town Ward 88,"https://www.google.com/maps/@-34.01642,18.58637,18.8z/data=!3m1!1e3",,
ZAF.9.3.1_1_20245,top1pct,103,183,31,5.9032,0.0536858,87,0.34,0.000,formal,Enkanini,"https://www.google.com/maps/@-34.05141,18.70483,19.5z/data=!3m1!1e3",,
ZAF.9.3.1_1_38452,top1pct,113,183,31,5.9032,0.0524548,386,2.77,0.180,formal,Klipfontein,"https://www.google.com/maps/@-33.99950,18.61213,18.3z/data=!3m1!1e3",,
ZAF.9.3.1_1_40978,top1pct,137,183,31,5.9032,0.0486998,178,1.18,1.000,informal,Cape Town Ward 40,"https://www.google.com/maps/@-33.97886,18.58027,19.5z/data=!3m1!1e3",,
ZAF.9.3.1_1_19536,top1pct,147,183,31,5.9032,0.0472388,190,1.09,0.994,informal,Delft South,"https://www.google.com/maps/@-33.98483,18.63327,19.0z/data=!3m1!1e3",,
ZAF.9.3.1_1_23615,top1pct,156,183,31,5.9032,0.0463308,231,1.70,0.000,formal,Die Bos,"https://www.google.com/maps/@-34.10952,18.85268,19.0z/data=!3m1!1e3",,
ZAF.9.3.1_1_6316,top1pct,160,183,31,5.9032,0.0456706,1419,12.52,0.137,formal,Cape Town Ward 6,"https://www.google.com/maps/@-33.86403,18.73447,17.0z/data=!3m1!1e3",,
ZAF.9.3.1_1_45831,top1pct,162,183,31,5.9032,0.0453137,142,0.64,0.000,formal,Langa,"https://www.google.com/maps/@-33.94258,18.54068,19.4z/data=!3m1!1e3",,
ZAF.9.3.1_1_42404,top1pct,172,183,31,5.9032,0.0438711,150,1.03,1.000,informal,Sweet Home,"https://www.google.com/maps/@-34.00719,18.56343,19.5z/data=!3m1!1e3",,
ZAF.9.3.1_1_30695,top1pct,173,183,31,5.9032,0.043673,335,2.63,0.165,formal,Racing Park,"https://www.google.com/maps/@-33.81493,18.54173,18.3z/data=!3m1!1e3",,
ZAF.9.3.1_1_24179,top1pct,177,183,31,5.9032,0.0434484,180,1.33,0.000,formal,Asanda Village,"https://www.google.com/maps/@-34.10773,18.85098,19.3z/data=!3m1!1e3",,
ZAF.9.3.1_1_24169,top1pct,182,183,31,5.9032,0.0430083,262,1.94,0.000,formal,Longlands,"https://www.google.com/maps/@-34.10549,18.84729,18.8z/data=!3m1!1e3",,
ZAF.9.3.1_1_23692,1to5pct,201,732,31,23.6129,0.0414875,246,1.92,0.051,formal,Nomzamo,"https://www.google.com/maps/@-34.11444,18.85649,18.8z/data=!3m1!1e3",,
ZAF.9.3.1_1_41465,1to5pct,202,732,31,23.6129,0.0413593,267,2.12,0.506,informal,Cape Town Ward 34,"https://www.google.com/maps/@-34.00469,18.58833,18.7z/data=!3m1!1e3",,
ZAF.9.3.1_1_24164,1to5pct,204,732,31,23.6129,0.0412362,171,1.30,0.000,formal,Asanda Village,"https://www.google.com/maps/@-34.10474,18.84975,19.4z/data=!3m1!1e3",,
ZAF.9.3.1_1_55697,1to5pct,239,732,31,23.6129,0.0387609,344,3.16,0.002,formal,Cape Town Ward 67,"https://www.google.com/maps/@-34.08464,18.49053,18.2z/data=!3m1!1e3",,
ZAF.9.3.1_1_21493,1to5pct,283,732,31,23.6129,0.036356,187,1.43,1.000,informal,Nonqubela (Site B),"https://www.google.com/maps/@-34.01646,18.66286,18.8z/data=!3m1!1e3",,
ZAF.9.3.1_1_21708,1to5pct,292,732,31,23.6129,0.0355517,337,4.01,0.748,informal,Victoria Mxenge (Site B),"https://www.google.com/maps/@-34.02838,18.65953,18.9z/data=!3m1!1e3",,
ZAF.9.3.1_1_44917,1to5pct,310,732,31,23.6129,0.0342855,98,0.59,1.000,informal,Cape Town Ward 43,"https://www.google.com/maps/@-34.03256,18.57648,19.5z/data=!3m1!1e3",,
ZAF.9.3.1_1_1435,1to5pct,340,732,31,23.6129,0.0330786,108,0.69,1.000,informal,Witsand,"https://www.google.com/maps/@-33.58782,18.50692,19.4z/data=!3m1!1e3",,
ZAF.9.1.4_1_4314,1to5pct,346,732,31,23.6129,0.032797,86,0.52,0.000,formal,Stellenbosch Ward 12,"https://www.google.com/maps/@-33.91592,18.84208,19.5z/data=!3m1!1e3",,
ZAF.9.3.1_1_46274,1to5pct,398,732,31,23.6129,0.0311538,150,1.13,1.000,informal,Langa,"https://www.google.com/maps/@-33.94974,18.53783,18.9z/data=!3m1!1e3",,
ZAF.9.3.1_1_21829,1to5pct,403,732,31,23.6129,0.0310501,215,2.57,0.000,formal,Khaya,"https://www.google.com/maps/@-34.04041,18.66595,19.1z/data=!3m1!1e3",,
ZAF.9.3.1_1_20659,1to5pct,412,732,31,23.6129,0.0307659,134,1.21,0.000,formal,Kuyasa,"https://www.google.com/maps/@-34.05396,18.69295,19.5z/data=!3m1!1e3",,
ZAF.9.3.1_1_39419,1to5pct,421,732,31,23.6129,0.0305148,87,0.58,0.000,formal,Cape Town Ward 88,"https://www.google.com/maps/@-34.00893,18.59525,19.5z/data=!3m1!1e3",,
ZAF.9.3.1_1_44860,1to5pct,451,732,31,23.6129,0.029543,333,3.10,0.081,formal,Cape Town Ward 33,"https://www.google.com/maps/@-34.01926,18.57556,18.7z/data=!3m1!1e3",,
ZAF.9.3.1_1_5589,1to5pct,453,732,31,23.6129,0.0294747,83,0.64,0.000,formal,Kraaifontein East,"https://www.google.com/maps/@-33.84120,18.74492,19.5z/data=!3m1!1e3",,
ZAF.9.3.1_1_21254,1to5pct,480,732,31,23.6129,0.0287128,52,0.33,1.000,informal,Barnet Molokwana Corner,"https://www.google.com/maps/@-34.02010,18.67149,19.5z/data=!3m1!1e3",,
ZAF.9.3.1_1_55723,1to5pct,489,732,31,23.6129,0.0285398,129,1.13,1.000,informal,Cape Town Ward 67,"https://www.google.com/maps/@-34.08034,18.48885,19.5z/data=!3m1!1e3",,
ZAF.9.3.1_1_20128,1to5pct,501,732,31,23.6129,0.0282983,405,4.03,0.986,informal,Sandvlei,"https://www.google.com/maps/@-34.05622,18.71336,18.1z/data=!3m1!1e3",,
ZAF.9.3.1_1_23631,1to5pct,545,732,31,23.6129,0.0272239,106,0.96,0.000,formal,Nomzamo,"https://www.google.com/maps/@-34.11257,18.86119,19.5z/data=!3m1!1e3",,
ZAF.9.3.1_1_19261,1to5pct,613,732,31,23.6129,0.0259564,86,0.76,0.000,formal,Voorbrug,"https://www.google.com/maps/@-33.97988,18.64003,19.5z/data=!3m1!1e3",,
ZAF.9.1.4_1_2698,1to5pct,628,732,31,23.6129,0.0257161,67,0.42,0.000,formal,Stellenbosch Ward 18,"https://www.google.com/maps/@-33.81654,18.86309,19.5z/data=!3m1!1e3",,
ZAF.9.3.1_1_18819,1to5pct,630,732,31,23.6129,0.0256812,154,1.33,0.000,formal,Cape Town Ward 114,"https://www.google.com/maps/@-34.00034,18.67495,18.8z/data=!3m1!1e3",,
ZAF.9.3.1_1_41773,1to5pct,689,732,31,23.6129,0.024391,122,0.96,1.000,informal,Philippi,"https://www.google.com/maps/@-34.00784,18.57137,18.9z/data=!3m1!1e3",,
ZAF.9.3.1_1_43860,1to5pct,709,732,31,23.6129,0.0240139,285,4.92,0.000,formal,Westridge,"https://www.google.com/maps/@-34.04343,18.60354,18.6z/data=!3m1!1e3",,
ZAF.9.3.1_1_21683,1to5pct,789,732,31,23.6129,0.0229897,385,3.99,0.610,informal,Victoria Mxenge (Site B),"https://www.google.com/maps/@-34.02823,18.66065,18.6z/data=!3m1!1e3",,
ZAF.9.3.1_1_40966,1to5pct,796,732,31,23.6129,0.0228323,39,0.24,1.000,informal,Cape Town Ward 40,"https://www.google.com/maps/@-33.97880,18.58132,19.5z/data=!3m1!1e3",,
ZAF.9.3.1_1_43648,1to5pct,840,732,31,23.6129,0.0224359,124,1.17,0.289,formal,Cape Town Ward 88,"https://www.google.com/maps/@-34.01593,18.59874,19.4z/data=!3m1!1e3",,
ZAF.9.3.1_1_21024,1to5pct,845,732,31,23.6129,0.0223767,115,1.28,0.000,formal,Kuyasa,"https://www.google.com/maps/@-34.05769,18.69284,19.4z/data=!3m1!1e3",,
ZAF.9.3.1_1_38866,1to5pct,847,732,31,23.6129,0.0223309,68,0.58,0.000,formal,Crossroads,"https://www.google.com/maps/@-33.98933,18.59718,19.5z/data=!3m1!1e3",,
ZAF.9.3.1_1_41146,1to5pct,851,732,31,23.6129,0.0222631,160,1.77,0.000,formal,Cape Town Ward 40,"https://www.google.com/maps/@-33.97481,18.57397,18.7z/data=!3m1!1e3",,
ZAF.9.3.1_1_39362,1to5pct,888,732,31,23.6129,0.0218893,63,0.48,0.000,formal,Cape Town Ward 88,"https://www.google.com/maps/@-34.00478,18.59753,19.5z/data=!3m1!1e3",,
ZAF.9.1.2_1_2865,5to10pct,948,915,25,36.6,0.0212929,77,0.64,0.000,formal,Drakenstein Ward 18,"https://www.google.com/maps/@-33.66026,18.98611,19.5z/data=!3m1!1e3",,
ZAF.9.3.1_1_20634,5to10pct,951,915,25,36.6,0.0212557,198,2.66,0.000,formal,Kuyasa,"https://www.google.com/maps/@-34.04752,18.69133,18.7z/data=!3m1!1e3",,
ZAF.9.1.2_1_3762,5to10pct,995,915,25,36.6,0.0208472,89,0.96,0.000,formal,Drakenstein Ward 9,"https://www.google.com/maps/@-33.67425,18.99452,19.5z/data=!3m1!1e3",,
ZAF.9.3.1_1_45918,5to10pct,1048,915,25,36.6,0.0203848,118,1.25,0.825,informal,Langa,"https://www.google.com/maps/@-33.94768,18.53733,19.0z/data=!3m1!1e3",,
ZAF.9.3.1_1_18458,5to10pct,1100,915,25,36.6,0.0200919,105,1.17,0.000,formal,Cape Town Ward 106,"https://www.google.com/maps/@-33.96947,18.63321,19.2z/data=!3m1!1e3",,
ZAF.9.3.1_1_41676,5to10pct,1190,915,25,36.6,0.019539,48,0.40,0.000,formal,Philippi,"https://www.google.com/maps/@-34.00503,18.57678,19.5z/data=!3m1!1e3",,
ZAF.9.3.1_1_41640,5to10pct,1200,915,25,36.6,0.0195038,147,1.83,0.000,formal,Cape Town Ward 38,"https://www.google.com/maps/@-33.99401,18.56829,19.0z/data=!3m1!1e3",,
ZAF.9.3.1_1_38563,5to10pct,1259,915,25,36.6,0.0191699,107,1.09,0.000,formal,Klipfontein,"https://www.google.com/maps/@-34.01343,18.61479,18.9z/data=!3m1!1e3",,
ZAF.9.3.1_1_38351,5to10pct,1262,915,25,36.6,0.0191598,59,0.58,0.000,formal,Klipfontein,"https://www.google.com/maps/@-34.00723,18.62348,19.5z/data=!3m1!1e3",,
ZAF.9.3.1_1_6224,5to10pct,1270,915,25,36.6,0.0191016,55,0.52,0.000,formal,Cape Town Ward 6,"https://www.google.com/maps/@-33.85858,18.72878,19.5z/data=!3m1!1e3",,
ZAF.9.3.1_1_23489,5to10pct,1272,915,25,36.6,0.0190952,99,1.05,0.000,formal,Rusthof,"https://www.google.com/maps/@-34.11682,18.86585,19.2z/data=!3m1!1e3",,
ZAF.9.3.1_1_6319,5to10pct,1392,915,25,36.6,0.0183935,133,1.61,0.124,formal,Cape Town Ward 6,"https://www.google.com/maps/@-33.86206,18.73372,18.7z/data=!3m1!1e3",,
ZAF.9.3.1_1_30829,5to10pct,1404,915,25,36.6,0.0183444,67,0.59,0.000,formal,Racing Park,"https://www.google.com/maps/@-33.82282,18.54026,19.5z/data=!3m1!1e3",,
ZAF.9.3.1_1_42217,5to10pct,1434,915,25,36.6,0.0182222,149,2.03,0.000,formal,Cape Town Ward 38,"https://www.google.com/maps/@-33.99208,18.56639,18.7z/data=!3m1!1e3",,
ZAF.9.3.1_1_5721,5to10pct,1479,915,25,36.6,0.0179795,47,0.40,0.000,formal,Kraaifontein East,"https://www.google.com/maps/@-33.85246,18.74326,19.5z/data=!3m1!1e3",,
ZAF.9.3.1_1_5621,5to10pct,1501,915,25,36.6,0.0178362,126,1.31,0.000,formal,Kraaifontein East,"https://www.google.com/maps/@-33.84726,18.74453,19.3z/data=!3m1!1e3",,
ZAF.9.3.1_1_5570,5to10pct,1516,915,25,36.6,0.0177558,31,0.24,0.000,formal,Kraaifontein East,"https://www.google.com/maps/@-33.84724,18.74874,19.5z/data=!3m1!1e3",,
ZAF.9.3.1_1_38511,5to10pct,1517,915,25,36.6,0.017752,73,0.78,0.000,formal,Klipfontein,"https://www.google.com/maps/@-34.01149,18.61699,19.5z/data=!3m1!1e3",,
ZAF.9.3.1_1_43433,5to10pct,1525,915,25,36.6,0.0177021,68,0.68,0.000,formal,Klipfontein,"https://www.google.com/maps/@-34.01603,18.60966,19.5z/data=!3m1!1e3",,
ZAF.9.3.1_1_17102,5to10pct,1584,915,25,36.6,0.0174717,42,0.33,1.000,informal,Cape Town Ward 16,"https://www.google.com/maps/@-34.00055,18.67937,19.5z/data=!3m1!1e3",,
ZAF.9.3.1_1_5606,5to10pct,1684,915,25,36.6,0.0170261,83,0.88,0.000,formal,Kraaifontein East,"https://www.google.com/maps/@-33.84807,18.74734,19.2z/data=!3m1!1e3",,
ZAF.9.3.1_1_41683,5to10pct,1728,915,25,36.6,0.0167955,55,0.52,0.222,formal,Philippi,"https://www.google.com/maps/@-34.00707,18.57588,19.5z/data=!3m1!1e3",,
ZAF.9.3.1_1_20047,5to10pct,1744,915,25,36.6,0.0167325,176,2.35,0.000,formal,Umrhabulo Triangle (Makhaza),"https://www.google.com/maps/@-34.04165,18.71025,19.1z/data=!3m1!1e3",,
ZAF.9.3.1_1_1493,5to10pct,1758,915,25,36.6,0.0166969,63,0.72,0.000,formal,Witsand,"https://www.google.com/maps/@-33.59101,18.50336,19.5z/data=!3m1!1e3",,
ZAF.9.3.1_1_19349,5to10pct,1793,915,25,36.6,0.0165613,38,0.33,0.000,formal,Delft South,"https://www.google.com/maps/@-33.97347,18.63306,19.5z/data=!3m1!1e3",,
ZAF.9.3.1_1_6289,10to30pct,2189,3662,25,146.48,0.0151347,41,0.38,1.000,informal,Cape Town Ward 6,"https://www.google.com/maps/@-33.86055,18.74173,19.5z/data=!3m1!1e3",no-dense-informal,cover 1.000 yet formal to human+agent+morphology; upgrading candidate
ZAF.9.3.1_1_5706,10to30pct,2219,3662,25,146.48,0.0150412,1347,18.40,0.000,formal,Kraaifontein East,"https://www.google.com/maps/@-33.84913,18.74507,16.1z/data=!3m1!1e3",some-dense-informal,hard case; 18.4 ha mixed; adjudicator notes a single label is lossy here
ZAF.9.3.1_1_44533,10to30pct,2295,3662,25,146.48,0.0148626,62,0.75,0.589,informal,Cape Town Ward 88,"https://www.google.com/maps/@-34.01892,18.58870,19.5z/data=!3m1!1e3",,
ZAF.9.1.2_1_3710,10to30pct,2479,3662,25,146.48,0.0143567,100,1.22,0.000,formal,Drakenstein Ward 5,"https://www.google.com/maps/@-33.66604,18.98731,18.7z/data=!3m1!1e3",some-dense-informal,"unambiguous shack fabric; thin strip, tracks both sides; low depth"
ZAF.9.3.1_1_731,10to30pct,2493,3662,25,146.48,0.0143059,79,1.04,0.000,formal,Saxonsea,"https://www.google.com/maps/@-33.55089,18.49935,19.2z/data=!3m1!1e3",,
ZAF.9.3.1_1_39399,10to30pct,2702,3662,25,146.48,0.013776,122,2.40,0.037,formal,Cape Town Ward 88,"https://www.google.com/maps/@-34.00996,18.59763,19.2z/data=!3m1!1e3",,
ZAF.9.3.1_1_44525,10to30pct,2902,3662,25,146.48,0.0133572,151,2.63,0.000,formal,Cape Town Ward 43,"https://www.google.com/maps/@-34.07388,18.58960,18.7z/data=!3m1!1e3",,
ZAF.9.3.1_1_55731,10to30pct,3042,3662,25,146.48,0.0130671,123,1.79,0.000,formal,Cape Town Ward 67,"https://www.google.com/maps/@-34.08320,18.48754,19.2z/data=!3m1!1e3",some-dense-informal,
ZAF.9.3.1_1_39914,10to30pct,3147,3662,25,146.48,0.0128506,99,1.62,0.000,formal,Bishop Lavis,"https://www.google.com/maps/@-33.95261,18.57995,18.9z/data=!3m1!1e3",,
ZAF.9.3.1_1_22092,10to30pct,3258,3662,25,146.48,0.0126886,92,1.29,0.000,formal,Khaya,"https://www.google.com/maps/@-34.04214,18.65627,18.8z/data=!3m1!1e3",,
ZAF.9.3.1_1_18099,10to30pct,3387,3662,25,146.48,0.0124432,73,0.96,0.000,formal,Voorbrug,"https://www.google.com/maps/@-33.96779,18.64654,19.1z/data=!3m1!1e3",,
ZAF.9.3.1_1_37813,10to30pct,3751,3662,25,146.48,0.0117558,61,0.97,0.000,formal,Eureka,"https://www.google.com/maps/@-33.93913,18.59250,19.5z/data=!3m1!1e3",,
ZAF.9.3.1_1_40760,10to30pct,3873,3662,25,146.48,0.0115492,74,1.26,0.000,formal,Cape Town Ward 31,"https://www.google.com/maps/@-33.95571,18.55331,19.3z/data=!3m1!1e3",,
ZAF.9.3.1_1_48247,10to30pct,4380,3662,25,146.48,0.0107796,66,1.23,0.000,formal,Hanover Park,"https://www.google.com/maps/@-33.99859,18.52298,19.5z/data=!3m1!1e3",,
ZAF.9.3.1_1_18184,10to30pct,4473,3662,25,146.48,0.0106469,95,1.64,0.000,formal,The Hague,"https://www.google.com/maps/@-33.95464,18.63609,19.1z/data=!3m1!1e3",some-dense-informal,informal fabric; through-road; low depth
ZAF.9.3.1_1_18202,10to30pct,4616,3662,25,146.48,0.0104255,30,0.37,0.000,formal,Cape Town Ward 13,"https://www.google.com/maps/@-33.95436,18.63402,19.5z/data=!3m1!1e3",,
ZAF.9.3.1_1_18730,10to30pct,4668,3662,25,146.48,0.0103587,103,1.61,0.000,formal,Wesbank,"https://www.google.com/maps/@-33.97584,18.65577,18.5z/data=!3m1!1e3",,
ZAF.9.3.1_1_18990,10to30pct,4692,3662,25,146.48,0.0103293,55,0.72,0.000,formal,Wesbank,"https://www.google.com/maps/@-33.97388,18.65429,19.1z/data=!3m1!1e3",,
ZAF.9.3.1_1_20496,10to30pct,4795,3662,25,146.48,0.0101896,46,0.62,0.000,formal,Umrhabulo Triangle (Makhaza),"https://www.google.com/maps/@-34.03965,18.69655,19.5z/data=!3m1!1e3",some-dense-informal,informal fabric but a 2-row strip with a street on each side; low depth
ZAF.9.3.1_1_40094,10to30pct,4862,3662,25,146.48,0.0100911,41,0.59,0.013,formal,Nooitgedacht,"https://www.google.com/maps/@-33.95465,18.57133,19.5z/data=!3m1!1e3",,
ZAF.9.3.1_1_37124,10to30pct,5128,3662,25,146.48,0.00972182,63,1.15,0.000,formal,Belhar,"https://www.google.com/maps/@-33.94657,18.62771,19.5z/data=!3m1!1e3",,
ZAF.9.3.1_1_42863,10to30pct,5152,3662,25,146.48,0.00968369,56,1.01,0.000,formal,Lentegeur,"https://www.google.com/maps/@-34.02749,18.61841,19.5z/data=!3m1!1e3",,
ZAF.9.3.1_1_22028,10to30pct,5242,3662,25,146.48,0.00955757,55,0.82,0.000,formal,Khaya,"https://www.google.com/maps/@-34.04208,18.66215,19.2z/data=!3m1!1e3",,
ZAF.9.3.1_1_35343,10to30pct,5248,3662,25,146.48,0.00955111,82,1.58,0.000,formal,Windermere,"https://www.google.com/maps/@-33.90960,18.52083,19.1z/data=!3m1!1e3",,
ZAF.9.3.1_1_20842,10to30pct,5301,3662,25,146.48,0.0094759,45,0.62,0.000,formal,Kuyasa,"https://www.google.com/maps/@-34.04794,18.68454,19.4z/data=!3m1!1e3",,
ZAF.9.3.1_1_14552,rest,6000,12817,28,457.75,0.00859587,60,1.02,0.000,formal,Macassar Village Estate,"https://www.google.com/maps/@-34.05743,18.75119,19.2z/data=!3m1!1e3",,
ZAF.9.3.1_1_15703,rest,6575,12817,28,457.75,0.00801933,72,1.94,0.000,formal,Highbury,"https://www.google.com/maps/@-33.95013,18.68032,19.2z/data=!3m1!1e3",,
ZAF.9.3.1_1_53959,rest,6789,12817,28,457.75,0.00777953,156,5.75,0.000,formal,Cape Town Ward 65,"https://www.google.com/maps/@-34.04066,18.49959,18.2z/data=!3m1!1e3",,
ZAF.9.3.1_1_19138,rest,6862,12817,28,457.75,0.00772123,39,0.70,0.000,formal,Voorbrug,"https://www.google.com/maps/@-33.98410,18.64886,19.5z/data=!3m1!1e3",,
ZAF.9.3.1_1_44517,rest,7711,12817,28,457.75,0.00698827,56,1.16,0.000,formal,Cape Town Ward 43,"https://www.google.com/maps/@-34.07199,18.59118,19.2z/data=!3m1!1e3",,
ZAF.9.3.1_1_30447,rest,9239,12817,28,457.75,0.00584254,84,2.63,0.000,formal,Cape Town Ward 30,"https://www.google.com/maps/@-33.91596,18.55378,18.5z/data=!3m1!1e3",,
ZAF.9.3.1_1_10642,rest,9471,12817,28,457.75,0.0056647,82,2.84,0.000,formal,Soneike,"https://www.google.com/maps/@-33.91191,18.67999,18.9z/data=!3m1!1e3",,
ZAF.9.3.1_1_24442,rest,9695,12817,28,457.75,0.00550847,65,2.27,0.000,formal,Park Estates,"https://www.google.com/maps/@-34.10875,18.83167,19.0z/data=!3m1!1e3",,
ZAF.9.3.1_1_20856,rest,9741,12817,28,457.75,0.00547231,149,6.96,0.000,formal,Mandela Park (Makaya),"https://www.google.com/maps/@-34.05125,18.68328,18.0z/data=!3m1!1e3",,
ZAF.9.3.1_1_6378,rest,10078,12817,28,457.75,0.00525619,32,0.86,0.000,formal,Cape Town Ward 6,"https://www.google.com/maps/@-33.86917,18.72759,19.5z/data=!3m1!1e3",,
ZAF.9.3.1_1_8249,rest,10139,12817,28,457.75,0.00521389,66,2.11,0.000,formal,Windsor Park,"https://www.google.com/maps/@-33.83943,18.71968,18.7z/data=!3m1!1e3",,
ZAF.9.3.1_1_49583,rest,10525,12817,28,457.75,0.00500961,65,2.42,0.000,formal,Park Estate,"https://www.google.com/maps/@-33.95900,18.49203,18.9z/data=!3m1!1e3",,
ZAF.9.6.5_1_5132,rest,10857,12817,28,457.75,0.00483248,46,1.39,0.000,formal,Swartland Ward 4,"https://www.google.com/maps/@-33.52848,18.59766,19.2z/data=!3m1!1e3",,
ZAF.9.3.1_1_18186,rest,11653,12817,28,457.75,0.00437285,38,1.19,0.000,formal,The Hague,"https://www.google.com/maps/@-33.95681,18.63745,19.4z/data=!3m1!1e3",,
ZAF.9.3.1_1_12698,rest,11835,12817,28,457.75,0.00427867,55,2.02,0.000,formal,Cape Town Ward 10,"https://www.google.com/maps/@-33.89536,18.64157,18.7z/data=!3m1!1e3",,
ZAF.9.3.1_1_47688,rest,12742,12817,28,457.75,0.00374741,43,1.66,0.000,formal,Surrey,"https://www.google.com/maps/@-33.97443,18.53913,19.0z/data=!3m1!1e3",,
ZAF.9.3.1_1_45550,rest,12913,12817,28,457.75,0.00364331,77,3.55,0.000,formal,Cape Town Ward 43,"https://www.google.com/maps/@-34.07321,18.55377,18.7z/data=!3m1!1e3",,
ZAF.9.3.1_1_2118,rest,13146,12817,28,457.75,0.0035123,40,1.69,0.000,formal,Duynefontein,"https://www.google.com/maps/@-33.68701,18.45096,19.1z/data=!3m1!1e3",,
ZAF.9.3.1_1_47935,rest,13332,12817,28,457.75,0.00340598,39,1.39,0.000,formal,Cape Town Ward 48,"https://www.google.com/maps/@-33.98334,18.52772,18.9z/data=!3m1!1e3",,
ZAF.9.3.1_1_43918,rest,13774,12817,28,457.75,0.00316677,41,1.80,0.000,formal,Westridge,"https://www.google.com/maps/@-34.04977,18.60169,18.9z/data=!3m1!1e3",,
ZAF.9.3.1_1_63648,rest,14043,12817,28,457.75,0.00301177,32,1.39,0.000,formal,Cape Town Ward 69,"https://www.google.com/maps/@-34.13236,18.38760,19.3z/data=!3m1!1e3",,
ZAF.9.3.1_1_34115,rest,14120,12817,28,457.75,0.0029708,31,1.34,0.000,formal,Royal Ascot,"https://www.google.com/maps/@-33.86964,18.50242,19.3z/data=!3m1!1e3",,
ZAF.9.3.1_1_16060,rest,14453,12817,28,457.75,0.00276823,196,17.18,0.000,formal,Palm Park,"https://www.google.com/maps/@-33.99285,18.71376,17.3z/data=!3m1!1e3",,
ZAF.9.3.1_1_52741,rest,16272,12817,28,457.75,0.00159421,153,14.61,0.000,formal,Cape Town Ward 43,"https://www.google.com/maps/@-34.05576,18.53293,17.4z/data=!3m1!1e3",,
ZAF.9.3.1_1_34552,rest,17683,12817,28,457.75,0.000370335,67,16.76,0.000,formal,Wingfield,"https://www.google.com/maps/@-33.90988,18.53671,17.2z/data=!3m1!1e3",,
ZAF.9.3.1_1_13364,rest,17722,12817,28,457.75,0.000342621,79,48.55,0.000,formal,Kleinvlei,"https://www.google.com/maps/@-33.97828,18.72347,16.9z/data=!3m1!1e3",,
ZAF.9.1.4_1_8781,rest,17905,12817,28,457.75,0.000185548,62,26.01,0.000,formal,Stellenbosch Ward 11,"https://www.google.com/maps/@-33.95929,18.80689,16.9z/data=!3m1!1e3",,
ZAF.9.3.1_1_5309,rest,18143,12817,28,457.75,5.75507e-05,86,95.60,0.000,formal,Joostenbergvlakte,"https://www.google.com/maps/@-33.82214,18.76011,15.1z/data=!3m1!1e3",,
