method,block,road_density_m_per_ha,benefit
clearance,ZAF.9.3.1_1_5378+ZAF.9.3.1_1_5379+ZAF.9.3.1_1_5513+ZAF.9.3.1...663d08ec,0.0000,0.0000
clearance,ZAF.9.3.1_1_5378+ZAF.9.3.1_1_5379+ZAF.9.3.1_1_5513+ZAF.9.3.1...663d08ec,12.3295,0.0000
clearance,ZAF.9.3.1_1_5378+ZAF.9.3.1_1_5379+ZAF.9.3.1_1_5513+ZAF.9.3.1...663d08ec,25.5015,0.0001
clearance,ZAF.9.3.1_1_5378+ZAF.9.3.1_1_5379+ZAF.9.3.1_1_5513+ZAF.9.3.1...663d08ec,39.0348,0.0001
clearance,ZAF.9.3.1_1_5378+ZAF.9.3.1_1_5379+ZAF.9.3.1_1_5513+ZAF.9.3.1...663d08ec,51.8515,0.0001
clearance,ZAF.9.3.1_1_5378+ZAF.9.3.1_1_5379+ZAF.9.3.1_1_5513+ZAF.9.3.1...663d08ec,64.7271,0.0001
clearance,ZAF.9.3.1_1_5378+ZAF.9.3.1_1_5379+ZAF.9.3.1_1_5513+ZAF.9.3.1...663d08ec,77.9173,0.0001
clearance,ZAF.9.3.1_1_5378+ZAF.9.3.1_1_5379+ZAF.9.3.1_1_5513+ZAF.9.3.1...663d08ec,90.8815,0.0001
clearance,ZAF.9.3.1_1_5378+ZAF.9.3.1_1_5379+ZAF.9.3.1_1_5513+ZAF.9.3.1...663d08ec,103.8642,0.0001
clearance,ZAF.9.3.1_1_5378+ZAF.9.3.1_1_5379+ZAF.9.3.1_1_5513+ZAF.9.3.1...663d08ec,117.0680,0.0001
clearance,ZAF.9.3.1_1_5378+ZAF.9.3.1_1_5379+ZAF.9.3.1_1_5513+ZAF.9.3.1...663d08ec,130.0518,0.0001
clearance,ZAF.9.3.1_1_5378+ZAF.9.3.1_1_5379+ZAF.9.3.1_1_5513+ZAF.9.3.1...663d08ec,143.1948,0.0001
clearance,ZAF.9.3.1_1_5378+ZAF.9.3.1_1_5379+ZAF.9.3.1_1_5513+ZAF.9.3.1...663d08ec,156.1805,0.0001
clearance,ZAF.9.3.1_1_5378+ZAF.9.3.1_1_5379+ZAF.9.3.1_1_5513+ZAF.9.3.1...663d08ec,169.1683,0.0001
clearance,ZAF.9.3.1_1_5378+ZAF.9.3.1_1_5379+ZAF.9.3.1_1_5513+ZAF.9.3.1...663d08ec,182.2035,0.0001
clearance,ZAF.9.3.1_1_5378+ZAF.9.3.1_1_5379+ZAF.9.3.1_1_5513+ZAF.9.3.1...663d08ec,195.0227,0.0002
clearance,ZAF.9.3.1_1_5378+ZAF.9.3.1_1_5379+ZAF.9.3.1_1_5513+ZAF.9.3.1...663d08ec,208.2222,0.0002
clearance,ZAF.9.3.1_1_5378+ZAF.9.3.1_1_5379+ZAF.9.3.1_1_5513+ZAF.9.3.1...663d08ec,221.2509,0.0002
clearance,ZAF.9.3.1_1_5378+ZAF.9.3.1_1_5379+ZAF.9.3.1_1_5513+ZAF.9.3.1...663d08ec,234.3023,0.0002
clearance,ZAF.9.3.1_1_5378+ZAF.9.3.1_1_5379+ZAF.9.3.1_1_5513+ZAF.9.3.1...663d08ec,247.2931,0.0003
clearance,ZAF.9.3.1_1_5378+ZAF.9.3.1_1_5379+ZAF.9.3.1_1_5513+ZAF.9.3.1...663d08ec,260.3862,0.0003
greedy_arterial_buildable,ZAF.9.3.1_1_5378+ZAF.9.3.1_1_5379+ZAF.9.3.1_1_5513+ZAF.9.3.1...663d08ec,0.0000,0.0000
greedy_arterial_buildable,ZAF.9.3.1_1_5378+ZAF.9.3.1_1_5379+ZAF.9.3.1_1_5513+ZAF.9.3.1...663d08ec,6.9909,0.0001
greedy_arterial_buildable,ZAF.9.3.1_1_5378+ZAF.9.3.1_1_5379+ZAF.9.3.1_1_5513+ZAF.9.3.1...663d08ec,9.3571,0.0001
greedy_arterial_buildable,ZAF.9.3.1_1_5378+ZAF.9.3.1_1_5379+ZAF.9.3.1_1_5513+ZAF.9.3.1...663d08ec,13.0224,0.0001
greedy_arterial_buildable,ZAF.9.3.1_1_5378+ZAF.9.3.1_1_5379+ZAF.9.3.1_1_5513+ZAF.9.3.1...663d08ec,16.5927,0.0001
greedy_arterial_buildable,ZAF.9.3.1_1_5378+ZAF.9.3.1_1_5379+ZAF.9.3.1_1_5513+ZAF.9.3.1...663d08ec,18.1737,0.0001
greedy_arterial_buildable,ZAF.9.3.1_1_5378+ZAF.9.3.1_1_5379+ZAF.9.3.1_1_5513+ZAF.9.3.1...663d08ec,22.0011,0.0001
greedy_arterial_buildable,ZAF.9.3.1_1_5378+ZAF.9.3.1_1_5379+ZAF.9.3.1_1_5513+ZAF.9.3.1...663d08ec,23.9166,0.0001
greedy_arterial_buildable,ZAF.9.3.1_1_5378+ZAF.9.3.1_1_5379+ZAF.9.3.1_1_5513+ZAF.9.3.1...663d08ec,27.4099,0.0001
greedy_arterial_buildable,ZAF.9.3.1_1_5378+ZAF.9.3.1_1_5379+ZAF.9.3.1_1_5513+ZAF.9.3.1...663d08ec,29.8123,0.0001
greedy_arterial_buildable,ZAF.9.3.1_1_5378+ZAF.9.3.1_1_5379+ZAF.9.3.1_1_5513+ZAF.9.3.1...663d08ec,31.7373,0.0001
greedy_arterial_buildable,ZAF.9.3.1_1_5378+ZAF.9.3.1_1_5379+ZAF.9.3.1_1_5513+ZAF.9.3.1...663d08ec,35.8032,0.0001
greedy_arterial_buildable,ZAF.9.3.1_1_5378+ZAF.9.3.1_1_5379+ZAF.9.3.1_1_5513+ZAF.9.3.1...663d08ec,38.8602,0.0001
greedy_arterial_buildable,ZAF.9.3.1_1_5378+ZAF.9.3.1_1_5379+ZAF.9.3.1_1_5513+ZAF.9.3.1...663d08ec,42.7104,0.0001
greedy_arterial_buildable,ZAF.9.3.1_1_5378+ZAF.9.3.1_1_5379+ZAF.9.3.1_1_5513+ZAF.9.3.1...663d08ec,46.5281,0.0002
greedy_arterial_buildable,ZAF.9.3.1_1_5378+ZAF.9.3.1_1_5379+ZAF.9.3.1_1_5513+ZAF.9.3.1...663d08ec,49.5070,0.0002
greedy_arterial_buildable,ZAF.9.3.1_1_5378+ZAF.9.3.1_1_5379+ZAF.9.3.1_1_5513+ZAF.9.3.1...663d08ec,51.7232,0.0002
greedy_arterial_buildable,ZAF.9.3.1_1_5378+ZAF.9.3.1_1_5379+ZAF.9.3.1_1_5513+ZAF.9.3.1...663d08ec,55.5266,0.0003
dream_come_true,ZAF.9.3.1_1_5378+ZAF.9.3.1_1_5379+ZAF.9.3.1_1_5513+ZAF.9.3.1...663d08ec,0.0000,0.0000
dream_come_true,ZAF.9.3.1_1_5378+ZAF.9.3.1_1_5379+ZAF.9.3.1_1_5513+ZAF.9.3.1...663d08ec,6.6517,0.0000
dream_come_true,ZAF.9.3.1_1_5378+ZAF.9.3.1_1_5379+ZAF.9.3.1_1_5513+ZAF.9.3.1...663d08ec,11.3978,0.0000
dream_come_true,ZAF.9.3.1_1_5378+ZAF.9.3.1_1_5379+ZAF.9.3.1_1_5513+ZAF.9.3.1...663d08ec,12.7356,0.0000
dream_come_true,ZAF.9.3.1_1_5378+ZAF.9.3.1_1_5379+ZAF.9.3.1_1_5513+ZAF.9.3.1...663d08ec,17.9967,0.0000
dream_come_true,ZAF.9.3.1_1_5378+ZAF.9.3.1_1_5379+ZAF.9.3.1_1_5513+ZAF.9.3.1...663d08ec,19.6719,0.0000
dream_come_true,ZAF.9.3.1_1_5378+ZAF.9.3.1_1_5379+ZAF.9.3.1_1_5513+ZAF.9.3.1...663d08ec,23.9737,0.0000
dream_come_true,ZAF.9.3.1_1_5378+ZAF.9.3.1_1_5379+ZAF.9.3.1_1_5513+ZAF.9.3.1...663d08ec,27.1774,0.0000
dream_come_true,ZAF.9.3.1_1_5378+ZAF.9.3.1_1_5379+ZAF.9.3.1_1_5513+ZAF.9.3.1...663d08ec,30.0760,0.0000
dream_come_true,ZAF.9.3.1_1_5378+ZAF.9.3.1_1_5379+ZAF.9.3.1_1_5513+ZAF.9.3.1...663d08ec,33.0681,0.0000
dream_come_true,ZAF.9.3.1_1_5378+ZAF.9.3.1_1_5379+ZAF.9.3.1_1_5513+ZAF.9.3.1...663d08ec,35.4307,0.0000
dream_come_true,ZAF.9.3.1_1_5378+ZAF.9.3.1_1_5379+ZAF.9.3.1_1_5513+ZAF.9.3.1...663d08ec,39.0380,0.0000
dream_come_true,ZAF.9.3.1_1_5378+ZAF.9.3.1_1_5379+ZAF.9.3.1_1_5513+ZAF.9.3.1...663d08ec,45.1514,0.0000
dream_come_true,ZAF.9.3.1_1_5378+ZAF.9.3.1_1_5379+ZAF.9.3.1_1_5513+ZAF.9.3.1...663d08ec,48.2039,0.0000
dream_come_true,ZAF.9.3.1_1_5378+ZAF.9.3.1_1_5379+ZAF.9.3.1_1_5513+ZAF.9.3.1...663d08ec,51.1427,0.0000
dream_come_true,ZAF.9.3.1_1_5378+ZAF.9.3.1_1_5379+ZAF.9.3.1_1_5513+ZAF.9.3.1...663d08ec,51.7901,0.0000
dream_come_true,ZAF.9.3.1_1_5378+ZAF.9.3.1_1_5379+ZAF.9.3.1_1_5513+ZAF.9.3.1...663d08ec,57.4632,0.0000
dream_come_true,ZAF.9.3.1_1_5378+ZAF.9.3.1_1_5379+ZAF.9.3.1_1_5513+ZAF.9.3.1...663d08ec,60.5497,0.0000
